ibge,uf,municipio,data,data_decreto_municipal,data_reconhecimento,causa,decreto,fonte,url
1200013,AC,Acrelândia,19/08/2026,,19/08/2026,reconhecimento federal,"Portaria SEDEC/MIDR (lote: nº 2.645, nº 2.658, nº 2.659, nº 2.659, nº 2.667)","DOU (portaria SEDEC/MIDR), via notícia do MIDR",https://www.gov.br/mdr/pt-br/noticias-midr/reconhecida-emergencia-em-46-cidades-afetadas-por-desastres
1200054,AC,Assis Brasil,19/08/2026,,19/08/2026,reconhecimento federal,"Portaria SEDEC/MIDR (lote: nº 2.645, nº 2.658, nº 2.659, nº 2.659, nº 2.667)","DOU (portaria SEDEC/MIDR), via notícia do MIDR",https://www.gov.br/mdr/pt-br/noticias-midr/reconhecida-emergencia-em-46-cidades-afetadas-por-desastres
1200104,AC,Brasiléia,19/08/2026,,19/08/2026,reconhecimento federal,"Portaria SEDEC/MIDR (lote: nº 2.645, nº 2.658, nº 2.659, nº 2.659, nº 2.667)","DOU (portaria SEDEC/MIDR), via notícia do MIDR",https://www.gov.br/mdr/pt-br/noticias-midr/reconhecida-emergencia-em-46-cidades-afetadas-por-desastres
1200138,AC,Bujari,19/08/2026,,19/08/2026,reconhecimento federal,"Portaria SEDEC/MIDR (lote: nº 2.645, nº 2.658, nº 2.659, nº 2.659, nº 2.667)","DOU (portaria SEDEC/MIDR), via notícia do MIDR",https://www.gov.br/mdr/pt-br/noticias-midr/reconhecida-emergencia-em-46-cidades-afetadas-por-desastres
1200179,AC,Capixaba,19/08/2026,,19/08/2026,reconhecimento federal,"Portaria SEDEC/MIDR (lote: nº 2.645, nº 2.658, nº 2.659, nº 2.659, nº 2.667)","DOU (portaria SEDEC/MIDR), via notícia do MIDR",https://www.gov.br/mdr/pt-br/noticias-midr/reconhecida-emergencia-em-46-cidades-afetadas-por-desastres
1200203,AC,Cruzeiro do Sul,19/08/2026,,19/08/2026,reconhecimento federal,"Portaria SEDEC/MIDR (lote: nº 2.645, nº 2.658, nº 2.659, nº 2.659, nº 2.667)","DOU (portaria SEDEC/MIDR), via notícia do MIDR",https://www.gov.br/mdr/pt-br/noticias-midr/reconhecida-emergencia-em-46-cidades-afetadas-por-desastres
1200252,AC,Epitaciolândia,19/08/2026,,19/08/2026,reconhecimento federal,"Portaria SEDEC/MIDR (lote: nº 2.645, nº 2.658, nº 2.659, nº 2.659, nº 2.667)","DOU (portaria SEDEC/MIDR), via notícia do MIDR",https://www.gov.br/mdr/pt-br/noticias-midr/reconhecida-emergencia-em-46-cidades-afetadas-por-desastres
1200302,AC,Feijó,19/08/2026,,19/08/2026,reconhecimento federal,"Portaria SEDEC/MIDR (lote: nº 2.645, nº 2.658, nº 2.659, nº 2.659, nº 2.667)","DOU (portaria SEDEC/MIDR), via notícia do MIDR",https://www.gov.br/mdr/pt-br/noticias-midr/reconhecida-emergencia-em-46-cidades-afetadas-por-desastres
1200328,AC,Jordão,19/08/2026,,19/08/2026,reconhecimento federal,"Portaria SEDEC/MIDR (lote: nº 2.645, nº 2.658, nº 2.659, nº 2.659, nº 2.667)","DOU (portaria SEDEC/MIDR), via notícia do MIDR",https://www.gov.br/mdr/pt-br/noticias-midr/reconhecida-emergencia-em-46-cidades-afetadas-por-desastres
1200344,AC,Manoel Urbano,19/08/2026,,19/08/2026,reconhecimento federal,"Portaria SEDEC/MIDR (lote: nº 2.645, nº 2.658, nº 2.659, nº 2.659, nº 2.667)","DOU (portaria SEDEC/MIDR), via notícia do MIDR",https://www.gov.br/mdr/pt-br/noticias-midr/reconhecida-emergencia-em-46-cidades-afetadas-por-desastres
1200351,AC,Marechal Thaumaturgo,19/08/2026,,19/08/2026,reconhecimento federal,"Portaria SEDEC/MIDR (lote: nº 2.645, nº 2.658, nº 2.659, nº 2.659, nº 2.667)","DOU (portaria SEDEC/MIDR), via notícia do MIDR",https://www.gov.br/mdr/pt-br/noticias-midr/reconhecida-emergencia-em-46-cidades-afetadas-por-desastres
1200336,AC,Mâncio Lima,19/08/2026,,19/08/2026,reconhecimento federal,"Portaria SEDEC/MIDR (lote: nº 2.645, nº 2.658, nº 2.659, nº 2.659, nº 2.667)","DOU (portaria SEDEC/MIDR), via notícia do MIDR",https://www.gov.br/mdr/pt-br/noticias-midr/reconhecida-emergencia-em-46-cidades-afetadas-por-desastres
1200385,AC,Plácido de Castro,19/08/2026,,19/08/2026,reconhecimento federal,"Portaria SEDEC/MIDR (lote: nº 2.645, nº 2.658, nº 2.659, nº 2.659, nº 2.667)","DOU (portaria SEDEC/MIDR), via notícia do MIDR",https://www.gov.br/mdr/pt-br/noticias-midr/reconhecida-emergencia-em-46-cidades-afetadas-por-desastres
1200807,AC,Porto Acre,19/08/2026,,19/08/2026,reconhecimento federal,"Portaria SEDEC/MIDR (lote: nº 2.645, nº 2.658, nº 2.659, nº 2.659, nº 2.667)","DOU (portaria SEDEC/MIDR), via notícia do MIDR",https://www.gov.br/mdr/pt-br/noticias-midr/reconhecida-emergencia-em-46-cidades-afetadas-por-desastres
1200393,AC,Porto Walter,19/08/2026,,19/08/2026,reconhecimento federal,"Portaria SEDEC/MIDR (lote: nº 2.645, nº 2.658, nº 2.659, nº 2.659, nº 2.667)","DOU (portaria SEDEC/MIDR), via notícia do MIDR",https://www.gov.br/mdr/pt-br/noticias-midr/reconhecida-emergencia-em-46-cidades-afetadas-por-desastres
1200401,AC,Rio Branco,19/08/2026,,19/08/2026,reconhecimento federal,"Portaria SEDEC/MIDR (lote: nº 2.645, nº 2.658, nº 2.659, nº 2.659, nº 2.667)","DOU (portaria SEDEC/MIDR), via notícia do MIDR",https://www.gov.br/mdr/pt-br/noticias-midr/reconhecida-emergencia-em-46-cidades-afetadas-por-desastres
1200427,AC,Rodrigues Alves,19/08/2026,,19/08/2026,reconhecimento federal,"Portaria SEDEC/MIDR (lote: nº 2.645, nº 2.658, nº 2.659, nº 2.659, nº 2.667)","DOU (portaria SEDEC/MIDR), via notícia do MIDR",https://www.gov.br/mdr/pt-br/noticias-midr/reconhecida-emergencia-em-46-cidades-afetadas-por-desastres
1200435,AC,Santa Rosa do Purus,19/08/2026,,19/08/2026,reconhecimento federal,"Portaria SEDEC/MIDR (lote: nº 2.645, nº 2.658, nº 2.659, nº 2.659, nº 2.667)","DOU (portaria SEDEC/MIDR), via notícia do MIDR",https://www.gov.br/mdr/pt-br/noticias-midr/reconhecida-emergencia-em-46-cidades-afetadas-por-desastres
1200500,AC,Sena Madureira,19/08/2026,,19/08/2026,reconhecimento federal,"Portaria SEDEC/MIDR (lote: nº 2.645, nº 2.658, nº 2.659, nº 2.659, nº 2.667)","DOU (portaria SEDEC/MIDR), via notícia do MIDR",https://www.gov.br/mdr/pt-br/noticias-midr/reconhecida-emergencia-em-46-cidades-afetadas-por-desastres
1200609,AC,Tarauacá,19/08/2026,,19/08/2026,reconhecimento federal,"Portaria SEDEC/MIDR (lote: nº 2.645, nº 2.658, nº 2.659, nº 2.659, nº 2.667)","DOU (portaria SEDEC/MIDR), via notícia do MIDR",https://www.gov.br/mdr/pt-br/noticias-midr/reconhecida-emergencia-em-46-cidades-afetadas-por-desastres
1200708,AC,Xapuri,19/08/2026,,19/08/2026,reconhecimento federal,"Portaria SEDEC/MIDR (lote: nº 2.645, nº 2.658, nº 2.659, nº 2.659, nº 2.667)","DOU (portaria SEDEC/MIDR), via notícia do MIDR",https://www.gov.br/mdr/pt-br/noticias-midr/reconhecida-emergencia-em-46-cidades-afetadas-por-desastres
2700706,AL,BATALHA,10/09/2026,,,situação de emergência,Decreto nº 017,Diário consorciado (via Diário Oficial dos Municípios Alagoanos (AMA)),https://www-storage.voxtecnologia.com.br/?m=sigpub.publicacao&f=9878&i=publicado_115386_2026-09-09_cb1c87fe2dc834fdc859ffe464da4cc5.pdf
2700706,AL,Batalha,28/09/2026,09/09/2026,28/09/2026,reconhecimento federal,Portaria SEDEC/MIDR nº 3.264,DOU (portaria SEDEC/MIDR),https://www.in.gov.br/web/dou/-/portaria-n-3.264-de-28-de-setembro-de-2026-735107052
2700904,AL,Belo Monte,01/09/2026,,,situação de emergência,Decreto nº 031/2026,Diário consorciado (via Diário Oficial dos Municípios Alagoanos (AMA)),https://www-storage.voxtecnologia.com.br/?m=sigpub.publicacao&f=9878&i=publicado_115380_2026-08-31_dbddb3664b390e9c141432de56bf638d.pdf
2700904,AL,Belo Monte,10/09/2026,31/08/2026,10/09/2026,reconhecimento federal,"Portaria SEDEC/MIDR (lote: nº 3.003, nº 3.003, nº 3.005, nº 3.005)","DOU (portaria SEDEC/MIDR), via notícia do MIDR",https://www.gov.br/mdr/pt-br/noticias-midr/reconhecida-emergencia-em-21-cidades-afetadas-por-desastres
2701100,AL,Branquinha,30/07/2026,,,situação de emergência,Decreto municipal nº 124-2026,Diário oficial municipal (via Querido Diário),https://data.queridodiario.ok.org.br/2700000/2026-07-30/fae3ad7b73ba92c7ec55be3ad6e22b16add9f5ba.pdf
2701209,AL,Cacimbinhas,03/09/2026,25/08/2026,03/09/2026,reconhecimento federal,"Portaria SEDEC/MIDR (lote: nº 2.884, nº 2.885, nº 2.886, nº 2.890)","DOU (portaria SEDEC/MIDR), via notícia do MIDR",https://www.gov.br/mdr/pt-br/noticias-midr/reconhecida-emergencia-em-13-cidades-afetadas-por-desastres-1
2701209,AL,Cacimbinhas,26/08/2026,,,situação de emergência,Decreto municipal nº 46/2026,Diário oficial municipal (via Querido Diário),https://data.queridodiario.ok.org.br/2700000/2026-08-26/5c3c0c9f9861794dddbcc26df41572f20e09be95.pdf
2701605,AL,Canapi,25/08/2026,06/08/2026,25/08/2026,reconhecimento federal,"Portaria SEDEC/MIDR (lote: nº 2.754, nº 2.757, nº 2.758, nº 2.759)","DOU (portaria SEDEC/MIDR), via notícia do MIDR",https://www.gov.br/mdr/pt-br/noticias-midr/reconhecida-emergencia-em-24-cidades-afetadas-por-desastres-1
2701803,AL,Carneiros,16/09/2026,17/08/2026,16/09/2026,reconhecimento federal,"Portaria SEDEC/MIDR (lote: nº 3.089, nº 3.089, nº 3.092, nº 3.092, nº 3.099, nº 3.099, nº 3.100, nº 3.101, nº 3.101)","DOU (portaria SEDEC/MIDR), via notícia do MIDR",https://www.gov.br/mdr/pt-br/noticias-midr/reconhecida-emergencia-em-26-cidades-afetadas-por-desastres
2702355,AL,Craíbas,21/09/2026,01/09/2026,21/09/2026,reconhecimento federal,"Portaria SEDEC/MIDR (lote: nº 3.147, nº 3.147, nº 3.150, nº 3.151)","DOU (portaria SEDEC/MIDR), via notícia do MIDR",https://www.gov.br/mdr/pt-br/noticias-midr/reconhecida-emergencia-em-24-cidades-afetadas-por-desastres-2
2702504,AL,Dois Riachos,08/09/2026,20/08/2026,08/09/2026,reconhecimento federal,"Portaria SEDEC/MIDR (lote: nº 2.942, nº 2.943)","DOU (portaria SEDEC/MIDR), via notícia do MIDR",https://www.gov.br/mdr/pt-br/noticias-midr/reconhecida-emergencia-em-11-cidades-afetadas-por-desastres-1
2702900,AL,Girau do Ponciano,31/08/2026,15/07/2026,31/08/2026,reconhecimento federal,"Portaria SEDEC/MIDR (lote: nº 2.819, nº 2.819, nº 2.819, nº 2.823)","DOU (portaria SEDEC/MIDR), via notícia do MIDR",https://www.gov.br/mdr/pt-br/noticias-midr/reconhecida-emergencia-em-sete-cidades-afetadas-por-desastres-1
2703403,AL,Jacaré dos Homens,25/09/2026,03/09/2026,25/09/2026,reconhecimento federal,Portaria SEDEC/MIDR nº 3.250,"DOU (portaria SEDEC/MIDR), via notícia do MIDR",http://www.in.gov.br/web/dou/-/portaria-n-3.250-de-25-de-setembro-de-2026-734855198
2703700,AL,Jaramataia,01/10/2026,,01/10/2026,reconhecimento federal,Portaria SEDEC/MIDR nº 3.350,"DOU (portaria SEDEC/MIDR), via notícia do MIDR",http://www.in.gov.br/web/dou/-/portaria-n-3.350-de-1-de-outubro-de-2026-736019180
2705002,AL,Mata Grande,20/08/2026,,,situação de emergência,Decreto municipal nº 021/2026,Diário oficial municipal (via Querido Diário),https://data.queridodiario.ok.org.br/2700000/2026-08-20/4e102764fee889628566846f2565a2f6b5f86ecc.pdf
2705002,AL,Mata Grande,26/08/2026,19/08/2026,26/08/2026,reconhecimento federal,"Portaria SEDEC/MIDR (lote: nº 2.771, nº 2.772)","DOU (portaria SEDEC/MIDR), via notícia do MIDR",https://www.gov.br/mdr/pt-br/noticias-midr/reconhecida-emergencia-em-10-cidades-afetadas-por-desastres-1
2705408,AL,Monteirópolis,16/09/2026,02/09/2026,16/09/2026,reconhecimento federal,"Portaria SEDEC/MIDR (lote: nº 3.072, nº 3.073, nº 3.073, nº 3.074, nº 3.074, nº 3.084)","DOU (portaria SEDEC/MIDR), via notícia do MIDR",https://www.gov.br/mdr/pt-br/noticias-midr/reconhecida-emergencia-em-24-cidades-afetadas-por-desastres
2705705,AL,Olho d'Água das Flores,16/09/2026,,16/09/2026,reconhecimento federal,"Portaria SEDEC/MIDR (lote: nº 3.072, nº 3.073, nº 3.073, nº 3.074, nº 3.074, nº 3.084)","DOU (portaria SEDEC/MIDR), via notícia do MIDR",https://www.gov.br/mdr/pt-br/noticias-midr/reconhecida-emergencia-em-24-cidades-afetadas-por-desastres
2705804,AL,Olho d'Água do Casado,31/07/2026,,31/07/2026,reconhecimento federal,"Portaria SEDEC/MIDR (lote: nº 2.475, nº 2.475, nº 2.475, nº 2.476, nº 2.477, nº 2.477, nº 2.477)","DOU (portaria SEDEC/MIDR), via notícia do MIDR",https://www.gov.br/mdr/pt-br/noticias-midr/reconhecida-emergencia-em-seis-cidades-afetadas-por-desastres
2706000,AL,Olivença,01/10/2026,,01/10/2026,reconhecimento federal,Portaria SEDEC/MIDR nº 3.350,"DOU (portaria SEDEC/MIDR), via notícia do MIDR",http://www.in.gov.br/web/dou/-/portaria-n-3.350-de-1-de-outubro-de-2026-736019180
2706109,AL,Ouro Branco,10/07/2026,,,estiagem,"Decreto Municipal nº 022, de 10/07/2026 — declara Situação de Emergência (Estiagem, COBRADE 1.4.1.1.0); FIDE no S2iD sob protocolo AL-F-2706109-14110-20260708; reconhecimento federal em 27/07/2026 (portaria no DOU)","Diário Oficial dos Municípios do Estado de Alagoas (AMA), ed. nº 2849, 15/07/2026 — texto integral lido (julgamento humano 10/09/2026)",https://data.queridodiario.ok.org.br/2700000/2026-07-15/d36309fed9474b73af88d06702945be2aaaae903.pdf
2706109,AL,Ouro Branco,24/07/2026,10/07/2026,24/07/2026,reconhecimento federal,Portaria SEDEC/MIDR nº 2.392,DOU (portaria SEDEC/MIDR),https://www.in.gov.br/web/dou/-/portaria-n-2.392-de-24-de-julho-de-2026-721363186
2707107,AL,PIRANHAS,22/09/2026,,,situação de emergência,Decreto nº 31,Diário consorciado (via Diário Oficial dos Municípios Alagoanos (AMA)),https://www-storage.voxtecnologia.com.br/?m=sigpub.publicacao&f=9878&i=publicado_115394_2026-09-21_95c24f25f24b53477dd8cd57cf20e4d4.pdf
2707107,AL,Piranhas,01/10/2026,,01/10/2026,reconhecimento federal,Portaria SEDEC/MIDR nº 3.350,"DOU (portaria SEDEC/MIDR), via notícia do MIDR",http://www.in.gov.br/web/dou/-/portaria-n-3.350-de-1-de-outubro-de-2026-736019180
2707206,AL,Poço das Trincheiras,02/09/2026,12/08/2026,02/09/2026,reconhecimento federal,"Portaria SEDEC/MIDR (lote: nº 2.853, nº 2.855, nº 2.858, nº 2.865)","DOU (portaria SEDEC/MIDR), via notícia do MIDR",https://www.gov.br/mdr/pt-br/noticias-midr/reconhecida-emergencia-em-16-cidades-afetadas-por-desastres-2
2706406,AL,Pão de Açúcar,01/09/2026,,01/09/2026,reconhecimento federal,"Portaria SEDEC/MIDR (lote: nº 2.839, nº 2850)","DOU (portaria SEDEC/MIDR), via notícia do MIDR",https://www.gov.br/mdr/pt-br/noticias-midr/reconhecida-emergencia-em-tres-cidades-afetadas-por-desastres-2
2708956,AL,Senador Rui Palmeira,12/08/2026,09/07/2026,12/08/2026,reconhecimento federal,"Portaria SEDEC/MIDR (lote: nº 2.582, nº 2.582, nº 2.583, nº 2.584, nº 2.584, nº 2.585, nº 2.585)","DOU (portaria SEDEC/MIDR), via notícia do MIDR",https://www.gov.br/mdr/pt-br/noticias-midr/reconhecida-emergencia-em-20-cidades-afetadas-por-desastres-1
2709202,AL,Traipu,11/09/2026,,,situação de emergencia,Decreto nº 18/2026,Diário consorciado (via Diário Oficial dos Municípios Alagoanos (AMA)),https://www-storage.voxtecnologia.com.br/?m=sigpub.publicacao&f=9878&i=publicado_115387_2026-09-10_52113800a78db0528314afdef7660ec9.pdf
2709202,AL,Traipu,23/09/2026,09/09/2026,23/09/2026,reconhecimento federal,Portaria SEDEC/MIDR nº 3.172,"DOU (portaria SEDEC/MIDR), via notícia do MIDR",http://www.in.gov.br/web/dou/-/portaria-n-3.172-de-23-de-setembro-de-2026-733722339
2700102,AL,Água Branca,01/10/2026,,01/10/2026,reconhecimento federal,Portaria SEDEC/MIDR nº 3.350,"DOU (portaria SEDEC/MIDR), via notícia do MIDR",http://www.in.gov.br/web/dou/-/portaria-n-3.350-de-1-de-outubro-de-2026-736019180
2700102,AL,Água Branca,16/09/2026,,,situação de emergência,Decreto municipal nº 705,Diário oficial municipal (via Querido Diário),https://data.queridodiario.ok.org.br/2700000/2026-09-16/704d1ecbde13f5e181386a79e88c3bf1b134bbb5.pdf
1300060,AM,Amaturá,16/09/2026,,,situação de emergência,Decreto nº 391/2026-,Diário consorciado (via Diário Oficial dos Municípios do Amazonas (AAM)),https://www-storage.voxtecnologia.com.br/?m=sigpub.publicacao&f=251&i=publicado_118946_2026-09-15_21fbd6e114d302fd6c9157e16ed5ae37.pdf
1300086,AM,Anamã,12/08/2026,17/06/2026,12/08/2026,reconhecimento federal,"Portaria SEDEC/MIDR (lote: nº 2.582, nº 2.582, nº 2.583, nº 2.584, nº 2.584, nº 2.585, nº 2.585)","DOU (portaria SEDEC/MIDR), via notícia do MIDR",https://www.gov.br/mdr/pt-br/noticias-midr/reconhecida-emergencia-em-20-cidades-afetadas-por-desastres-1
1300201,AM,Atalaia do Norte,24/09/2026,04/09/2026,24/09/2026,reconhecimento federal,Portaria SEDEC/MIDR nº 3.196,DOU (portaria SEDEC/MIDR),https://www.in.gov.br/web/dou/-/portaria-n-3.196-de-24-de-setembro-de-2026-734502074
1300607,AM,Benjamin Constant,17/09/2026,26/08/2026,17/09/2026,reconhecimento federal,Portaria SEDEC/MIDR nº 3.100,"DOU (portaria SEDEC/MIDR), via notícia do MIDR",https://www.in.gov.br/web/dou/-/portaria-n-3.100-de-17-de-setembro-de-2026-732692809
1300839,AM,Caapiranga,14/08/2026,20/07/2026,14/08/2026,reconhecimento federal,"Portaria SEDEC/MIDR (lote: nº 2.606, nº 2.606, nº 2.607, nº 2.607, nº 2.608, nº 2.608, nº 2.609, nº 2.609)","DOU (portaria SEDEC/MIDR), via notícia do MIDR",https://www.gov.br/mdr/pt-br/noticias-midr/reconhecida-emergencia-em-18-cidades-afetadas-por-desastres-1
1301100,AM,Careiro,03/09/2026,12/08/2026,03/09/2026,reconhecimento federal,"Portaria SEDEC/MIDR (lote: nº 2.884, nº 2.885, nº 2.886, nº 2.890)","DOU (portaria SEDEC/MIDR), via notícia do MIDR",https://www.gov.br/mdr/pt-br/noticias-midr/reconhecida-emergencia-em-13-cidades-afetadas-por-desastres-1
1301100,AM,Careiro,21/09/2026,,,situação de emergência,Decreto nº 062/2026,Diário consorciado (via Diário Oficial dos Municípios do Amazonas (AAM)),https://www-storage.voxtecnologia.com.br/?m=sigpub.publicacao&f=251&i=publicado_118949_2026-09-18_9d3e969421d0778972bb0650a67ed344.pdf
1301407,AM,EIRUNEPÉ,23/09/2026,,,situação de emergência,Decreto nº 096,Diário consorciado (via Diário Oficial dos Municípios do Amazonas (AAM)),https://www-storage.voxtecnologia.com.br/?m=sigpub.publicacao&f=251&i=publicado_118951_2026-09-22_f89374783fbc1c1389fdc935d8566577.pdf
1301407,AM,Eirunepé,08/09/2026,,,situação de emergência,Decreto nº 095/2026/,Diário consorciado (via Diário Oficial dos Municípios do Amazonas (AAM)),https://www-storage.voxtecnologia.com.br/?m=sigpub.publicacao&f=251&i=publicado_118940_2026-09-04_9e1ed9cde6af72b7a229329950218130.pdf
1301407,AM,Eirunepé,23/09/2026,,,situação de emergência,Decreto nº 100/2026/,Diário consorciado (via Diário Oficial dos Municípios do Amazonas (AAM)),https://www-storage.voxtecnologia.com.br/?m=sigpub.publicacao&f=251&i=publicado_118951_2026-09-22_f89374783fbc1c1389fdc935d8566577.pdf
1301407,AM,Eirunepé,24/09/2026,08/09/2026,24/09/2026,reconhecimento federal,Portaria SEDEC/MIDR nº 3.196,DOU (portaria SEDEC/MIDR),https://www.in.gov.br/web/dou/-/portaria-n-3.196-de-24-de-setembro-de-2026-734502074
1301506,AM,Envira,01/10/2026,,01/10/2026,reconhecimento federal,Portaria SEDEC/MIDR nº 3.350,"DOU (portaria SEDEC/MIDR), via notícia do MIDR",http://www.in.gov.br/web/dou/-/portaria-n-3.350-de-1-de-outubro-de-2026-736019180
1301506,AM,Envira,17/09/2026,,,situação de emergência,Decreto nº 0240/2026,Diário consorciado (via Diário Oficial dos Municípios do Amazonas (AAM)),https://www-storage.voxtecnologia.com.br/?m=sigpub.publicacao&f=251&i=publicado_118947_2026-09-16_7d85f6116b9d48fb61e0619ad9b1abc3.pdf
1301605,AM,Fonte Boa,12/08/2026,16/07/2026,12/08/2026,reconhecimento federal,"Portaria SEDEC/MIDR (lote: nº 2.582, nº 2.582, nº 2.583, nº 2.584, nº 2.584, nº 2.585, nº 2.585)","DOU (portaria SEDEC/MIDR), via notícia do MIDR",https://www.gov.br/mdr/pt-br/noticias-midr/reconhecida-emergencia-em-20-cidades-afetadas-por-desastres-1
1301852,AM,Iranduba,27/08/2026,30/07/2026,27/08/2026,reconhecimento federal,Portaria SEDEC/MIDR nº 2.795,DOU (portaria SEDEC/MIDR),https://www.in.gov.br/web/dou/-/portaria-n-2.795-de-27-de-agosto-de-2026-728566397
1301951,AM,Itamarati,21/09/2026,04/09/2026,21/09/2026,reconhecimento federal,"Portaria SEDEC/MIDR (lote: nº 3.147, nº 3.147, nº 3.150, nº 3.151)","DOU (portaria SEDEC/MIDR), via notícia do MIDR",https://www.gov.br/mdr/pt-br/noticias-midr/reconhecida-emergencia-em-24-cidades-afetadas-por-desastres-2
1302306,AM,JUTAÍ,24/09/2026,,,situação de emergência,Decreto nº 28/2026,Diário consorciado (via Diário Oficial dos Municípios do Amazonas (AAM)),https://www-storage.voxtecnologia.com.br/?m=sigpub.publicacao&f=251&i=publicado_118952_2026-09-23_91066dd2659639a23e1a1bbea203a750.pdf
1302108,AM,Japurá,24/08/2026,30/06/2026,24/08/2026,reconhecimento federal,Portaria SEDEC/MIDR nº 2.735,DOU (portaria SEDEC/MIDR),https://www.in.gov.br/web/dou/-/portaria-n-2.735-de-24-de-agosto-de-2026-727755582
1302504,AM,MANACAPURU,08/09/2026,,,situação de emergência,Decreto nº 633,Diário consorciado (via Diário Oficial dos Municípios do Amazonas (AAM)),https://www-storage.voxtecnologia.com.br/?m=sigpub.publicacao&f=251&i=publicado_118940_2026-09-04_9e1ed9cde6af72b7a229329950218130.pdf
1302900,AM,MAUÉS,22/09/2026,,,situação de emergência,Decreto nº 101,Diário consorciado (via Diário Oficial dos Municípios do Amazonas (AAM)),https://www-storage.voxtecnologia.com.br/?m=sigpub.publicacao&f=251&i=publicado_118950_2026-09-21_e37b23b8060132b7a5260490556adf33.pdf
1302900,AM,MAUÉS,23/09/2026,,,situação de emergência,Decreto nº 102,Diário consorciado (via Diário Oficial dos Municípios do Amazonas (AAM)),https://www-storage.voxtecnologia.com.br/?m=sigpub.publicacao&f=251&i=publicado_118951_2026-09-22_f89374783fbc1c1389fdc935d8566577.pdf
1302504,AM,Manacapuru,28/09/2026,,,situação de emergência,Decreto nº 633,Diário consorciado (via Diário Oficial dos Municípios do Amazonas (AAM)),https://www-storage.voxtecnologia.com.br/?m=sigpub.publicacao&f=251&i=publicado_118954_2026-09-25_46dcde32689469fffe31d51821e6d167.pdf
1302504,AM,Manacapuru,29/07/2026,15/06/2026,29/07/2026,reconhecimento federal,Portaria SEDEC/MIDR nº 2.454,DOU (portaria SEDEC/MIDR),https://www.in.gov.br/web/dou/-/portaria-n-2.454-de-29-de-julho-de-2026-722126908
1302553,AM,Manaquiri,20/08/2026,25/06/2026,20/08/2026,reconhecimento federal,Portaria SEDEC/MIDR nº 2.677,DOU (portaria SEDEC/MIDR),https://www.in.gov.br/web/dou/-/portaria-n-2.677-de-20-de-agosto-de-2026-727024740
1302603,AM,Manaus,25/08/2026,06/08/2026,25/08/2026,reconhecimento federal,Portaria SEDEC/MIDR nº 2.758,DOU (portaria SEDEC/MIDR),https://www.in.gov.br/web/dou/-/portaria-n-2.758-de-25-de-agosto-de-2026-728026835
1303106,AM,Nova Olinda do Norte,14/08/2026,03/08/2026,14/08/2026,reconhecimento federal,"Portaria SEDEC/MIDR (lote: nº 2.606, nº 2.606, nº 2.607, nº 2.607, nº 2.608, nº 2.608, nº 2.609, nº 2.609)","DOU (portaria SEDEC/MIDR), via notícia do MIDR",https://www.gov.br/mdr/pt-br/noticias-midr/reconhecida-emergencia-em-18-cidades-afetadas-por-desastres-1
1303536,AM,Presidente Figueiredo,24/09/2026,,,situação de emergência,Decreto nº 3801,Diário consorciado (via Diário Oficial dos Municípios do Amazonas (AAM)),https://www-storage.voxtecnologia.com.br/?m=sigpub.publicacao&f=251&i=publicado_118952_2026-09-23_91066dd2659639a23e1a1bbea203a750.pdf
1303700,AM,SANTO ANTÔNIO DO IÇÁ,30/09/2026,,,situação de emergência,Decreto nº 043,Diário consorciado (via Diário Oficial dos Municípios do Amazonas (AAM)),https://www-storage.voxtecnologia.com.br/?m=sigpub.publicacao&f=251&i=publicado_118956_2026-09-29_9c850d343b9ae72172ce119a258b1258.pdf
1303601,AM,Santa Isabel do Rio Negro,24/07/2026,16/06/2026,24/07/2026,reconhecimento federal,Portaria SEDEC/MIDR nº 2.393,DOU (portaria SEDEC/MIDR),https://www.in.gov.br/web/dou/-/portaria-n-2.393-de-24-de-julho-de-2026-721365065
1303700,AM,Santo Antônio do Içá,06/08/2026,16/07/2026,06/08/2026,reconhecimento federal,"Portaria SEDEC/MIDR (lote: nº 2.546, nº 2.548, nº 2.548, nº 2.548, nº 2.549, nº 2.549, nº 2.553, nº 2.564)","DOU (portaria SEDEC/MIDR), via notícia do MIDR",https://www.gov.br/mdr/pt-br/noticias-midr/reconhecida-emergencia-em-oito-cidades-afetadas-por-desastres-1
1304104,AM,TAPAUÁ,02/10/2026,,,situação de emergência,Decreto nº 031/2026,Diário consorciado (via Diário Oficial dos Municípios do Amazonas (AAM)),https://www-storage.voxtecnologia.com.br/?m=sigpub.publicacao&f=251&i=publicado_118958_2026-10-01_7fc9fe12893c2105eb14a29edc135c77.pdf
1304203,AM,Tefé,02/07/2026,08/06/2026,02/07/2026,reconhecimento federal,Portaria SEDEC/MIDR nº 2.171,DOU (portaria SEDEC/MIDR),https://www.in.gov.br/web/dou/-/portaria-n-2.171-de-2-de-julho-de-2026-716685750
1304260,AM,Uarini,19/08/2026,12/06/2026,19/08/2026,reconhecimento federal,"Portaria SEDEC/MIDR (lote: nº 2.645, nº 2.658, nº 2.659, nº 2.659, nº 2.667)","DOU (portaria SEDEC/MIDR), via notícia do MIDR",https://www.gov.br/mdr/pt-br/noticias-midr/reconhecida-emergencia-em-46-cidades-afetadas-por-desastres
1304401,AM,Urucurituba,30/06/2026,23/06/2026,30/06/2026,reconhecimento federal,Portaria SEDEC/MIDR nº 2.117,DOU (portaria SEDEC/MIDR),https://www.in.gov.br/web/dou/-/portaria-n-2.117-de-30-de-junho-de-2026-716350906
1600212,AP,Cutias,30/09/2026,23/09/2026,30/09/2026,reconhecimento federal,Portaria SEDEC/MIDR nº 3.336,DOU (portaria SEDEC/MIDR),https://www.in.gov.br/web/dou/-/portaria-n-3.336-de-30-de-setembro-de-2026-735711176
2900207,BA,Abaré,09/09/2026,28/08/2026,09/09/2026,reconhecimento federal,"Portaria SEDEC/MIDR (lote: nº 2.970, nº 2.971, nº 2.972)","DOU (portaria SEDEC/MIDR), via notícia do MIDR",https://www.gov.br/mdr/pt-br/noticias-midr/reconhecida-emergencia-em-14-cidades-afetadas-por-desastres
2901205,BA,Anagé,02/07/2026,10/06/2026,02/07/2026,reconhecimento federal,Portaria SEDEC/MIDR nº 2.170,DOU (portaria SEDEC/MIDR),https://www.in.gov.br/web/dou/-/portaria-n-2.170-de-2-de-julho-de-2026-716695033
2901304,BA,Andaraí,02/09/2026,17/08/2026,02/09/2026,reconhecimento federal,"Portaria SEDEC/MIDR (lote: nº 2.853, nº 2.855, nº 2.858, nº 2.865)","DOU (portaria SEDEC/MIDR), via notícia do MIDR",https://www.gov.br/mdr/pt-br/noticias-midr/reconhecida-emergencia-em-16-cidades-afetadas-por-desastres-2
2902005,BA,Aracatu,23/07/2026,14/07/2026,23/07/2026,reconhecimento federal,Portaria SEDEC/MIDR nº 2.384,DOU (portaria SEDEC/MIDR),https://www.in.gov.br/web/dou/-/portaria-n-2.384-de-23-de-julho-de-2026-721084691
2903235,BA,Barro Alto,06/08/2026,31/07/2026,06/08/2026,reconhecimento federal,Portaria SEDEC/MIDR nº 2.546,DOU (portaria SEDEC/MIDR),https://www.in.gov.br/web/dou/-/portaria-n-2.546-de-6-de-agosto-de-2026-724098638
2903508,BA,Belo Campo,25/09/2026,10/09/2026,25/09/2026,reconhecimento federal,Portaria SEDEC/MIDR nº 3.250,"DOU (portaria SEDEC/MIDR), via notícia do MIDR",http://www.in.gov.br/web/dou/-/portaria-n-3.250-de-25-de-setembro-de-2026-734855198
2903706,BA,Boa Nova,17/08/2026,27/07/2026,17/08/2026,reconhecimento federal,"Portaria SEDEC/MIDR (lote: nº 2.622, nº 2.627)","DOU (portaria SEDEC/MIDR), via notícia do MIDR",https://www.gov.br/mdr/pt-br/noticias-midr/reconhecida-emergencia-em-10-cidades-afetadas-por-desastres
2903805,BA,Boa Vista do Tupim,23/07/2026,08/07/2026,23/07/2026,reconhecimento federal,Portaria SEDEC/MIDR nº 2.384,DOU (portaria SEDEC/MIDR),https://www.in.gov.br/web/dou/-/portaria-n-2.384-de-23-de-julho-de-2026-721084691
2903904,BA,Bom Jesus da Lapa,29/09/2026,09/09/2026,29/09/2026,reconhecimento federal,Portaria SEDEC/MIDR nº 3.299,"DOU (portaria SEDEC/MIDR), via notícia do MIDR",http://www.in.gov.br/web/dou/-/portaria-n-3.299-de-29-de-setembro-de-2026-735402625
2904506,BA,Brotas de Macaúbas,13/08/2026,,,situação de emergência,Decreto municipal nº 47/2026,Diário oficial municipal (via Querido Diário),https://data.queridodiario.ok.org.br/2904506/2026-08-13/78a73ef39ee9802b36e05e5ecf7613953fa09462.pdf
2905909,BA,Campo Alegre de Lourdes,19/08/2026,10/08/2026,19/08/2026,reconhecimento federal,"Portaria SEDEC/MIDR (lote: nº 2.645, nº 2.658, nº 2.659, nº 2.659, nº 2.667)","DOU (portaria SEDEC/MIDR), via notícia do MIDR",https://www.gov.br/mdr/pt-br/noticias-midr/reconhecida-emergencia-em-46-cidades-afetadas-por-desastres
2906600,BA,Candiba,25/09/2026,27/08/2026,25/09/2026,reconhecimento federal,Portaria SEDEC/MIDR nº 3.256,"DOU (portaria SEDEC/MIDR), via notícia do MIDR",http://www.in.gov.br/web/dou/-/portaria-n-3.256-de-25-de-setembro-de-2026-734835734
2906808,BA,Cansanção,01/10/2026,,01/10/2026,reconhecimento federal,Portaria SEDEC/MIDR nº 3.350,"DOU (portaria SEDEC/MIDR), via notícia do MIDR",http://www.in.gov.br/web/dou/-/portaria-n-3.350-de-1-de-outubro-de-2026-736019180
2906824,BA,Canudos,04/08/2026,,,situação de emergência,Decreto municipal nº 277,Diário oficial municipal (via Querido Diário),https://data.queridodiario.ok.org.br/2906824/2026-08-04/0f06e58040256fa5dc945a602268102cd17e2d61.pdf
2906824,BA,Canudos,06/08/2026,,,situação de emergência,Decreto municipal nº 277,Diário oficial municipal (via Querido Diário),https://data.queridodiario.ok.org.br/2906824/2026-08-06/7ba6e1de1d9d5625d40435afbe126d69237f6eff.pdf
2906824,BA,Canudos,10/08/2026,,,situação de emergência,Decreto municipal nº 280,Diário oficial municipal (via Querido Diário),https://data.queridodiario.ok.org.br/2906824/2026-08-10/775978154abf379f0c325ad5f0a9c83532bac324.pdf
2906824,BA,Canudos,19/08/2026,10/08/2026,19/08/2026,reconhecimento federal,"Portaria SEDEC/MIDR (lote: nº 2.645, nº 2.658, nº 2.659, nº 2.659, nº 2.667)","DOU (portaria SEDEC/MIDR), via notícia do MIDR",https://www.gov.br/mdr/pt-br/noticias-midr/reconhecida-emergencia-em-46-cidades-afetadas-por-desastres
2906857,BA,Capela do Alto Alegre,10/09/2026,01/09/2026,10/09/2026,reconhecimento federal,"Portaria SEDEC/MIDR (lote: nº 3.003, nº 3.003, nº 3.005, nº 3.005)","DOU (portaria SEDEC/MIDR), via notícia do MIDR",https://www.gov.br/mdr/pt-br/noticias-midr/reconhecida-emergencia-em-21-cidades-afetadas-por-desastres
2906899,BA,Caraíbas,23/09/2026,10/09/2026,23/09/2026,reconhecimento federal,Portaria SEDEC/MIDR nº 3.172,"DOU (portaria SEDEC/MIDR), via notícia do MIDR",http://www.in.gov.br/web/dou/-/portaria-n-3.172-de-23-de-setembro-de-2026-733722339
2907905,BA,Cipó,29/07/2026,,,situação de emergência,Decreto municipal nº 065/2026,Diário oficial municipal (via Querido Diário),https://data.queridodiario.ok.org.br/2907905/2026-07-29/a7f46ac1f263c2d5809b4278d6daaddfc99ddf76.pdf
2908705,BA,Condeúba,26/08/2026,17/08/2026,26/08/2026,reconhecimento federal,"Portaria SEDEC/MIDR (lote: nº 2.771, nº 2.772)","DOU (portaria SEDEC/MIDR), via notícia do MIDR",https://www.gov.br/mdr/pt-br/noticias-midr/reconhecida-emergencia-em-10-cidades-afetadas-por-desastres-1
2909000,BA,Cordeiros,28/09/2026,04/09/2026,28/09/2026,reconhecimento federal,Portaria SEDEC/MIDR nº 3.264,DOU (portaria SEDEC/MIDR),https://www.in.gov.br/web/dou/-/portaria-n-3.264-de-28-de-setembro-de-2026-735107052
2909901,BA,Curaçá,17/07/2026,08/07/2026,17/07/2026,reconhecimento federal,Portaria SEDEC/MIDR nº 2.345,DOU (portaria SEDEC/MIDR),https://www.in.gov.br/web/dou/-/portaria-n-2.345-de-17-de-julho-de-2026-720018074
2910107,BA,Dom Basílio,09/09/2026,06/08/2026,09/09/2026,reconhecimento federal,"Portaria SEDEC/MIDR (lote: nº 2.970, nº 2.971, nº 2.972)","DOU (portaria SEDEC/MIDR), via notícia do MIDR",https://www.gov.br/mdr/pt-br/noticias-midr/reconhecida-emergencia-em-14-cidades-afetadas-por-desastres
2910727,BA,Eunápolis,03/08/2026,14/07/2026,03/08/2026,reconhecimento federal,"Portaria SEDEC/MIDR (lote: nº 2.484, nº 2.485, nº 2.486, nº 2.486, nº 2.486)","DOU (portaria SEDEC/MIDR), via notícia do MIDR",https://www.gov.br/mdr/pt-br/noticias-midr/reconhecida-emergencia-em-18-cidades-afetadas-por-desastres
2911253,BA,Gavião,25/08/2026,10/08/2026,25/08/2026,reconhecimento federal,"Portaria SEDEC/MIDR (lote: nº 2.754, nº 2.757, nº 2.758, nº 2.759)","DOU (portaria SEDEC/MIDR), via notícia do MIDR",https://www.gov.br/mdr/pt-br/noticias-midr/reconhecida-emergencia-em-24-cidades-afetadas-por-desastres-1
2911659,BA,Guajeru,29/07/2026,03/07/2026,29/07/2026,reconhecimento federal,Portaria SEDEC/MIDR nº 2.456,DOU (portaria SEDEC/MIDR),https://www.in.gov.br/web/dou/-/portaria-n-2.456-de-29-de-julho-de-2026-722124585
2912004,BA,Ibiassucê,23/07/2026,09/07/2026,23/07/2026,reconhecimento federal,Portaria SEDEC/MIDR nº 2.384,DOU (portaria SEDEC/MIDR),https://www.in.gov.br/web/dou/-/portaria-n-2.384-de-23-de-julho-de-2026-721084691
2913002,BA,Ibitiara,01/10/2026,,01/10/2026,reconhecimento federal,Portaria SEDEC/MIDR nº 3.350,"DOU (portaria SEDEC/MIDR), via notícia do MIDR",http://www.in.gov.br/web/dou/-/portaria-n-3.350-de-1-de-outubro-de-2026-736019180
2914208,BA,Irajuba,12/08/2026,24/07/2026,12/08/2026,reconhecimento federal,"Portaria SEDEC/MIDR (lote: nº 2.582, nº 2.582, nº 2.583, nº 2.584, nº 2.584, nº 2.585, nº 2.585)","DOU (portaria SEDEC/MIDR), via notícia do MIDR",https://www.gov.br/mdr/pt-br/noticias-midr/reconhecida-emergencia-em-20-cidades-afetadas-por-desastres-1
2916005,BA,Itanhém,03/08/2026,16/07/2026,03/08/2026,reconhecimento federal,"Portaria SEDEC/MIDR (lote: nº 2.484, nº 2.485, nº 2.486, nº 2.486, nº 2.486)","DOU (portaria SEDEC/MIDR), via notícia do MIDR",https://www.gov.br/mdr/pt-br/noticias-midr/reconhecida-emergencia-em-18-cidades-afetadas-por-desastres
2916906,BA,Itiruçu,14/09/2026,02/09/2026,14/09/2026,reconhecimento federal,Portaria SEDEC/MIDR nº 3.032,DOU (portaria SEDEC/MIDR),https://www.in.gov.br/web/dou/-/portaria-n-3.032-de-14-de-setembro-de-2026-731888520
2917003,BA,Itiúba,14/08/2026,06/08/2026,14/08/2026,reconhecimento federal,"Portaria SEDEC/MIDR (lote: nº 2.606, nº 2.606, nº 2.607, nº 2.607, nº 2.608, nº 2.608, nº 2.609, nº 2.609)","DOU (portaria SEDEC/MIDR), via notícia do MIDR",https://www.gov.br/mdr/pt-br/noticias-midr/reconhecida-emergencia-em-18-cidades-afetadas-por-desastres-1
2917706,BA,Jaguarari,26/08/2026,14/08/2026,26/08/2026,reconhecimento federal,"Portaria SEDEC/MIDR (lote: nº 2.771, nº 2.772)","DOU (portaria SEDEC/MIDR), via notícia do MIDR",https://www.gov.br/mdr/pt-br/noticias-midr/reconhecida-emergencia-em-10-cidades-afetadas-por-desastres-1
2918753,BA,Lagoa Real,12/08/2026,29/07/2026,12/08/2026,reconhecimento federal,"Portaria SEDEC/MIDR (lote: nº 2.582, nº 2.582, nº 2.583, nº 2.584, nº 2.584, nº 2.585, nº 2.585)","DOU (portaria SEDEC/MIDR), via notícia do MIDR",https://www.gov.br/mdr/pt-br/noticias-midr/reconhecida-emergencia-em-20-cidades-afetadas-por-desastres-1
2919058,BA,Lajedo do Tabocal,15/07/2026,03/07/2026,15/07/2026,reconhecimento federal,Portaria SEDEC/MIDR nº 2.305,DOU (portaria SEDEC/MIDR),https://www.in.gov.br/web/dou/-/portaria-n-2.305-de-15-de-julho-de-2026-719725013
2919405,BA,Licínio de Almeida,25/09/2026,02/09/2026,25/09/2026,reconhecimento federal,Portaria SEDEC/MIDR nº 3.256,"DOU (portaria SEDEC/MIDR), via notícia do MIDR",http://www.in.gov.br/web/dou/-/portaria-n-3.256-de-25-de-setembro-de-2026-734835734
2919504,BA,Livramento de Nossa Senhora,27/07/2026,08/07/2026,27/07/2026,reconhecimento federal,Portaria SEDEC/MIDR nº 2.420,DOU (portaria SEDEC/MIDR),https://www.in.gov.br/web/dou/-/portaria-n-2.420-de-27-de-julho-de-2026-721627710
2919900,BA,Macururé,01/10/2026,,01/10/2026,reconhecimento federal,Portaria SEDEC/MIDR nº 3.350,"DOU (portaria SEDEC/MIDR), via notícia do MIDR",http://www.in.gov.br/web/dou/-/portaria-n-3.350-de-1-de-outubro-de-2026-736019180
2920106,BA,Mairi,03/09/2026,27/08/2026,03/09/2026,reconhecimento federal,"Portaria SEDEC/MIDR (lote: nº 2.884, nº 2.885, nº 2.886, nº 2.890)","DOU (portaria SEDEC/MIDR), via notícia do MIDR",https://www.gov.br/mdr/pt-br/noticias-midr/reconhecida-emergencia-em-13-cidades-afetadas-por-desastres-1
2920304,BA,Malhada de Pedras,23/07/2026,14/07/2026,23/07/2026,reconhecimento federal,Portaria SEDEC/MIDR nº 2.384,DOU (portaria SEDEC/MIDR),https://www.in.gov.br/web/dou/-/portaria-n-2.384-de-23-de-julho-de-2026-721084691
2920403,BA,Manoel Vitorino,29/07/2026,14/07/2026,29/07/2026,reconhecimento federal,Portaria SEDEC/MIDR nº 2.456,DOU (portaria SEDEC/MIDR),https://www.in.gov.br/web/dou/-/portaria-n-2.456-de-29-de-julho-de-2026-722124585
2920452,BA,Mansidão,27/07/2026,20/07/2026,27/07/2026,reconhecimento federal,Portaria SEDEC/MIDR nº 2.420,DOU (portaria SEDEC/MIDR),https://www.in.gov.br/web/dou/-/portaria-n-2.420-de-27-de-julho-de-2026-721627710
2920502,BA,Maracás,06/08/2026,29/07/2026,06/08/2026,reconhecimento federal,"Portaria SEDEC/MIDR (lote: nº 2.546, nº 2.548, nº 2.548, nº 2.548, nº 2.549, nº 2.549, nº 2.553, nº 2.564)","DOU (portaria SEDEC/MIDR), via notícia do MIDR",https://www.gov.br/mdr/pt-br/noticias-midr/reconhecida-emergencia-em-oito-cidades-afetadas-por-desastres-1
2920809,BA,Marcionílio Souza,29/07/2026,17/07/2026,29/07/2026,reconhecimento federal,Portaria SEDEC/MIDR nº 2.456,DOU (portaria SEDEC/MIDR),https://www.in.gov.br/web/dou/-/portaria-n-2.456-de-29-de-julho-de-2026-722124585
2921054,BA,Matina,19/08/2026,14/08/2026,19/08/2026,reconhecimento federal,"Portaria SEDEC/MIDR (lote: nº 2.645, nº 2.658, nº 2.659, nº 2.659, nº 2.667)","DOU (portaria SEDEC/MIDR), via notícia do MIDR",https://www.gov.br/mdr/pt-br/noticias-midr/reconhecida-emergencia-em-46-cidades-afetadas-por-desastres
2921450,BA,Mirante,25/09/2026,14/09/2026,25/09/2026,reconhecimento federal,Portaria SEDEC/MIDR nº 3.250,"DOU (portaria SEDEC/MIDR), via notícia do MIDR",http://www.in.gov.br/web/dou/-/portaria-n-3.250-de-25-de-setembro-de-2026-734855198
2921500,BA,Monte Santo,02/07/2026,17/06/2026,02/07/2026,reconhecimento federal,Portaria SEDEC/MIDR nº 2.170,DOU (portaria SEDEC/MIDR),https://www.in.gov.br/web/dou/-/portaria-n-2.170-de-2-de-julho-de-2026-716695033
2921807,BA,Mortugaba,25/09/2026,01/09/2026,25/09/2026,reconhecimento federal,Portaria SEDEC/MIDR nº 3.250,"DOU (portaria SEDEC/MIDR), via notícia do MIDR",http://www.in.gov.br/web/dou/-/portaria-n-3.250-de-25-de-setembro-de-2026-734855198
2922656,BA,Nordestina,02/09/2026,14/08/2026,02/09/2026,reconhecimento federal,"Portaria SEDEC/MIDR (lote: nº 2.853, nº 2.855, nº 2.858, nº 2.865)","DOU (portaria SEDEC/MIDR), via notícia do MIDR",https://www.gov.br/mdr/pt-br/noticias-midr/reconhecida-emergencia-em-16-cidades-afetadas-por-desastres-2
2924009,BA,Paulo Afonso,14/08/2026,29/07/2026,14/08/2026,reconhecimento federal,"Portaria SEDEC/MIDR (lote: nº 2.606, nº 2.606, nº 2.607, nº 2.607, nº 2.608, nº 2.608, nº 2.609, nº 2.609)","DOU (portaria SEDEC/MIDR), via notícia do MIDR",https://www.gov.br/mdr/pt-br/noticias-midr/reconhecida-emergencia-em-18-cidades-afetadas-por-desastres-1
2924207,BA,Pedro Alexandre,30/09/2026,28/08/2026,30/09/2026,reconhecimento federal,Portaria SEDEC/MIDR nº 3.326,DOU (portaria SEDEC/MIDR),https://www.in.gov.br/web/dou/-/portaria-n-3.326-de-30-de-setembro-de-2026-735719208
2924405,BA,Pilão Arcado,02/09/2026,10/08/2026,02/09/2026,reconhecimento federal,"Portaria SEDEC/MIDR (lote: nº 2.853, nº 2.855, nº 2.858, nº 2.865)","DOU (portaria SEDEC/MIDR), via notícia do MIDR",https://www.gov.br/mdr/pt-br/noticias-midr/reconhecida-emergencia-em-16-cidades-afetadas-por-desastres-2
2924652,BA,Pintadas,23/09/2026,09/09/2026,23/09/2026,reconhecimento federal,Portaria SEDEC/MIDR nº 3.172,"DOU (portaria SEDEC/MIDR), via notícia do MIDR",http://www.in.gov.br/web/dou/-/portaria-n-3.172-de-23-de-setembro-de-2026-733722339
2924702,BA,Piripá,17/07/2026,06/07/2026,17/07/2026,reconhecimento federal,Portaria SEDEC/MIDR nº 2.345,DOU (portaria SEDEC/MIDR),https://www.in.gov.br/web/dou/-/portaria-n-2.345-de-17-de-julho-de-2026-720018074
2924900,BA,Planaltino,15/07/2026,01/07/2026,15/07/2026,reconhecimento federal,Portaria SEDEC/MIDR nº 2.305,DOU (portaria SEDEC/MIDR),https://www.in.gov.br/web/dou/-/portaria-n-2.305-de-15-de-julho-de-2026-719725013
2925303,BA,Porto Seguro,24/08/2026,04/08/2026,24/08/2026,reconhecimento federal,Portaria SEDEC/MIDR nº 2.731,DOU (portaria SEDEC/MIDR),https://www.in.gov.br/web/dou/-/portaria-n-2.731-de-24-de-agosto-de-2026-727713385
2925105,BA,Poções,25/08/2026,18/08/2026,25/08/2026,reconhecimento federal,"Portaria SEDEC/MIDR (lote: nº 2.754, nº 2.757, nº 2.758, nº 2.759)","DOU (portaria SEDEC/MIDR), via notícia do MIDR",https://www.gov.br/mdr/pt-br/noticias-midr/reconhecida-emergencia-em-24-cidades-afetadas-por-desastres-1
2925709,BA,Presidente Jânio Quadros,29/07/2026,14/07/2026,29/07/2026,reconhecimento federal,Portaria SEDEC/MIDR nº 2.456,DOU (portaria SEDEC/MIDR),https://www.in.gov.br/web/dou/-/portaria-n-2.456-de-29-de-julho-de-2026-722124585
2926103,BA,Retirolândia,02/09/2026,17/08/2026,02/09/2026,reconhecimento federal,"Portaria SEDEC/MIDR (lote: nº 2.853, nº 2.855, nº 2.858, nº 2.865)","DOU (portaria SEDEC/MIDR), via notícia do MIDR",https://www.gov.br/mdr/pt-br/noticias-midr/reconhecida-emergencia-em-16-cidades-afetadas-por-desastres-2
2926301,BA,Riachão do Jacuípe,27/08/2026,17/08/2026,27/08/2026,reconhecimento federal,"Portaria SEDEC/MIDR (lote: nº 2.793, nº 2.794, nº 2.795, nº 2.796)","DOU (portaria SEDEC/MIDR), via notícia do MIDR",https://www.gov.br/mdr/pt-br/noticias-midr/reconhecida-emergencia-em-16-cidades-afetadas-por-desastres-1
2927606,BA,Santa Brígida,27/08/2026,20/08/2026,27/08/2026,reconhecimento federal,"Portaria SEDEC/MIDR (lote: nº 2.793, nº 2.794, nº 2.795, nº 2.796)","DOU (portaria SEDEC/MIDR), via notícia do MIDR",https://www.gov.br/mdr/pt-br/noticias-midr/reconhecida-emergencia-em-16-cidades-afetadas-por-desastres-1
2930204,BA,Sento Sé,06/07/2026,11/05/2026,06/07/2026,reconhecimento federal,Portaria SEDEC/MIDR nº 2.212,DOU (portaria SEDEC/MIDR),https://www.in.gov.br/web/dou/-/portaria-n-2.212-de-6-de-julho-de-2026-717197515
2930774,BA,Sobradinho,29/07/2026,16/07/2026,29/07/2026,reconhecimento federal,Portaria SEDEC/MIDR nº 2.456,DOU (portaria SEDEC/MIDR),https://www.in.gov.br/web/dou/-/portaria-n-2.456-de-29-de-julho-de-2026-722124585
2930758,BA,Sítio do Mato,03/08/2026,22/06/2026,03/08/2026,reconhecimento federal,"Portaria SEDEC/MIDR (lote: nº 2.484, nº 2.485, nº 2.486, nº 2.486, nº 2.486)","DOU (portaria SEDEC/MIDR), via notícia do MIDR",https://www.gov.br/mdr/pt-br/noticias-midr/reconhecida-emergencia-em-18-cidades-afetadas-por-desastres
2931004,BA,Tanhaçu,17/07/2026,19/06/2026,17/07/2026,reconhecimento federal,Portaria SEDEC/MIDR nº 2.345,DOU (portaria SEDEC/MIDR),https://www.in.gov.br/web/dou/-/portaria-n-2.345-de-17-de-julho-de-2026-720018074
2931053,BA,Tanque Novo,14/09/2026,11/08/2026,14/09/2026,reconhecimento federal,"Portaria SEDEC/MIDR (lote: nº 3.031, nº 3.032, nº 3.034)","DOU (portaria SEDEC/MIDR), via notícia do MIDR",https://www.gov.br/mdr/pt-br/noticias-midr/reconhecida-emergencia-em-19-cidades-afetadas-por-desastres
2931905,BA,Tucano,03/08/2026,15/07/2026,03/08/2026,reconhecimento federal,"Portaria SEDEC/MIDR (lote: nº 2.484, nº 2.485, nº 2.486, nº 2.486, nº 2.486)","DOU (portaria SEDEC/MIDR), via notícia do MIDR",https://www.gov.br/mdr/pt-br/noticias-midr/reconhecida-emergencia-em-18-cidades-afetadas-por-desastres
2932002,BA,Uauá,08/07/2026,17/06/2026,08/07/2026,reconhecimento federal,Portaria SEDEC/MIDR nº 2.252,DOU (portaria SEDEC/MIDR),https://www.in.gov.br/web/dou/-/portaria-n-2.252-de-8-de-julho-de-2026-717844541
2933000,BA,Valente,08/07/2026,18/06/2026,08/07/2026,reconhecimento federal,Portaria SEDEC/MIDR nº 2.252,DOU (portaria SEDEC/MIDR),https://www.in.gov.br/web/dou/-/portaria-n-2.252-de-8-de-julho-de-2026-717844541
2933406,BA,Wagner,30/09/2026,08/09/2026,30/09/2026,reconhecimento federal,Portaria SEDEC/MIDR nº 3.326,DOU (portaria SEDEC/MIDR),https://www.in.gov.br/web/dou/-/portaria-n-3.326-de-30-de-setembro-de-2026-735719208
2300309,CE,Acopiara,31/07/2026,20/07/2026,31/07/2026,reconhecimento federal,"Portaria SEDEC/MIDR (lote: nº 2.475, nº 2.475, nº 2.475, nº 2.476, nº 2.477, nº 2.477, nº 2.477)","DOU (portaria SEDEC/MIDR), via notícia do MIDR",https://www.gov.br/mdr/pt-br/noticias-midr/reconhecida-emergencia-em-seis-cidades-afetadas-por-desastres
2301307,CE,Araripe,27/07/2026,15/07/2026,27/07/2026,reconhecimento federal,Portaria SEDEC/MIDR nº 2.420,DOU (portaria SEDEC/MIDR),https://www.in.gov.br/web/dou/-/portaria-n-2.420-de-27-de-julho-de-2026-721627710
2302404,CE,Boa Viagem,17/07/2026,03/07/2026,17/07/2026,reconhecimento federal,Portaria SEDEC/MIDR nº 2.345,DOU (portaria SEDEC/MIDR),https://www.in.gov.br/web/dou/-/portaria-n-2.345-de-17-de-julho-de-2026-720018074
2302800,CE,Canindé,29/07/2026,21/07/2026,29/07/2026,reconhecimento federal,Portaria SEDEC/MIDR nº 2.456,DOU (portaria SEDEC/MIDR),https://www.in.gov.br/web/dou/-/portaria-n-2.456-de-29-de-julho-de-2026-722124585
2303659,CE,Catunda,10/09/2026,30/08/2026,10/09/2026,reconhecimento federal,"Portaria SEDEC/MIDR (lote: nº 3.003, nº 3.003, nº 3.005, nº 3.005)","DOU (portaria SEDEC/MIDR), via notícia do MIDR",https://www.gov.br/mdr/pt-br/noticias-midr/reconhecida-emergencia-em-21-cidades-afetadas-por-desastres
2303709,CE,Caucaia,06/07/2026,23/06/2026,06/07/2026,reconhecimento federal,Portaria SEDEC/MIDR nº 2.212,DOU (portaria SEDEC/MIDR),https://www.in.gov.br/web/dou/-/portaria-n-2.212-de-6-de-julho-de-2026-717197515
2304269,CE,Deputado Irapuan Pinheiro,17/07/2026,09/07/2026,17/07/2026,reconhecimento federal,Portaria SEDEC/MIDR nº 2.345,DOU (portaria SEDEC/MIDR),https://www.in.gov.br/web/dou/-/portaria-n-2.345-de-17-de-julho-de-2026-720018074
2305266,CE,Ibaretama,15/07/2026,03/07/2026,15/07/2026,reconhecimento federal,Portaria SEDEC/MIDR nº 2.305,DOU (portaria SEDEC/MIDR),https://www.in.gov.br/web/dou/-/portaria-n-2.305-de-15-de-julho-de-2026-719725013
2305605,CE,Independência,15/07/2026,23/06/2026,15/07/2026,reconhecimento federal,Portaria SEDEC/MIDR nº 2.305,DOU (portaria SEDEC/MIDR),https://www.in.gov.br/web/dou/-/portaria-n-2.305-de-15-de-julho-de-2026-719725013
2306108,CE,Irauçuba,24/08/2026,13/08/2026,24/08/2026,reconhecimento federal,Portaria SEDEC/MIDR nº 2.731,DOU (portaria SEDEC/MIDR),https://www.in.gov.br/web/dou/-/portaria-n-2.731-de-24-de-agosto-de-2026-727713385
2306306,CE,Itapajé,23/07/2026,06/07/2026,23/07/2026,reconhecimento federal,Portaria SEDEC/MIDR nº 2.384,DOU (portaria SEDEC/MIDR),https://www.in.gov.br/web/dou/-/portaria-n-2.384-de-23-de-julho-de-2026-721084691
2306603,CE,Itatira,12/08/2026,22/07/2026,12/08/2026,reconhecimento federal,"Portaria SEDEC/MIDR (lote: nº 2.582, nº 2.582, nº 2.583, nº 2.584, nº 2.584, nº 2.585, nº 2.585)","DOU (portaria SEDEC/MIDR), via notícia do MIDR",https://www.gov.br/mdr/pt-br/noticias-midr/reconhecida-emergencia-em-20-cidades-afetadas-por-desastres-1
2306801,CE,Jaguaribara,05/08/2026,20/07/2026,05/08/2026,reconhecimento federal,"Portaria SEDEC/MIDR (lote: nº 2.520, nº 2.521, nº 2.521, nº 2.521, nº 2.522)","DOU (portaria SEDEC/MIDR), via notícia do MIDR",https://www.gov.br/mdr/pt-br/noticias-midr/reconhecida-emergencia-em-sete-cidades-afetadas-por-desastres
2307635,CE,Madalena,08/07/2026,21/05/2026,08/07/2026,reconhecimento federal,Portaria SEDEC/MIDR nº 2.252,DOU (portaria SEDEC/MIDR),https://www.in.gov.br/web/dou/-/portaria-n-2.252-de-8-de-julho-de-2026-717844541
2308609,CE,Monsenhor Tabosa,24/08/2026,30/07/2026,24/08/2026,reconhecimento federal,Portaria SEDEC/MIDR nº 2.731,DOU (portaria SEDEC/MIDR),https://www.in.gov.br/web/dou/-/portaria-n-2.731-de-24-de-agosto-de-2026-727713385
2308708,CE,Morada Nova,30/06/2026,08/06/2026,30/06/2026,reconhecimento federal,Portaria SEDEC/MIDR nº 2.115,DOU (portaria SEDEC/MIDR),https://www.in.gov.br/web/dou/-/portaria-n-2.115-de-30-de-junho-de-2026-716321559
2310407,CE,Paramoti,23/07/2026,15/07/2026,23/07/2026,reconhecimento federal,Portaria SEDEC/MIDR nº 2.384,DOU (portaria SEDEC/MIDR),https://www.in.gov.br/web/dou/-/portaria-n-2.384-de-23-de-julho-de-2026-721084691
2310506,CE,Pedra Branca,21/09/2026,14/09/2026,21/09/2026,reconhecimento federal,"Portaria SEDEC/MIDR (lote: nº 3.147, nº 3.147, nº 3.150, nº 3.151)","DOU (portaria SEDEC/MIDR), via notícia do MIDR",https://www.gov.br/mdr/pt-br/noticias-midr/reconhecida-emergencia-em-24-cidades-afetadas-por-desastres-2
2311207,CE,Potengi,27/07/2026,20/07/2026,27/07/2026,reconhecimento federal,Portaria SEDEC/MIDR nº 2.420,DOU (portaria SEDEC/MIDR),https://www.in.gov.br/web/dou/-/portaria-n-2.420-de-27-de-julho-de-2026-721627710
2311231,CE,Potiretama,17/07/2026,06/07/2026,17/07/2026,reconhecimento federal,Portaria SEDEC/MIDR nº 2.345,DOU (portaria SEDEC/MIDR),https://www.in.gov.br/web/dou/-/portaria-n-2.345-de-17-de-julho-de-2026-720018074
2311405,CE,Quixeramobim,17/07/2026,03/07/2026,17/07/2026,reconhecimento federal,Portaria SEDEC/MIDR nº 2.345,DOU (portaria SEDEC/MIDR),https://www.in.gov.br/web/dou/-/portaria-n-2.345-de-17-de-julho-de-2026-720018074
2311900,CE,Saboeiro,24/08/2026,10/08/2026,24/08/2026,reconhecimento federal,Portaria SEDEC/MIDR nº 2.731,DOU (portaria SEDEC/MIDR),https://www.in.gov.br/web/dou/-/portaria-n-2.731-de-24-de-agosto-de-2026-727713385
2311959,CE,Salitre,15/07/2026,07/07/2026,15/07/2026,reconhecimento federal,Portaria SEDEC/MIDR nº 2.305,DOU (portaria SEDEC/MIDR),https://www.in.gov.br/web/dou/-/portaria-n-2.305-de-15-de-julho-de-2026-719725013
2313005,CE,Solonópole,14/09/2026,21/08/2026,14/09/2026,reconhecimento federal,"Portaria SEDEC/MIDR (lote: nº 3.031, nº 3.032, nº 3.034)","DOU (portaria SEDEC/MIDR), via notícia do MIDR",https://www.gov.br/mdr/pt-br/noticias-midr/reconhecida-emergencia-em-19-cidades-afetadas-por-desastres
5209408,GO,Guarani de Goiás,28/08/2026,19/08/2026,28/08/2026,reconhecimento federal,"Portaria SEDEC/MIDR (lote: nº 2.808, nº 2.808, nº 2.808, nº 2.809, nº 2.810, nº 2811, nº 2811, nº 2811, nº 2.814, nº 2.814, nº 2.814)","DOU (portaria SEDEC/MIDR), via notícia do MIDR",https://www.gov.br/mdr/pt-br/noticias-midr/reconhecida-emergencia-em-12-cidades-afetadas-por-desastres
5214838,GO,Nova Crixás,01/10/2026,,01/10/2026,reconhecimento federal,Portaria SEDEC/MIDR nº 3.358,"DOU (portaria SEDEC/MIDR), via notícia do MIDR",http://www.in.gov.br/web/dou/-/portaria-n-3.358-de-1-de-outubro-de-2026-736043392
2100832,MA,Apicum-Açu,02/07/2026,17/06/2026,02/07/2026,reconhecimento federal,Portaria SEDEC/MIDR nº 2.170,DOU (portaria SEDEC/MIDR),https://www.in.gov.br/web/dou/-/portaria-n-2.170-de-2-de-julho-de-2026-716695033
2101509,MA,Barão de Grajaú,16/09/2026,23/07/2026,16/09/2026,reconhecimento federal,"Portaria SEDEC/MIDR (lote: nº 3.089, nº 3.089, nº 3.092, nº 3.092, nº 3.099, nº 3.099, nº 3.100, nº 3.101, nº 3.101)","DOU (portaria SEDEC/MIDR), via notícia do MIDR",https://www.gov.br/mdr/pt-br/noticias-midr/reconhecida-emergencia-em-26-cidades-afetadas-por-desastres
2101731,MA,Belágua,21/09/2026,02/09/2026,21/09/2026,reconhecimento federal,"Portaria SEDEC/MIDR (lote: nº 3.147, nº 3.147, nº 3.150, nº 3.151)","DOU (portaria SEDEC/MIDR), via notícia do MIDR",https://www.gov.br/mdr/pt-br/noticias-midr/reconhecida-emergencia-em-24-cidades-afetadas-por-desastres-2
2104404,MA,Gonçalves Dias,08/07/2026,02/07/2026,08/07/2026,reconhecimento federal,Portaria SEDEC/MIDR nº 2.252,DOU (portaria SEDEC/MIDR),https://www.in.gov.br/web/dou/-/portaria-n-2.252-de-8-de-julho-de-2026-717844541
2105104,MA,Icatu,03/07/2026,26/06/2026,03/07/2026,reconhecimento federal,Portaria SEDEC/MIDR nº 2.200,DOU (portaria SEDEC/MIDR),https://www.in.gov.br/web/dou/-/portaria-n-2.200-de-3-de-julho-de-2026-716868342
2108256,MA,Pedro do Rosário,10/07/2026,08/05/2026,10/07/2026,reconhecimento federal,Portaria SEDEC/MIDR nº 2.267,DOU (portaria SEDEC/MIDR),https://www.in.gov.br/web/dou/-/portaria-n-2.267-de-10-de-julho-de-2026-718716536
3104502,MG,Arinos,09/09/2026,18/08/2026,09/09/2026,reconhecimento federal,"Portaria SEDEC/MIDR (lote: nº 2.970, nº 2.971, nº 2.972)","DOU (portaria SEDEC/MIDR), via notícia do MIDR",https://www.gov.br/mdr/pt-br/noticias-midr/reconhecida-emergencia-em-14-cidades-afetadas-por-desastres
3104601,MG,Astolfo Dutra,01/10/2026,,01/10/2026,reconhecimento federal,Portaria SEDEC/MIDR nº 3.349,"DOU (portaria SEDEC/MIDR), via notícia do MIDR",http://www.in.gov.br/web/dou/-/portaria-n-3.349-de-1-de-outubro-de-2026-736039714
3106655,MG,Berizal,09/09/2026,20/08/2026,09/09/2026,reconhecimento federal,Portaria SEDEC/MIDR nº 2.971,DOU (portaria SEDEC/MIDR),https://www.in.gov.br/web/dou/-/portaria-n-2.971-de-9-de-setembro-de-2026-731066103
3107307,MG,Bocaiúva,09/09/2026,11/08/2026,09/09/2026,reconhecimento federal,"Portaria SEDEC/MIDR (lote: nº 2.970, nº 2.971, nº 2.972)","DOU (portaria SEDEC/MIDR), via notícia do MIDR",https://www.gov.br/mdr/pt-br/noticias-midr/reconhecida-emergencia-em-14-cidades-afetadas-por-desastres
3107307,MG,Bocaiúva,12/08/2026,,,situação de emergência,Decreto nº 9.018/2026,Diário consorciado (via Diário Oficial dos Municípios Mineiros (AMM-MG)),https://www-storage.voxtecnologia.com.br/?m=sigpub.publicacao&f=182&i=publicado_118414_2026-08-11_039a6dcf05f4d40cb586a2a11e9eb916.pdf
3108206,MG,Bonfinópolis de Minas,28/08/2026,,,situação de emergência,Decreto nº 053,Diário consorciado (via Diário Oficial dos Municípios Mineiros (AMM-MG)),https://www-storage.voxtecnologia.com.br/?m=sigpub.publicacao&f=182&i=publicado_118426_2026-08-27_d15db01932377e77d0d7cdd38ba7c0bf.pdf
3108255,MG,Bonito de Minas,05/08/2026,10/07/2026,05/08/2026,reconhecimento federal,"Portaria SEDEC/MIDR (lote: nº 2.520, nº 2.521, nº 2.521, nº 2.521, nº 2.522)","DOU (portaria SEDEC/MIDR), via notícia do MIDR",https://www.gov.br/mdr/pt-br/noticias-midr/reconhecida-emergencia-em-sete-cidades-afetadas-por-desastres
3108503,MG,Botumirim,24/07/2026,10/07/2026,24/07/2026,reconhecimento federal,Portaria SEDEC/MIDR nº 2.391,DOU (portaria SEDEC/MIDR),https://www.in.gov.br/web/dou/-/portaria-n-2.391-de-24-de-julho-de-2026-721359587
3113107,MG,Caranaíba,03/08/2026,07/07/2026,03/08/2026,reconhecimento federal,"Portaria SEDEC/MIDR (lote: nº 2.484, nº 2.485, nº 2.486, nº 2.486, nº 2.486)","DOU (portaria SEDEC/MIDR), via notícia do MIDR",https://www.gov.br/mdr/pt-br/noticias-midr/reconhecida-emergencia-em-18-cidades-afetadas-por-desastres
3115458,MG,Catuji,01/10/2026,,01/10/2026,reconhecimento federal,Portaria SEDEC/MIDR nº 3.349,"DOU (portaria SEDEC/MIDR), via notícia do MIDR",http://www.in.gov.br/web/dou/-/portaria-n-3.349-de-1-de-outubro-de-2026-736039714
3116159,MG,Chapada Gaúcha,14/08/2026,29/07/2026,14/08/2026,reconhecimento federal,"Portaria SEDEC/MIDR (lote: nº 2.606, nº 2.606, nº 2.607, nº 2.607, nº 2.608, nº 2.608, nº 2.609, nº 2.609)","DOU (portaria SEDEC/MIDR), via notícia do MIDR",https://www.gov.br/mdr/pt-br/noticias-midr/reconhecida-emergencia-em-18-cidades-afetadas-por-desastres-1
3116605,MG,Cláudio,17/09/2026,,,situação de emergência,Decreto nº 796,Diário consorciado (via Diário Oficial dos Municípios Mineiros (AMM-MG)),https://www-storage.voxtecnologia.com.br/?m=sigpub.publicacao&f=182&i=publicado_118439_2026-09-16_08c0f049782ced1e80835e58d1f15f08.pdf
3118205,MG,Conquista,03/09/2026,,,situação de emergência,Decreto nº 1.205,Diário consorciado (via Diário Oficial dos Municípios Mineiros (AMM-MG)),https://www-storage.voxtecnologia.com.br/?m=sigpub.publicacao&f=182&i=publicado_118430_2026-09-02_17e51105a07ff001d64c3f407ec0ede2.pdf
3118601,MG,Contagem,06/07/2026,,,situação de emergência,Decreto municipal nº 1.908,Diário oficial municipal (via Querido Diário),https://data.queridodiario.ok.org.br/3118601/2026-07-06/59ad73f9e1c1195365c6bf4f3b55e59c9f4adda9.pdf
3118809,MG,Coração de Jesus,21/09/2026,,,situação de emergência,Decreto nº 72/2026,Diário consorciado (via Diário Oficial dos Municípios Mineiros (AMM-MG)),https://www-storage.voxtecnologia.com.br/?m=sigpub.publicacao&f=182&i=publicado_118441_2026-09-18_b68bb37c832fddb7373e3fb45c6d651c.pdf
3121605,MG,Diamantina,02/09/2026,12/08/2026,02/09/2026,reconhecimento federal,"Portaria SEDEC/MIDR (lote: nº 2.853, nº 2.855, nº 2.858, nº 2.865)","DOU (portaria SEDEC/MIDR), via notícia do MIDR",https://www.gov.br/mdr/pt-br/noticias-midr/reconhecida-emergencia-em-16-cidades-afetadas-por-desastres-2
3121605,MG,Diamantina,24/08/2026,,,situação de emergência,Decreto nº 427,Diário consorciado (via Diário Oficial dos Municípios Mineiros (AMM-MG)),https://www-storage.voxtecnologia.com.br/?m=sigpub.publicacao&f=182&i=publicado_121147_2026-08-24_2be64ebc17cb1c4d4f4185cbf9a1e90d.pdf
3124302,MG,Espinosa,30/09/2026,16/09/2026,30/09/2026,reconhecimento federal,Portaria SEDEC/MIDR nº 3.329,DOU (portaria SEDEC/MIDR),https://www.in.gov.br/web/dou/-/portaria-n-3.329-de-30-de-setembro-de-2026-735704693
3126703,MG,Francisco Sá,27/08/2026,05/08/2026,27/08/2026,reconhecimento federal,"Portaria SEDEC/MIDR (lote: nº 2.793, nº 2.794, nº 2.795, nº 2.796)","DOU (portaria SEDEC/MIDR), via notícia do MIDR",https://www.gov.br/mdr/pt-br/noticias-midr/reconhecida-emergencia-em-16-cidades-afetadas-por-desastres-1
3126752,MG,Franciscópolis,08/07/2026,16/06/2026,08/07/2026,reconhecimento federal,Portaria SEDEC/MIDR nº 2.247,DOU (portaria SEDEC/MIDR),https://www.in.gov.br/web/dou/-/portaria-n-2.247-de-8-de-julho-de-2026-717836463
3127800,MG,Grão Mogol,03/08/2026,27/07/2026,03/08/2026,reconhecimento federal,"Portaria SEDEC/MIDR (lote: nº 2.484, nº 2.485, nº 2.486, nº 2.486, nº 2.486)","DOU (portaria SEDEC/MIDR), via notícia do MIDR",https://www.gov.br/mdr/pt-br/noticias-midr/reconhecida-emergencia-em-18-cidades-afetadas-por-desastres
3128105,MG,Guapé,25/09/2026,19/08/2026,25/09/2026,reconhecimento federal,Portaria SEDEC/MIDR nº 3.251,"DOU (portaria SEDEC/MIDR), via notícia do MIDR",http://www.in.gov.br/web/dou/-/portaria-n-3.251-de-25-de-setembro-de-2026-734811858
3128253,MG,Guaraciama,06/07/2026,26/06/2026,06/07/2026,reconhecimento federal,Portaria SEDEC/MIDR nº 2.211,DOU (portaria SEDEC/MIDR),https://www.in.gov.br/web/dou/-/portaria-n-2.211-de-6-de-julho-de-2026-717183324
3129608,MG,Ibiaí,14/09/2026,04/08/2026,14/09/2026,reconhecimento federal,Portaria SEDEC/MIDR nº 3.031,DOU (portaria SEDEC/MIDR),https://www.in.gov.br/web/dou/-/portaria-n-3.031-de-14-de-setembro-de-2026-731808884
3134103,MG,Itueta,06/08/2026,14/07/2026,06/08/2026,reconhecimento federal,"Portaria SEDEC/MIDR (lote: nº 2.546, nº 2.548, nº 2.548, nº 2.548, nº 2.549, nº 2.549, nº 2.553, nº 2.564)","DOU (portaria SEDEC/MIDR), via notícia do MIDR",https://www.gov.br/mdr/pt-br/noticias-midr/reconhecida-emergencia-em-oito-cidades-afetadas-por-desastres-1
3135357,MG,Japonvar,24/09/2026,24/08/2026,24/09/2026,reconhecimento federal,Portaria SEDEC/MIDR nº 3.198,DOU (portaria SEDEC/MIDR),https://www.in.gov.br/web/dou/-/portaria-n-3.198-de-24-de-setembro-de-2026-734491229
3135050,MG,Jaíba,02/09/2026,13/08/2026,02/09/2026,reconhecimento federal,"Portaria SEDEC/MIDR (lote: nº 2.853, nº 2.855, nº 2.858, nº 2.865)","DOU (portaria SEDEC/MIDR), via notícia do MIDR",https://www.gov.br/mdr/pt-br/noticias-midr/reconhecida-emergencia-em-16-cidades-afetadas-por-desastres-2
3136306,MG,João Pinheiro,16/09/2026,11/08/2026,16/09/2026,reconhecimento federal,"Portaria SEDEC/MIDR (lote: nº 3.089, nº 3.089, nº 3.092, nº 3.092, nº 3.099, nº 3.099, nº 3.100, nº 3.101, nº 3.101)","DOU (portaria SEDEC/MIDR), via notícia do MIDR",https://www.gov.br/mdr/pt-br/noticias-midr/reconhecida-emergencia-em-26-cidades-afetadas-por-desastres
3136702,MG,Juiz de Fora,16/09/2026,21/08/2026,16/09/2026,reconhecimento federal,"Portaria SEDEC/MIDR (lote: nº 3.089, nº 3.089, nº 3.092, nº 3.092, nº 3.099, nº 3.099, nº 3.100, nº 3.101, nº 3.101)","DOU (portaria SEDEC/MIDR), via notícia do MIDR",https://www.gov.br/mdr/pt-br/noticias-midr/reconhecida-emergencia-em-26-cidades-afetadas-por-desastres
3136801,MG,Juramento,31/07/2026,20/07/2026,31/07/2026,reconhecimento federal,"Portaria SEDEC/MIDR (lote: nº 2.475, nº 2.475, nº 2.475, nº 2.476, nº 2.477, nº 2.477, nº 2.477)","DOU (portaria SEDEC/MIDR), via notícia do MIDR",https://www.gov.br/mdr/pt-br/noticias-midr/reconhecida-emergencia-em-seis-cidades-afetadas-por-desastres
3138682,MG,Luislândia,03/09/2026,06/08/2026,03/09/2026,reconhecimento federal,"Portaria SEDEC/MIDR (lote: nº 2.884, nº 2.885, nº 2.886, nº 2.890)","DOU (portaria SEDEC/MIDR), via notícia do MIDR",https://www.gov.br/mdr/pt-br/noticias-midr/reconhecida-emergencia-em-13-cidades-afetadas-por-desastres-1
3139250,MG,Mamonas,20/07/2026,01/07/2026,20/07/2026,reconhecimento federal,Portaria SEDEC/MIDR nº 2.357,DOU (portaria SEDEC/MIDR),https://www.in.gov.br/web/dou/-/portaria-n-2.357-de-20-de-julho-de-2026-720546114
3142700,MG,Montalvânia,12/08/2026,03/08/2026,12/08/2026,reconhecimento federal,"Portaria SEDEC/MIDR (lote: nº 2.582, nº 2.582, nº 2.583, nº 2.584, nº 2.584, nº 2.585, nº 2.585)","DOU (portaria SEDEC/MIDR), via notícia do MIDR",https://www.gov.br/mdr/pt-br/noticias-midr/reconhecida-emergencia-em-20-cidades-afetadas-por-desastres-1
3142908,MG,Monte Azul,27/07/2026,13/07/2026,27/07/2026,reconhecimento federal,Portaria SEDEC/MIDR nº 2.419,DOU (portaria SEDEC/MIDR),https://www.in.gov.br/web/dou/-/portaria-n-2.419-de-27-de-julho-de-2026-721629309
3143302,MG,Montes Claros,06/07/2026,23/06/2026,06/07/2026,reconhecimento federal,Portaria SEDEC/MIDR nº 2.211,DOU (portaria SEDEC/MIDR),https://www.in.gov.br/web/dou/-/portaria-n-2.211-de-6-de-julho-de-2026-717183324
3143450,MG,Montezuma,30/06/2026,11/06/2026,30/06/2026,reconhecimento federal,Portaria SEDEC/MIDR nº 2.140,DOU (portaria SEDEC/MIDR),https://www.in.gov.br/web/dou/-/portaria-n-2.140-de-30-de-junho-de-2026-716349756
3145059,MG,Nova Porteirinha,25/08/2026,29/07/2026,25/08/2026,reconhecimento federal,"Portaria SEDEC/MIDR (lote: nº 2.754, nº 2.757, nº 2.758, nº 2.759)","DOU (portaria SEDEC/MIDR), via notícia do MIDR",https://www.gov.br/mdr/pt-br/noticias-midr/reconhecida-emergencia-em-24-cidades-afetadas-por-desastres-1
3145307,MG,Novo Cruzeiro,27/08/2026,19/08/2026,27/08/2026,reconhecimento federal,"Portaria SEDEC/MIDR (lote: nº 2.793, nº 2.794, nº 2.795, nº 2.796)","DOU (portaria SEDEC/MIDR), via notícia do MIDR",https://www.gov.br/mdr/pt-br/noticias-midr/reconhecida-emergencia-em-16-cidades-afetadas-por-desastres-1
3145372,MG,Novorizonte,27/08/2026,07/08/2026,27/08/2026,reconhecimento federal,"Portaria SEDEC/MIDR (lote: nº 2.793, nº 2.794, nº 2.795, nº 2.796)","DOU (portaria SEDEC/MIDR), via notícia do MIDR",https://www.gov.br/mdr/pt-br/noticias-midr/reconhecida-emergencia-em-16-cidades-afetadas-por-desastres-1
3145505,MG,Olímpio Noronha,18/09/2026,08/09/2026,18/09/2026,reconhecimento federal,"Portaria SEDEC/MIDR (lote: nº 3.121, nº 3.122)","DOU (portaria SEDEC/MIDR), via notícia do MIDR",https://www.gov.br/mdr/pt-br/noticias-midr/reconhecida-emergencia-em-nove-cidades-afetadas-por-desastres
3146255,MG,Padre Carvalho,12/08/2026,16/07/2026,12/08/2026,reconhecimento federal,"Portaria SEDEC/MIDR (lote: nº 2.582, nº 2.582, nº 2.583, nº 2.584, nº 2.584, nº 2.585, nº 2.585)","DOU (portaria SEDEC/MIDR), via notícia do MIDR",https://www.gov.br/mdr/pt-br/noticias-midr/reconhecida-emergencia-em-20-cidades-afetadas-por-desastres-1
3146552,MG,Pai Pedro,27/07/2026,17/07/2026,27/07/2026,reconhecimento federal,Portaria SEDEC/MIDR nº 2.419,DOU (portaria SEDEC/MIDR),https://www.in.gov.br/web/dou/-/portaria-n-2.419-de-27-de-julho-de-2026-721629309
3150109,MG,Piau,03/07/2026,22/06/2026,03/07/2026,reconhecimento federal,Portaria SEDEC/MIDR nº 2.201,DOU (portaria SEDEC/MIDR),https://www.in.gov.br/web/dou/-/portaria-n-2.201-de-3-de-julho-de-2026-716871005
3152204,MG,Porteirinha,02/07/2026,15/06/2026,02/07/2026,reconhecimento federal,Portaria SEDEC/MIDR nº 2.172,DOU (portaria SEDEC/MIDR),https://www.in.gov.br/web/dou/-/portaria-n-2.172-de-2-de-julho-de-2026-716692270
3154507,MG,Riacho dos Machados,15/07/2026,23/06/2026,15/07/2026,reconhecimento federal,Portaria SEDEC/MIDR nº 2.303,DOU (portaria SEDEC/MIDR),https://www.in.gov.br/web/dou/-/portaria-n-2.303-de-15-de-julho-de-2026-719810584
3156502,MG,Rubelita,28/08/2026,13/08/2026,28/08/2026,reconhecimento federal,"Portaria SEDEC/MIDR (lote: nº 2.808, nº 2.808, nº 2.808, nº 2.809, nº 2.810, nº 2811, nº 2811, nº 2811, nº 2.814, nº 2.814, nº 2.814)","DOU (portaria SEDEC/MIDR), via notícia do MIDR",https://www.gov.br/mdr/pt-br/noticias-midr/reconhecida-emergencia-em-12-cidades-afetadas-por-desastres
3157005,MG,Salinas,09/07/2026,,,situação de emergência,Decreto municipal nº 11.780,Diário oficial municipal (via Querido Diário),https://data.queridodiario.ok.org.br/3157005/2026-07-09/4737ff3b50a450322b02702b0d162e2673d5235d.pdf
3157005,MG,Salinas,24/07/2026,08/07/2026,24/07/2026,reconhecimento federal,Portaria SEDEC/MIDR nº 2.391,DOU (portaria SEDEC/MIDR),https://www.in.gov.br/web/dou/-/portaria-n-2.391-de-24-de-julho-de-2026-721359587
3157104,MG,Salto da Divisa,24/07/2026,15/07/2026,24/07/2026,reconhecimento federal,Portaria SEDEC/MIDR nº 2.391,DOU (portaria SEDEC/MIDR),https://www.in.gov.br/web/dou/-/portaria-n-2.391-de-24-de-julho-de-2026-721359587
3157658,MG,Santa Helena de Minas,24/09/2026,07/09/2026,24/09/2026,reconhecimento federal,Portaria SEDEC/MIDR nº 3.198,DOU (portaria SEDEC/MIDR),https://www.in.gov.br/web/dou/-/portaria-n-3.198-de-24-de-setembro-de-2026-734491229
3160454,MG,Santo Antônio do Retiro,17/07/2026,01/07/2026,17/07/2026,reconhecimento federal,Portaria SEDEC/MIDR nº 2.342,DOU (portaria SEDEC/MIDR),https://www.in.gov.br/web/dou/-/portaria-n-2.342-de-17-de-julho-de-2026-720019750
3166956,MG,Serranópolis de Minas,29/07/2026,23/07/2026,29/07/2026,reconhecimento federal,Portaria SEDEC/MIDR nº 2.455,DOU (portaria SEDEC/MIDR),https://www.in.gov.br/web/dou/-/portaria-n-2.455-de-29-de-julho-de-2026-722136837
3165552,MG,Setubinha,27/08/2026,04/08/2026,27/08/2026,reconhecimento federal,"Portaria SEDEC/MIDR (lote: nº 2.793, nº 2.794, nº 2.795, nº 2.796)","DOU (portaria SEDEC/MIDR), via notícia do MIDR",https://www.gov.br/mdr/pt-br/noticias-midr/reconhecida-emergencia-em-16-cidades-afetadas-por-desastres-1
3162401,MG,São João da Ponte,29/07/2026,14/07/2026,29/07/2026,reconhecimento federal,Portaria SEDEC/MIDR nº 2.455,DOU (portaria SEDEC/MIDR),https://www.in.gov.br/web/dou/-/portaria-n-2.455-de-29-de-julho-de-2026-722136837
3162450,MG,São João das Missões,27/08/2026,21/08/2026,27/08/2026,reconhecimento federal,"Portaria SEDEC/MIDR (lote: nº 2.793, nº 2.794, nº 2.795, nº 2.796)","DOU (portaria SEDEC/MIDR), via notícia do MIDR",https://www.gov.br/mdr/pt-br/noticias-midr/reconhecida-emergencia-em-16-cidades-afetadas-por-desastres-1
3162708,MG,São João do Paraíso,30/06/2026,12/06/2026,30/06/2026,reconhecimento federal,Portaria SEDEC/MIDR nº 2.140,DOU (portaria SEDEC/MIDR),https://www.in.gov.br/web/dou/-/portaria-n-2.140-de-30-de-junho-de-2026-716349756
3164407,MG,São Sebastião da Bela Vista,16/09/2026,01/09/2026,16/09/2026,reconhecimento federal,"Portaria SEDEC/MIDR (lote: nº 3.072, nº 3.073, nº 3.073, nº 3.074, nº 3.074, nº 3.084)","DOU (portaria SEDEC/MIDR), via notícia do MIDR",https://www.gov.br/mdr/pt-br/noticias-midr/reconhecida-emergencia-em-24-cidades-afetadas-por-desastres
3168002,MG,Taiobeiras,11/07/2026,,,situação de emergência,Decreto municipal nº 4256,Diário oficial municipal (via Querido Diário),https://data.queridodiario.ok.org.br/3168002/2026-07-11/5155a8507affc9876f6885b004ee21c119a40a5a.pdf
3168606,MG,Teófilo Otoni,31/07/2026,,,situação de emergência,Decreto nº 79,Diário consorciado (via Diário Oficial dos Municípios Mineiros (AMM-MG)),https://www-storage.voxtecnologia.com.br/?m=sigpub.publicacao&f=182&i=publicado_118406_2026-07-30_03cf473ea8b894bc3cb8382b95b09daa.pdf
3169307,MG,Três Corações,01/10/2026,,01/10/2026,reconhecimento federal,Portaria SEDEC/MIDR nº 3.349,"DOU (portaria SEDEC/MIDR), via notícia do MIDR",http://www.in.gov.br/web/dou/-/portaria-n-3.349-de-1-de-outubro-de-2026-736039714
3170008,MG,Ubaí,03/08/2026,21/07/2026,03/08/2026,reconhecimento federal,"Portaria SEDEC/MIDR (lote: nº 2.484, nº 2.485, nº 2.486, nº 2.486, nº 2.486)","DOU (portaria SEDEC/MIDR), via notícia do MIDR",https://www.gov.br/mdr/pt-br/noticias-midr/reconhecida-emergencia-em-18-cidades-afetadas-por-desastres
3169901,MG,Ubá,28/08/2026,24/08/2026,28/08/2026,reconhecimento federal,"Portaria SEDEC/MIDR (lote: nº 2.808, nº 2.808, nº 2.808, nº 2.809, nº 2.810, nº 2811, nº 2811, nº 2811, nº 2.814, nº 2.814, nº 2.814)","DOU (portaria SEDEC/MIDR), via notícia do MIDR",https://www.gov.br/mdr/pt-br/noticias-midr/reconhecida-emergencia-em-12-cidades-afetadas-por-desastres
3170529,MG,Urucuia,14/08/2026,29/07/2026,14/08/2026,reconhecimento federal,"Portaria SEDEC/MIDR (lote: nº 2.606, nº 2.606, nº 2.607, nº 2.607, nº 2.608, nº 2.608, nº 2.609, nº 2.609)","DOU (portaria SEDEC/MIDR), via notícia do MIDR",https://www.gov.br/mdr/pt-br/noticias-midr/reconhecida-emergencia-em-18-cidades-afetadas-por-desastres-1
3171600,MG,Virgem da Lapa,03/08/2026,21/07/2026,03/08/2026,reconhecimento federal,"Portaria SEDEC/MIDR (lote: nº 2.484, nº 2.485, nº 2.486, nº 2.486, nº 2.486)","DOU (portaria SEDEC/MIDR), via notícia do MIDR",https://www.gov.br/mdr/pt-br/noticias-midr/reconhecida-emergencia-em-18-cidades-afetadas-por-desastres
5002704,MS,Campo Grande,12/09/2026,,,situação de emergência,Decreto municipal nº 16.735,Diário oficial municipal (via Querido Diário),https://data.queridodiario.ok.org.br/5002704/2026-09-12/fa85446a0fb710017838201d90f90971ac9b2506.pdf
5002704,MS,Campo Grande,15/09/2026,11/09/2026,15/09/2026,reconhecimento federal,Portaria SEDEC/MIDR (lote: nº 3.065),"DOU (portaria SEDEC/MIDR), via notícia do MIDR",https://www.gov.br/mdr/pt-br/noticias-midr/reconhecida-emergencia-na-cidade-de-campo-grande-no-mato-grosso-do-sul-atingida-por-vendaval
5004700,MS,Ivinhema,30/06/2026,19/05/2026,30/06/2026,reconhecimento federal,Portaria SEDEC/MIDR nº 2.145,DOU (portaria SEDEC/MIDR),https://www.in.gov.br/web/dou/-/portaria-n-2.145-de-30-de-junho-de-2026-716352466
,MT,Colniza,28/08/2026,,,informado pelo órgão estadual em resposta a pedido de acesso à informação,"Decreto nº 2.234, de 28/08/2026, informado pela Defesa Civil de MT em 23/09/2026; documento ainda não localizado.","Defesa Civil de MT, resposta a pedido de acesso à informação de 23/09/2026 (pedido do MARÉ)",
,MT,Itaúba,20/07/2026,,,informado pelo órgão estadual em resposta a pedido de acesso à informação,"Decreto nº 2.205, de 20/07/2026, informado pela Defesa Civil de MT em 23/09/2026; documento ainda não localizado.","Defesa Civil de MT, resposta a pedido de acesso à informação de 23/09/2026 (pedido do MARÉ)",
5104906,MT,Jangada,17/09/2026,20/08/2026,17/09/2026,reconhecimento federal,Portaria SEDEC/MIDR nº 3.099,DOU (portaria SEDEC/MIDR),https://www.in.gov.br/web/dou/-/portaria-n-3.099-de-17-de-setembro-de-2026-732615740
,MT,Várzea Grande,27/08/2026,,,informado pelo órgão estadual em resposta a pedido de acesso à informação,"Decreto nº 2.233, de 27/08/2026, informado pela Defesa Civil de MT em 23/09/2026; documento ainda não localizado.","Defesa Civil de MT, resposta a pedido de acesso à informação de 23/09/2026 (pedido do MARÉ)",
1500131,PA,Abel Figueiredo,01/10/2026,,,situação de emergência,Decreto nº 034/2026,Diário consorciado (via Diário Oficial dos Municípios do Pará (FAMEP)),https://www-storage.voxtecnologia.com.br/?m=sigpub.publicacao&f=329&i=publicado_117179_2026-09-30_60aa62b631c688e8799d3131fe2a538b.pdf
1501006,PA,Aveiro,24/07/2026,03/07/2026,24/07/2026,reconhecimento federal,Portaria SEDEC/MIDR nº 2.393,DOU (portaria SEDEC/MIDR),https://www.in.gov.br/web/dou/-/portaria-n-2.393-de-24-de-julho-de-2026-721365065
1503754,PA,Jacareacanga,03/09/2026,25/08/2026,03/09/2026,reconhecimento federal,Portaria SEDEC/MIDR nº 2.886,DOU (portaria SEDEC/MIDR),https://www.in.gov.br/web/dou/-/portaria-n-2.886-de-3-de-setembro-de-2026-730234723
1504208,PA,Marabá,28/09/2026,,,situação de emergência,Decreto nº 480/2026,Diário consorciado (via Diário Oficial dos Municípios do Pará (FAMEP)),https://www-storage.voxtecnologia.com.br/?m=sigpub.publicacao&f=329&i=publicado_117176_2026-09-25_e9454f0809b25e1d3c4f57eb9b735e77.pdf
1505486,PA,Pacajá,21/09/2026,08/09/2026,21/09/2026,reconhecimento federal,Portaria SEDEC/MIDR nº 3.151,DOU (portaria SEDEC/MIDR),https://www.in.gov.br/web/dou/-/portaria-n-3.151-de-21-de-setembro-de-2026-733209089
1506161,PA,Rio Maria,25/09/2026,16/09/2026,25/09/2026,reconhecimento federal,Portaria SEDEC/MIDR nº 3.257,"DOU (portaria SEDEC/MIDR), via notícia do MIDR",http://www.in.gov.br/web/dou/-/portaria-n-3.257-de-25-de-setembro-de-2026-734820011
1507979,PA,Terra Santa,29/07/2026,06/07/2026,29/07/2026,reconhecimento federal,Portaria SEDEC/MIDR nº 2.454,DOU (portaria SEDEC/MIDR),https://www.in.gov.br/web/dou/-/portaria-n-2.454-de-29-de-julho-de-2026-722126908
2500577,PB,Algodão de Jandaíra,15/07/2026,25/06/2026,15/07/2026,reconhecimento federal,Portaria SEDEC/MIDR nº 2.305,DOU (portaria SEDEC/MIDR),https://www.in.gov.br/web/dou/-/portaria-n-2.305-de-15-de-julho-de-2026-719725013
2501302,PB,Aroeiras,30/06/2026,05/06/2026,30/06/2026,reconhecimento federal,Portaria SEDEC/MIDR nº 2.115,DOU (portaria SEDEC/MIDR),https://www.in.gov.br/web/dou/-/portaria-n-2.115-de-30-de-junho-de-2026-716321559
2501575,PB,Barra de Santana,30/09/2026,11/09/2026,30/09/2026,reconhecimento federal,Portaria SEDEC/MIDR nº 3.326,DOU (portaria SEDEC/MIDR),https://www.in.gov.br/web/dou/-/portaria-n-3.326-de-30-de-setembro-de-2026-735719208
2502003,PB,Belém do Brejo do Cruz,27/08/2026,12/08/2026,27/08/2026,reconhecimento federal,Portaria SEDEC/MIDR nº 2.794,DOU (portaria SEDEC/MIDR),https://www.in.gov.br/web/dou/-/portaria-n-2.794-de-27-de-agosto-de-2026-728591204
2502052,PB,Bernardino Batista,23/07/2026,10/07/2026,23/07/2026,reconhecimento federal,Portaria SEDEC/MIDR nº 2.384,DOU (portaria SEDEC/MIDR),https://www.in.gov.br/web/dou/-/portaria-n-2.384-de-23-de-julho-de-2026-721084691
2502102,PB,Boa Ventura,27/08/2026,18/08/2026,27/08/2026,reconhecimento federal,Portaria SEDEC/MIDR nº 2.794,DOU (portaria SEDEC/MIDR),https://www.in.gov.br/web/dou/-/portaria-n-2.794-de-27-de-agosto-de-2026-728591204
2502151,PB,Boa Vista,04/09/2026,25/08/2026,04/09/2026,reconhecimento federal,Portaria SEDEC/MIDR nº 2.908,DOU (portaria SEDEC/MIDR),https://www.in.gov.br/web/dou/-/portaria-n-2.908-de-4-de-setembro-de-2026-730265021
2502409,PB,Bonito de Santa Fé,14/08/2026,04/08/2026,14/08/2026,reconhecimento federal,"Portaria SEDEC/MIDR (lote: nº 2.606, nº 2.606, nº 2.607, nº 2.607, nº 2.608, nº 2.608, nº 2.609, nº 2.609)","DOU (portaria SEDEC/MIDR), via notícia do MIDR",https://www.gov.br/mdr/pt-br/noticias-midr/reconhecida-emergencia-em-18-cidades-afetadas-por-desastres-1
2502508,PB,Boqueirão,25/09/2026,08/09/2026,25/09/2026,reconhecimento federal,Portaria SEDEC/MIDR nº 3.250,"DOU (portaria SEDEC/MIDR), via notícia do MIDR",http://www.in.gov.br/web/dou/-/portaria-n-3.250-de-25-de-setembro-de-2026-734855198
2502904,PB,Brejo dos Santos,25/08/2026,11/08/2026,25/08/2026,reconhecimento federal,"Portaria SEDEC/MIDR (lote: nº 2.754, nº 2.757, nº 2.758, nº 2.759)","DOU (portaria SEDEC/MIDR), via notícia do MIDR",https://www.gov.br/mdr/pt-br/noticias-midr/reconhecida-emergencia-em-24-cidades-afetadas-por-desastres-1
2503001,PB,Caaporã,27/07/2026,03/07/2026,27/07/2026,reconhecimento federal,Portaria SEDEC/MIDR nº 2.420,DOU (portaria SEDEC/MIDR),https://www.in.gov.br/web/dou/-/portaria-n-2.420-de-27-de-julho-de-2026-721627710
2503506,PB,Cacimba de Dentro,29/09/2026,10/09/2026,29/09/2026,reconhecimento federal,Portaria SEDEC/MIDR nº 3.299,"DOU (portaria SEDEC/MIDR), via notícia do MIDR",http://www.in.gov.br/web/dou/-/portaria-n-3.299-de-29-de-setembro-de-2026-735402625
2503753,PB,Cajazeirinhas,27/08/2026,20/08/2026,27/08/2026,reconhecimento federal,Portaria SEDEC/MIDR nº 2.794,DOU (portaria SEDEC/MIDR),https://www.in.gov.br/web/dou/-/portaria-n-2.794-de-27-de-agosto-de-2026-728591204
2503902,PB,Camalaú,03/08/2026,20/07/2026,03/08/2026,reconhecimento federal,"Portaria SEDEC/MIDR (lote: nº 2.484, nº 2.485, nº 2.486, nº 2.486, nº 2.486)","DOU (portaria SEDEC/MIDR), via notícia do MIDR",https://www.gov.br/mdr/pt-br/noticias-midr/reconhecida-emergencia-em-18-cidades-afetadas-por-desastres
2504074,PB,Caraúbas,28/08/2026,03/08/2026,28/08/2026,reconhecimento federal,"Portaria SEDEC/MIDR (lote: nº 2.808, nº 2.808, nº 2.808, nº 2.809, nº 2.810, nº 2811, nº 2811, nº 2811, nº 2.814, nº 2.814, nº 2.814)","DOU (portaria SEDEC/MIDR), via notícia do MIDR",https://www.gov.br/mdr/pt-br/noticias-midr/reconhecida-emergencia-em-12-cidades-afetadas-por-desastres
2504207,PB,Catingueira,03/08/2026,07/07/2026,03/08/2026,reconhecimento federal,"Portaria SEDEC/MIDR (lote: nº 2.484, nº 2.485, nº 2.486, nº 2.486, nº 2.486)","DOU (portaria SEDEC/MIDR), via notícia do MIDR",https://www.gov.br/mdr/pt-br/noticias-midr/reconhecida-emergencia-em-18-cidades-afetadas-por-desastres
2504306,PB,Catolé do Rocha,12/08/2026,17/07/2026,12/08/2026,reconhecimento federal,"Portaria SEDEC/MIDR (lote: nº 2.582, nº 2.582, nº 2.583, nº 2.584, nº 2.584, nº 2.585, nº 2.585)","DOU (portaria SEDEC/MIDR), via notícia do MIDR",https://www.gov.br/mdr/pt-br/noticias-midr/reconhecida-emergencia-em-20-cidades-afetadas-por-desastres-1
2504702,PB,Congo,12/08/2026,03/08/2026,12/08/2026,reconhecimento federal,"Portaria SEDEC/MIDR (lote: nº 2.582, nº 2.582, nº 2.583, nº 2.584, nº 2.584, nº 2.585, nº 2.585)","DOU (portaria SEDEC/MIDR), via notícia do MIDR",https://www.gov.br/mdr/pt-br/noticias-midr/reconhecida-emergencia-em-20-cidades-afetadas-por-desastres-1
2504850,PB,Coxixola,09/09/2026,26/08/2026,09/09/2026,reconhecimento federal,"Portaria SEDEC/MIDR (lote: nº 2.970, nº 2.971, nº 2.972)","DOU (portaria SEDEC/MIDR), via notícia do MIDR",https://www.gov.br/mdr/pt-br/noticias-midr/reconhecida-emergencia-em-14-cidades-afetadas-por-desastres
2505402,PB,Desterro,24/07/2026,28/05/2026,24/07/2026,reconhecimento federal,Portaria SEDEC/MIDR nº 2.392,DOU (portaria SEDEC/MIDR),https://www.in.gov.br/web/dou/-/portaria-n-2.392-de-24-de-julho-de-2026-721363186
2505709,PB,Dona Inês,17/07/2026,06/07/2026,17/07/2026,reconhecimento federal,Portaria SEDEC/MIDR nº 2.345,DOU (portaria SEDEC/MIDR),https://www.in.gov.br/web/dou/-/portaria-n-2.345-de-17-de-julho-de-2026-720018074
2506202,PB,Frei Martinho,25/08/2026,13/08/2026,25/08/2026,reconhecimento federal,"Portaria SEDEC/MIDR (lote: nº 2.754, nº 2.757, nº 2.758, nº 2.759)","DOU (portaria SEDEC/MIDR), via notícia do MIDR",https://www.gov.br/mdr/pt-br/noticias-midr/reconhecida-emergencia-em-24-cidades-afetadas-por-desastres-1
2507002,PB,Itaporanga,08/09/2026,31/08/2026,08/09/2026,reconhecimento federal,"Portaria SEDEC/MIDR (lote: nº 2.942, nº 2.943)","DOU (portaria SEDEC/MIDR), via notícia do MIDR",https://www.gov.br/mdr/pt-br/noticias-midr/reconhecida-emergencia-em-11-cidades-afetadas-por-desastres-1
2508406,PB,Lastro,27/07/2026,08/07/2026,27/07/2026,reconhecimento federal,Portaria SEDEC/MIDR nº 2.420,DOU (portaria SEDEC/MIDR),https://www.in.gov.br/web/dou/-/portaria-n-2.420-de-27-de-julho-de-2026-721627710
2509107,PB,Mari,30/06/2026,02/06/2026,30/06/2026,reconhecimento federal,Portaria SEDEC/MIDR nº 2.115,DOU (portaria SEDEC/MIDR),https://www.in.gov.br/web/dou/-/portaria-n-2.115-de-30-de-junho-de-2026-716321559
2509339,PB,Matinhas,21/09/2026,19/08/2026,21/09/2026,reconhecimento federal,"Portaria SEDEC/MIDR (lote: nº 3.147, nº 3.147, nº 3.150, nº 3.151)","DOU (portaria SEDEC/MIDR), via notícia do MIDR",https://www.gov.br/mdr/pt-br/noticias-midr/reconhecida-emergencia-em-24-cidades-afetadas-por-desastres-2
2509404,PB,Mogeiro,21/09/2026,25/08/2026,21/09/2026,reconhecimento federal,"Portaria SEDEC/MIDR (lote: nº 3.147, nº 3.147, nº 3.150, nº 3.151)","DOU (portaria SEDEC/MIDR), via notícia do MIDR",https://www.gov.br/mdr/pt-br/noticias-midr/reconhecida-emergencia-em-24-cidades-afetadas-por-desastres-2
2509503,PB,Montadas,28/09/2026,,,situação de emergência,Decreto nº 229,Diário consorciado (via Diário Oficial dos Municípios da Paraíba (FAMUP)),https://www-storage.voxtecnologia.com.br/?m=sigpub.publicacao&f=334&i=publicado_121347_2026-09-28_a25060d57d8f894a304252af91941dd0.pdf
2509602,PB,Monte Horebe,25/08/2026,17/08/2026,25/08/2026,reconhecimento federal,"Portaria SEDEC/MIDR (lote: nº 2.754, nº 2.757, nº 2.758, nº 2.759)","DOU (portaria SEDEC/MIDR), via notícia do MIDR",https://www.gov.br/mdr/pt-br/noticias-midr/reconhecida-emergencia-em-24-cidades-afetadas-por-desastres-1
2509701,PB,Monteiro,10/09/2026,02/09/2026,10/09/2026,reconhecimento federal,"Portaria SEDEC/MIDR (lote: nº 3.003, nº 3.003, nº 3.005, nº 3.005)","DOU (portaria SEDEC/MIDR), via notícia do MIDR",https://www.gov.br/mdr/pt-br/noticias-midr/reconhecida-emergencia-em-21-cidades-afetadas-por-desastres
2510204,PB,Nova Olinda,26/08/2026,04/08/2026,26/08/2026,reconhecimento federal,"Portaria SEDEC/MIDR (lote: nº 2.771, nº 2.772)","DOU (portaria SEDEC/MIDR), via notícia do MIDR",https://www.gov.br/mdr/pt-br/noticias-midr/reconhecida-emergencia-em-10-cidades-afetadas-por-desastres-1
2510600,PB,OURO VELHO,15/09/2026,,,situação de emergência,Decreto nº 011,Diário consorciado (via Diário Oficial dos Municípios da Paraíba (FAMUP)),https://www-storage.voxtecnologia.com.br/?m=sigpub.publicacao&f=334&i=publicado_115135_2026-09-14_6528913e0e41bbb0c6a6192e60776b04.pdf
2510659,PB,Parari,23/09/2026,02/09/2026,23/09/2026,reconhecimento federal,Portaria SEDEC/MIDR nº 3.172,"DOU (portaria SEDEC/MIDR), via notícia do MIDR",http://www.in.gov.br/web/dou/-/portaria-n-3.172-de-23-de-setembro-de-2026-733722339
2511400,PB,Picuí,25/09/2026,14/09/2026,25/09/2026,reconhecimento federal,Portaria SEDEC/MIDR nº 3.256,"DOU (portaria SEDEC/MIDR), via notícia do MIDR",http://www.in.gov.br/web/dou/-/portaria-n-3.256-de-25-de-setembro-de-2026-734835734
2512002,PB,Pocinhos,21/08/2026,23/07/2026,21/08/2026,reconhecimento federal,"Portaria SEDEC/MIDR (lote: nº 2.704, nº 2.705)","DOU (portaria SEDEC/MIDR), via notícia do MIDR",https://www.gov.br/mdr/pt-br/noticias-midr/reconhecida-emergencia-em-15-cidades-afetadas-por-desastres-1
2512101,PB,Pombal,02/09/2026,04/08/2026,02/09/2026,reconhecimento federal,"Portaria SEDEC/MIDR (lote: nº 2.853, nº 2.855, nº 2.858, nº 2.865)","DOU (portaria SEDEC/MIDR), via notícia do MIDR",https://www.gov.br/mdr/pt-br/noticias-midr/reconhecida-emergencia-em-16-cidades-afetadas-por-desastres-2
2512606,PB,Quixabá,17/07/2026,08/07/2026,17/07/2026,reconhecimento federal,Portaria SEDEC/MIDR nº 2.345,DOU (portaria SEDEC/MIDR),https://www.in.gov.br/web/dou/-/portaria-n-2.345-de-17-de-julho-de-2026-720018074
2512705,PB,Remígio,14/08/2026,08/07/2026,14/08/2026,reconhecimento federal,"Portaria SEDEC/MIDR (lote: nº 2.606, nº 2.606, nº 2.607, nº 2.607, nº 2.608, nº 2.608, nº 2.609, nº 2.609)","DOU (portaria SEDEC/MIDR), via notícia do MIDR",https://www.gov.br/mdr/pt-br/noticias-midr/reconhecida-emergencia-em-18-cidades-afetadas-por-desastres-1
2513158,PB,Santa Cecília,23/07/2026,06/07/2026,23/07/2026,reconhecimento federal,Portaria SEDEC/MIDR nº 2.384,DOU (portaria SEDEC/MIDR),https://www.in.gov.br/web/dou/-/portaria-n-2.384-de-23-de-julho-de-2026-721084691
2513505,PB,Santana de Mangueira,16/09/2026,27/08/2026,16/09/2026,reconhecimento federal,"Portaria SEDEC/MIDR (lote: nº 3.089, nº 3.089, nº 3.092, nº 3.092, nº 3.099, nº 3.099, nº 3.100, nº 3.101, nº 3.101)","DOU (portaria SEDEC/MIDR), via notícia do MIDR",https://www.gov.br/mdr/pt-br/noticias-midr/reconhecida-emergencia-em-26-cidades-afetadas-por-desastres
2513604,PB,Santana dos Garrotes,29/09/2026,10/09/2026,29/09/2026,reconhecimento federal,Portaria SEDEC/MIDR nº 3.299,"DOU (portaria SEDEC/MIDR), via notícia do MIDR",http://www.in.gov.br/web/dou/-/portaria-n-3.299-de-29-de-setembro-de-2026-735402625
2513851,PB,Santo André,27/07/2026,14/07/2026,27/07/2026,reconhecimento federal,Portaria SEDEC/MIDR nº 2.420,DOU (portaria SEDEC/MIDR),https://www.in.gov.br/web/dou/-/portaria-n-2.420-de-27-de-julho-de-2026-721627710
2516003,PB,Solânea,24/08/2026,15/07/2026,24/08/2026,reconhecimento federal,Portaria SEDEC/MIDR nº 2.731,DOU (portaria SEDEC/MIDR),https://www.in.gov.br/web/dou/-/portaria-n-2.731-de-24-de-agosto-de-2026-727713385
2516151,PB,Sossêgo,18/09/2026,,,situação de emergência,Decreto nº 053/2026-,Diário consorciado (via Diário Oficial dos Municípios da Paraíba (FAMUP)),https://www-storage.voxtecnologia.com.br/?m=sigpub.publicacao&f=334&i=publicado_115138_2026-09-17_4c55c0ca4513b732bbb24131a91bf9ad.pdf
2516300,PB,Sumé,08/09/2026,24/08/2026,08/09/2026,reconhecimento federal,"Portaria SEDEC/MIDR (lote: nº 2.942, nº 2.943)","DOU (portaria SEDEC/MIDR), via notícia do MIDR",https://www.gov.br/mdr/pt-br/noticias-midr/reconhecida-emergencia-em-11-cidades-afetadas-por-desastres-1
2513984,PB,São Francisco,12/08/2026,31/07/2026,12/08/2026,reconhecimento federal,"Portaria SEDEC/MIDR (lote: nº 2.582, nº 2.582, nº 2.583, nº 2.584, nº 2.584, nº 2.585, nº 2.585)","DOU (portaria SEDEC/MIDR), via notícia do MIDR",https://www.gov.br/mdr/pt-br/noticias-midr/reconhecida-emergencia-em-20-cidades-afetadas-por-desastres-1
2514404,PB,São José de Espinharas,25/08/2026,06/08/2026,25/08/2026,reconhecimento federal,"Portaria SEDEC/MIDR (lote: nº 2.754, nº 2.757, nº 2.758, nº 2.759)","DOU (portaria SEDEC/MIDR), via notícia do MIDR",https://www.gov.br/mdr/pt-br/noticias-midr/reconhecida-emergencia-em-24-cidades-afetadas-por-desastres-1
2514701,PB,São José do Sabugi,27/07/2026,14/07/2026,27/07/2026,reconhecimento federal,Portaria SEDEC/MIDR nº 2.420,DOU (portaria SEDEC/MIDR),https://www.in.gov.br/web/dou/-/portaria-n-2.420-de-27-de-julho-de-2026-721627710
2514008,PB,São João do Cariri,23/07/2026,16/07/2026,23/07/2026,reconhecimento federal,Portaria SEDEC/MIDR nº 2.384,DOU (portaria SEDEC/MIDR),https://www.in.gov.br/web/dou/-/portaria-n-2.384-de-23-de-julho-de-2026-721084691
2514909,PB,São Mamede,12/08/2026,22/07/2026,12/08/2026,reconhecimento federal,"Portaria SEDEC/MIDR (lote: nº 2.582, nº 2.582, nº 2.583, nº 2.584, nº 2.584, nº 2.585, nº 2.585)","DOU (portaria SEDEC/MIDR), via notícia do MIDR",https://www.gov.br/mdr/pt-br/noticias-midr/reconhecida-emergencia-em-20-cidades-afetadas-por-desastres-1
2515005,PB,São Miguel de Taipu,17/09/2026,,,situação de emergência,Decreto nº 30/2026,Diário consorciado (via Diário Oficial dos Municípios da Paraíba (FAMUP)),https://www-storage.voxtecnologia.com.br/?m=sigpub.publicacao&f=334&i=publicado_115137_2026-09-16_05f6f84c722754cf0c0eaa3099963a66.pdf
2515401,PB,São Vicente do Seridó,14/09/2026,08/09/2026,14/09/2026,reconhecimento federal,"Portaria SEDEC/MIDR (lote: nº 3.031, nº 3.032, nº 3.034)","DOU (portaria SEDEC/MIDR), via notícia do MIDR",https://www.gov.br/mdr/pt-br/noticias-midr/reconhecida-emergencia-em-19-cidades-afetadas-por-desastres
2517209,PB,VIEIRÓPOLIS,04/09/2026,,,situação de emergência,Decreto nº 836,Diário consorciado (via Diário Oficial dos Municípios da Paraíba (FAMUP)),https://www-storage.voxtecnologia.com.br/?m=sigpub.publicacao&f=334&i=publicado_115129_2026-09-03_d3ae688587357dd9ab0fe2e7bf71125f.pdf
2517209,PB,Vieirópolis,21/09/2026,20/08/2026,21/09/2026,reconhecimento federal,"Portaria SEDEC/MIDR (lote: nº 3.147, nº 3.147, nº 3.150, nº 3.151)","DOU (portaria SEDEC/MIDR), via notícia do MIDR",https://www.gov.br/mdr/pt-br/noticias-midr/reconhecida-emergencia-em-24-cidades-afetadas-por-desastres-2
2517100,PB,Várzea,21/08/2026,14/08/2026,21/08/2026,reconhecimento federal,"Portaria SEDEC/MIDR (lote: nº 2.704, nº 2.705)","DOU (portaria SEDEC/MIDR), via notícia do MIDR",https://www.gov.br/mdr/pt-br/noticias-midr/reconhecida-emergencia-em-15-cidades-afetadas-por-desastres-1
2600807,PE,Altinho,15/07/2026,25/06/2026,15/07/2026,reconhecimento federal,Portaria SEDEC/MIDR nº 2.305,DOU (portaria SEDEC/MIDR),https://www.in.gov.br/web/dou/-/portaria-n-2.305-de-15-de-julho-de-2026-719725013
2601904,PE,Bezerros,06/07/2026,22/06/2026,06/07/2026,reconhecimento federal,Portaria SEDEC/MIDR nº 2.212,DOU (portaria SEDEC/MIDR),https://www.in.gov.br/web/dou/-/portaria-n-2.212-de-6-de-julho-de-2026-717197515
2602209,PE,Bom Jardim,30/06/2026,22/06/2026,30/06/2026,reconhecimento federal,Portaria SEDEC/MIDR nº 2.115,DOU (portaria SEDEC/MIDR),https://www.in.gov.br/web/dou/-/portaria-n-2.115-de-30-de-junho-de-2026-716321559
2603108,PE,Cachoeirinha,08/07/2026,26/06/2026,08/07/2026,reconhecimento federal,Portaria SEDEC/MIDR nº 2.252,DOU (portaria SEDEC/MIDR),https://www.in.gov.br/web/dou/-/portaria-n-2.252-de-8-de-julho-de-2026-717844541
2603306,PE,Calçado,15/07/2026,16/06/2026,15/07/2026,reconhecimento federal,Portaria SEDEC/MIDR nº 2.305,DOU (portaria SEDEC/MIDR),https://www.in.gov.br/web/dou/-/portaria-n-2.305-de-15-de-julho-de-2026-719725013
2604106,PE,Caruaru,06/07/2026,30/06/2026,06/07/2026,reconhecimento federal,Portaria SEDEC/MIDR nº 2.212,DOU (portaria SEDEC/MIDR),https://www.in.gov.br/web/dou/-/portaria-n-2.212-de-6-de-julho-de-2026-717197515
2604155,PE,Casinhas,06/07/2026,29/06/2026,06/07/2026,reconhecimento federal,Portaria SEDEC/MIDR nº 2.212,DOU (portaria SEDEC/MIDR),https://www.in.gov.br/web/dou/-/portaria-n-2.212-de-6-de-julho-de-2026-717197515
2604908,PE,Cumaru,23/07/2026,25/06/2026,23/07/2026,reconhecimento federal,Portaria SEDEC/MIDR nº 2.384,DOU (portaria SEDEC/MIDR),https://www.in.gov.br/web/dou/-/portaria-n-2.384-de-23-de-julho-de-2026-721084691
2605806,PE,Frei Miguelinho,15/07/2026,26/06/2026,15/07/2026,reconhecimento federal,Portaria SEDEC/MIDR nº 2.305,DOU (portaria SEDEC/MIDR),https://www.in.gov.br/web/dou/-/portaria-n-2.305-de-15-de-julho-de-2026-719725013
2606200,PE,Goiana,03/07/2026,28/06/2026,03/07/2026,reconhecimento federal,Portaria SEDEC/MIDR nº 2.200,DOU (portaria SEDEC/MIDR),https://www.in.gov.br/web/dou/-/portaria-n-2.200-de-3-de-julho-de-2026-716868342
2606408,PE,Gravatá,15/07/2026,29/06/2026,15/07/2026,reconhecimento federal,Portaria SEDEC/MIDR nº 2.305,DOU (portaria SEDEC/MIDR),https://www.in.gov.br/web/dou/-/portaria-n-2.305-de-15-de-julho-de-2026-719725013
2607505,PE,ITAÍBA,22/09/2026,,,situação de emergência,Decreto nº 40/2026,Diário consorciado (via Diário Oficial dos Municípios de Pernambuco (AMUPE)),https://www-storage.voxtecnologia.com.br/?m=sigpub.publicacao&f=365&i=publicado_115902_2026-09-21_12d6b7b7a662230e646194b5f5329802.pdf
2606705,PE,Ibirajuba,06/07/2026,22/06/2026,06/07/2026,reconhecimento federal,Portaria SEDEC/MIDR nº 2.212,DOU (portaria SEDEC/MIDR),https://www.in.gov.br/web/dou/-/portaria-n-2.212-de-6-de-julho-de-2026-717197515
2607000,PE,Inajá,14/08/2026,06/08/2026,14/08/2026,reconhecimento federal,"Portaria SEDEC/MIDR (lote: nº 2.606, nº 2.606, nº 2.607, nº 2.607, nº 2.608, nº 2.608, nº 2.609, nº 2.609)","DOU (portaria SEDEC/MIDR), via notícia do MIDR",https://www.gov.br/mdr/pt-br/noticias-midr/reconhecida-emergencia-em-18-cidades-afetadas-por-desastres-1
2607406,PE,Itacuruba,17/08/2026,03/08/2026,17/08/2026,reconhecimento federal,"Portaria SEDEC/MIDR (lote: nº 2.622, nº 2.627)","DOU (portaria SEDEC/MIDR), via notícia do MIDR",https://www.gov.br/mdr/pt-br/noticias-midr/reconhecida-emergencia-em-10-cidades-afetadas-por-desastres
2608107,PE,João Alfredo,15/07/2026,22/06/2026,15/07/2026,reconhecimento federal,Portaria SEDEC/MIDR nº 2.305,DOU (portaria SEDEC/MIDR),https://www.in.gov.br/web/dou/-/portaria-n-2.305-de-15-de-julho-de-2026-719725013
2608255,PE,Jucati,15/07/2026,08/06/2026,15/07/2026,reconhecimento federal,Portaria SEDEC/MIDR nº 2.305,DOU (portaria SEDEC/MIDR),https://www.in.gov.br/web/dou/-/portaria-n-2.305-de-15-de-julho-de-2026-719725013
2608800,PE,Lajedo,17/07/2026,22/06/2026,17/07/2026,reconhecimento federal,Portaria SEDEC/MIDR nº 2.345,DOU (portaria SEDEC/MIDR),https://www.in.gov.br/web/dou/-/portaria-n-2.345-de-17-de-julho-de-2026-720018074
2608909,PE,Limoeiro,06/07/2026,25/06/2026,06/07/2026,reconhecimento federal,Portaria SEDEC/MIDR nº 2.212,DOU (portaria SEDEC/MIDR),https://www.in.gov.br/web/dou/-/portaria-n-2.212-de-6-de-julho-de-2026-717197515
2608909,PE,Limoeiro,20/07/2026,06/07/2026,20/07/2026,reconhecimento federal,Portaria SEDEC/MIDR nº 2.358,DOU (portaria SEDEC/MIDR),https://www.in.gov.br/web/dou/-/portaria-n-2.358-de-20-de-julho-de-2026-720533474
2609501,PE,Nazaré da Mata,24/07/2026,28/06/2026,24/07/2026,reconhecimento federal,Portaria SEDEC/MIDR nº 2.392,DOU (portaria SEDEC/MIDR),https://www.in.gov.br/web/dou/-/portaria-n-2.392-de-24-de-julho-de-2026-721363186
2609709,PE,Orobó,10/07/2026,22/06/2026,10/07/2026,reconhecimento federal,Portaria SEDEC/MIDR nº 2.267,DOU (portaria SEDEC/MIDR),https://www.in.gov.br/web/dou/-/portaria-n-2.267-de-10-de-julho-de-2026-718716536
2610509,PE,Passira,29/07/2026,16/07/2026,29/07/2026,reconhecimento federal,Portaria SEDEC/MIDR nº 2.456,DOU (portaria SEDEC/MIDR),https://www.in.gov.br/web/dou/-/portaria-n-2.456-de-29-de-julho-de-2026-722124585
2611309,PE,Pombos,08/07/2026,30/06/2026,08/07/2026,reconhecimento federal,Portaria SEDEC/MIDR nº 2.252,DOU (portaria SEDEC/MIDR),https://www.in.gov.br/web/dou/-/portaria-n-2.252-de-8-de-julho-de-2026-717844541
2611705,PE,Riacho das Almas,08/07/2026,23/06/2026,08/07/2026,reconhecimento federal,Portaria SEDEC/MIDR nº 2.252,DOU (portaria SEDEC/MIDR),https://www.in.gov.br/web/dou/-/portaria-n-2.252-de-8-de-julho-de-2026-717844541
2612000,PE,Sairé,15/07/2026,30/06/2026,15/07/2026,reconhecimento federal,Portaria SEDEC/MIDR nº 2.305,DOU (portaria SEDEC/MIDR),https://www.in.gov.br/web/dou/-/portaria-n-2.305-de-15-de-julho-de-2026-719725013
2612406,PE,Sanharó,30/09/2026,04/09/2026,30/09/2026,reconhecimento federal,Portaria SEDEC/MIDR nº 3.326,DOU (portaria SEDEC/MIDR),https://www.in.gov.br/web/dou/-/portaria-n-3.326-de-30-de-setembro-de-2026-735719208
2612703,PE,Santa Maria do Cambucá,06/07/2026,23/06/2026,06/07/2026,reconhecimento federal,Portaria SEDEC/MIDR nº 2.212,DOU (portaria SEDEC/MIDR),https://www.in.gov.br/web/dou/-/portaria-n-2.212-de-6-de-julho-de-2026-717197515
2614501,PE,Surubim,20/07/2026,29/06/2026,20/07/2026,reconhecimento federal,Portaria SEDEC/MIDR nº 2.358,DOU (portaria SEDEC/MIDR),https://www.in.gov.br/web/dou/-/portaria-n-2.358-de-20-de-julho-de-2026-720533474
2612901,PE,São Benedito do Sul,08/07/2026,27/06/2026,08/07/2026,reconhecimento federal,Portaria SEDEC/MIDR nº 2.252,DOU (portaria SEDEC/MIDR),https://www.in.gov.br/web/dou/-/portaria-n-2.252-de-8-de-julho-de-2026-717844541
2613107,PE,São Caetano,23/07/2026,15/07/2026,23/07/2026,reconhecimento federal,Portaria SEDEC/MIDR nº 2.384,DOU (portaria SEDEC/MIDR),https://www.in.gov.br/web/dou/-/portaria-n-2.384-de-23-de-julho-de-2026-721084691
2613602,PE,São José do Egito,06/08/2026,31/07/2026,06/08/2026,reconhecimento federal,"Portaria SEDEC/MIDR (lote: nº 2.546, nº 2.548, nº 2.548, nº 2.548, nº 2.549, nº 2.549, nº 2.553, nº 2.564)","DOU (portaria SEDEC/MIDR), via notícia do MIDR",https://www.gov.br/mdr/pt-br/noticias-midr/reconhecida-emergencia-em-oito-cidades-afetadas-por-desastres-1
2613800,PE,São Vicente Ferrer,17/07/2026,01/07/2026,17/07/2026,reconhecimento federal,Portaria SEDEC/MIDR nº 2.345,DOU (portaria SEDEC/MIDR),https://www.in.gov.br/web/dou/-/portaria-n-2.345-de-17-de-julho-de-2026-720018074
2614709,PE,Tacaimbó,08/07/2026,19/06/2026,08/07/2026,reconhecimento federal,Portaria SEDEC/MIDR nº 2.252,DOU (portaria SEDEC/MIDR),https://www.in.gov.br/web/dou/-/portaria-n-2.252-de-8-de-julho-de-2026-717844541
2614857,PE,Tamandaré,28/09/2026,,,situação de emergência,Decreto nº 031/2026/,Diário consorciado (via Diário Oficial dos Municípios de Pernambuco (AMUPE)),https://www-storage.voxtecnologia.com.br/?m=sigpub.publicacao&f=365&i=publicado_115906_2026-09-25_4e8e4456351e18900c1975a38867f4e0.pdf
2615102,PE,Terezinha,06/07/2026,22/06/2026,06/07/2026,reconhecimento federal,Portaria SEDEC/MIDR nº 2.212,DOU (portaria SEDEC/MIDR),https://www.in.gov.br/web/dou/-/portaria-n-2.212-de-6-de-julho-de-2026-717197515
2615300,PE,Timbaúba,06/07/2026,29/06/2026,06/07/2026,reconhecimento federal,Portaria SEDEC/MIDR nº 2.212,DOU (portaria SEDEC/MIDR),https://www.in.gov.br/web/dou/-/portaria-n-2.212-de-6-de-julho-de-2026-717197515
2615409,PE,Toritama,08/07/2026,23/06/2026,08/07/2026,reconhecimento federal,Portaria SEDEC/MIDR nº 2.252,DOU (portaria SEDEC/MIDR),https://www.in.gov.br/web/dou/-/portaria-n-2.252-de-8-de-julho-de-2026-717844541
2616183,PE,Vertente do Lério,15/07/2026,26/06/2026,15/07/2026,reconhecimento federal,Portaria SEDEC/MIDR nº 2.305,DOU (portaria SEDEC/MIDR),https://www.in.gov.br/web/dou/-/portaria-n-2.305-de-15-de-julho-de-2026-719725013
2616209,PE,Vertentes,08/07/2026,30/06/2026,08/07/2026,reconhecimento federal,Portaria SEDEC/MIDR nº 2.252,DOU (portaria SEDEC/MIDR),https://www.in.gov.br/web/dou/-/portaria-n-2.252-de-8-de-julho-de-2026-717844541
2200053,PI,Acauã,08/09/2026,24/08/2026,08/09/2026,reconhecimento federal,"Portaria SEDEC/MIDR (lote: nº 2.942, nº 2.943)","DOU (portaria SEDEC/MIDR), via notícia do MIDR",https://www.gov.br/mdr/pt-br/noticias-midr/reconhecida-emergencia-em-11-cidades-afetadas-por-desastres-1
2200251,PI,Alagoinha do Piauí,23/09/2026,24/08/2026,23/09/2026,reconhecimento federal,Portaria SEDEC/MIDR nº 3.172,"DOU (portaria SEDEC/MIDR), via notícia do MIDR",http://www.in.gov.br/web/dou/-/portaria-n-3.172-de-23-de-setembro-de-2026-733722339
2201556,PI,Bela Vista do Piauí,21/09/2026,24/08/2026,21/09/2026,reconhecimento federal,Portaria SEDEC/MIDR nº 3.150,DOU (portaria SEDEC/MIDR),https://www.in.gov.br/web/dou/-/portaria-n-3.150-de-21-de-setembro-de-2026-733225632
2201572,PI,Belém do Piauí,16/09/2026,24/08/2026,16/09/2026,reconhecimento federal,"Portaria SEDEC/MIDR (lote: nº 3.089, nº 3.089, nº 3.092, nº 3.092, nº 3.099, nº 3.099, nº 3.100, nº 3.101, nº 3.101)","DOU (portaria SEDEC/MIDR), via notícia do MIDR",https://www.gov.br/mdr/pt-br/noticias-midr/reconhecida-emergencia-em-26-cidades-afetadas-por-desastres
2201739,PI,Betânia do Piauí,16/09/2026,24/08/2026,16/09/2026,reconhecimento federal,"Portaria SEDEC/MIDR (lote: nº 3.089, nº 3.089, nº 3.092, nº 3.092, nº 3.099, nº 3.099, nº 3.100, nº 3.101, nº 3.101)","DOU (portaria SEDEC/MIDR), via notícia do MIDR",https://www.gov.br/mdr/pt-br/noticias-midr/reconhecida-emergencia-em-26-cidades-afetadas-por-desastres
2201988,PI,Brejo do Piauí,16/09/2026,08/09/2026,16/09/2026,reconhecimento federal,"Portaria SEDEC/MIDR (lote: nº 3.089, nº 3.089, nº 3.092, nº 3.092, nº 3.099, nº 3.099, nº 3.100, nº 3.101, nº 3.101)","DOU (portaria SEDEC/MIDR), via notícia do MIDR",https://www.gov.br/mdr/pt-br/noticias-midr/reconhecida-emergencia-em-26-cidades-afetadas-por-desastres
2202091,PI,Caldeirão Grande do Piauí,21/09/2026,24/08/2026,21/09/2026,reconhecimento federal,Portaria SEDEC/MIDR nº 3.150,DOU (portaria SEDEC/MIDR),https://www.in.gov.br/web/dou/-/portaria-n-3.150-de-21-de-setembro-de-2026-733225632
2202109,PI,Campinas do Piauí,16/09/2026,24/08/2026,16/09/2026,reconhecimento federal,"Portaria SEDEC/MIDR (lote: nº 3.089, nº 3.089, nº 3.092, nº 3.092, nº 3.099, nº 3.099, nº 3.100, nº 3.101, nº 3.101)","DOU (portaria SEDEC/MIDR), via notícia do MIDR",https://www.gov.br/mdr/pt-br/noticias-midr/reconhecida-emergencia-em-26-cidades-afetadas-por-desastres
2202117,PI,Campo Alegre do Fidalgo,16/09/2026,24/08/2026,16/09/2026,reconhecimento federal,"Portaria SEDEC/MIDR (lote: nº 3.089, nº 3.089, nº 3.092, nº 3.092, nº 3.099, nº 3.099, nº 3.100, nº 3.101, nº 3.101)","DOU (portaria SEDEC/MIDR), via notícia do MIDR",https://www.gov.br/mdr/pt-br/noticias-midr/reconhecida-emergencia-em-26-cidades-afetadas-por-desastres
2202133,PI,Campo Grande do Piauí,16/09/2026,24/08/2026,16/09/2026,reconhecimento federal,"Portaria SEDEC/MIDR (lote: nº 3.089, nº 3.089, nº 3.092, nº 3.092, nº 3.099, nº 3.099, nº 3.100, nº 3.101, nº 3.101)","DOU (portaria SEDEC/MIDR), via notícia do MIDR",https://www.gov.br/mdr/pt-br/noticias-midr/reconhecida-emergencia-em-26-cidades-afetadas-por-desastres
2202778,PI,Colônia do Piauí,21/09/2026,24/08/2026,21/09/2026,reconhecimento federal,Portaria SEDEC/MIDR nº 3.150,DOU (portaria SEDEC/MIDR),https://www.in.gov.br/web/dou/-/portaria-n-3.150-de-21-de-setembro-de-2026-733225632
2203404,PI,Dom Expedito Lopes,16/09/2026,24/08/2026,16/09/2026,reconhecimento federal,"Portaria SEDEC/MIDR (lote: nº 3.089, nº 3.089, nº 3.092, nº 3.092, nº 3.099, nº 3.099, nº 3.100, nº 3.101, nº 3.101)","DOU (portaria SEDEC/MIDR), via notícia do MIDR",https://www.gov.br/mdr/pt-br/noticias-midr/reconhecida-emergencia-em-26-cidades-afetadas-por-desastres
2203602,PI,Eliseu Martins,16/09/2026,24/08/2026,16/09/2026,reconhecimento federal,"Portaria SEDEC/MIDR (lote: nº 3.072, nº 3.073, nº 3.073, nº 3.074, nº 3.074, nº 3.084)","DOU (portaria SEDEC/MIDR), via notícia do MIDR",https://www.gov.br/mdr/pt-br/noticias-midr/reconhecida-emergencia-em-24-cidades-afetadas-por-desastres
2203750,PI,Fartura do Piauí,08/09/2026,24/08/2026,08/09/2026,reconhecimento federal,"Portaria SEDEC/MIDR (lote: nº 2.942, nº 2.943)","DOU (portaria SEDEC/MIDR), via notícia do MIDR",https://www.gov.br/mdr/pt-br/noticias-midr/reconhecida-emergencia-em-11-cidades-afetadas-por-desastres-1
2203859,PI,Floresta do Piauí,16/09/2026,31/08/2026,16/09/2026,reconhecimento federal,"Portaria SEDEC/MIDR (lote: nº 3.089, nº 3.089, nº 3.092, nº 3.092, nº 3.099, nº 3.099, nº 3.100, nº 3.101, nº 3.101)","DOU (portaria SEDEC/MIDR), via notícia do MIDR",https://www.gov.br/mdr/pt-br/noticias-midr/reconhecida-emergencia-em-26-cidades-afetadas-por-desastres
2204154,PI,Francisco Macedo,14/09/2026,24/08/2026,14/09/2026,reconhecimento federal,"Portaria SEDEC/MIDR (lote: nº 3.031, nº 3.032, nº 3.034)","DOU (portaria SEDEC/MIDR), via notícia do MIDR",https://www.gov.br/mdr/pt-br/noticias-midr/reconhecida-emergencia-em-19-cidades-afetadas-por-desastres
2204303,PI,Fronteiras,27/07/2026,13/07/2026,27/07/2026,reconhecimento federal,Portaria SEDEC/MIDR nº 2.420,DOU (portaria SEDEC/MIDR),https://www.in.gov.br/web/dou/-/portaria-n-2.420-de-27-de-julho-de-2026-721627710
2204352,PI,Geminiano,10/09/2026,24/08/2026,10/09/2026,reconhecimento federal,"Portaria SEDEC/MIDR (lote: nº 3.003, nº 3.003, nº 3.005, nº 3.005)","DOU (portaria SEDEC/MIDR), via notícia do MIDR",https://www.gov.br/mdr/pt-br/noticias-midr/reconhecida-emergencia-em-21-cidades-afetadas-por-desastres
2204402,PI,Gilbués,23/09/2026,24/08/2026,23/09/2026,reconhecimento federal,Portaria SEDEC/MIDR nº 3.172,"DOU (portaria SEDEC/MIDR), via notícia do MIDR",http://www.in.gov.br/web/dou/-/portaria-n-3.172-de-23-de-setembro-de-2026-733722339
2204907,PI,Isaías Coelho,10/09/2026,24/08/2026,10/09/2026,reconhecimento federal,"Portaria SEDEC/MIDR (lote: nº 3.003, nº 3.003, nº 3.005, nº 3.005)","DOU (portaria SEDEC/MIDR), via notícia do MIDR",https://www.gov.br/mdr/pt-br/noticias-midr/reconhecida-emergencia-em-21-cidades-afetadas-por-desastres
2205003,PI,Itainópolis,23/07/2026,06/07/2026,23/07/2026,reconhecimento federal,Portaria SEDEC/MIDR nº 2.384,DOU (portaria SEDEC/MIDR),https://www.in.gov.br/web/dou/-/portaria-n-2.384-de-23-de-julho-de-2026-721084691
2205102,PI,Itaueira,09/09/2026,24/08/2026,09/09/2026,reconhecimento federal,"Portaria SEDEC/MIDR (lote: nº 2.970, nº 2.971, nº 2.972)","DOU (portaria SEDEC/MIDR), via notícia do MIDR",https://www.gov.br/mdr/pt-br/noticias-midr/reconhecida-emergencia-em-14-cidades-afetadas-por-desastres
2205151,PI,Jacobina do Piauí,14/09/2026,24/08/2026,14/09/2026,reconhecimento federal,"Portaria SEDEC/MIDR (lote: nº 3.031, nº 3.032, nº 3.034)","DOU (portaria SEDEC/MIDR), via notícia do MIDR",https://www.gov.br/mdr/pt-br/noticias-midr/reconhecida-emergencia-em-19-cidades-afetadas-por-desastres
2205359,PI,João Costa,16/09/2026,24/08/2026,16/09/2026,reconhecimento federal,"Portaria SEDEC/MIDR (lote: nº 3.089, nº 3.089, nº 3.092, nº 3.092, nº 3.099, nº 3.099, nº 3.100, nº 3.101, nº 3.101)","DOU (portaria SEDEC/MIDR), via notícia do MIDR",https://www.gov.br/mdr/pt-br/noticias-midr/reconhecida-emergencia-em-26-cidades-afetadas-por-desastres
2205524,PI,Júlio Borges,24/09/2026,02/09/2026,24/09/2026,reconhecimento federal,Portaria SEDEC/MIDR nº 3.197,DOU (portaria SEDEC/MIDR),https://www.in.gov.br/web/dou/-/portaria-n-3.197-de-24-de-setembro-de-2026-734433578
2205953,PI,Marcolândia,30/06/2026,01/06/2026,30/06/2026,reconhecimento federal,Portaria SEDEC/MIDR nº 2.115,DOU (portaria SEDEC/MIDR),https://www.in.gov.br/web/dou/-/portaria-n-2.115-de-30-de-junho-de-2026-716321559
2206050,PI,Massapê do Piauí,28/08/2026,19/08/2026,28/08/2026,reconhecimento federal,"Portaria SEDEC/MIDR (lote: nº 2.808, nº 2.808, nº 2.808, nº 2.809, nº 2.810, nº 2811, nº 2811, nº 2811, nº 2.814, nº 2.814, nº 2.814)","DOU (portaria SEDEC/MIDR), via notícia do MIDR",https://www.gov.br/mdr/pt-br/noticias-midr/reconhecida-emergencia-em-12-cidades-afetadas-por-desastres
2206902,PI,Novo Oriente do Piauí,14/09/2026,24/08/2026,14/09/2026,reconhecimento federal,"Portaria SEDEC/MIDR (lote: nº 3.031, nº 3.032, nº 3.034)","DOU (portaria SEDEC/MIDR), via notícia do MIDR",https://www.gov.br/mdr/pt-br/noticias-midr/reconhecida-emergencia-em-19-cidades-afetadas-por-desastres
2206951,PI,Novo Santo Antônio,21/09/2026,24/08/2026,21/09/2026,reconhecimento federal,Portaria SEDEC/MIDR nº 3.150,DOU (portaria SEDEC/MIDR),https://www.in.gov.br/web/dou/-/portaria-n-3.150-de-21-de-setembro-de-2026-733225632
2207207,PI,Padre Marcos,17/08/2026,27/07/2026,17/08/2026,reconhecimento federal,"Portaria SEDEC/MIDR (lote: nº 2.622, nº 2.627)","DOU (portaria SEDEC/MIDR), via notícia do MIDR",https://www.gov.br/mdr/pt-br/noticias-midr/reconhecida-emergencia-em-10-cidades-afetadas-por-desastres
2207306,PI,Paes Landim,08/09/2026,24/08/2026,08/09/2026,reconhecimento federal,"Portaria SEDEC/MIDR (lote: nº 2.942, nº 2.943)","DOU (portaria SEDEC/MIDR), via notícia do MIDR",https://www.gov.br/mdr/pt-br/noticias-midr/reconhecida-emergencia-em-11-cidades-afetadas-por-desastres-1
2207355,PI,Pajeú do Piauí,10/09/2026,24/08/2026,10/09/2026,reconhecimento federal,"Portaria SEDEC/MIDR (lote: nº 3.003, nº 3.003, nº 3.005, nº 3.005)","DOU (portaria SEDEC/MIDR), via notícia do MIDR",https://www.gov.br/mdr/pt-br/noticias-midr/reconhecida-emergencia-em-21-cidades-afetadas-por-desastres
2207553,PI,Paquetá,23/09/2026,24/08/2026,23/09/2026,reconhecimento federal,Portaria SEDEC/MIDR nº 3.172,"DOU (portaria SEDEC/MIDR), via notícia do MIDR",http://www.in.gov.br/web/dou/-/portaria-n-3.172-de-23-de-setembro-de-2026-733722339
2207801,PI,Paulistana,28/08/2026,18/08/2026,28/08/2026,reconhecimento federal,"Portaria SEDEC/MIDR (lote: nº 2.808, nº 2.808, nº 2.808, nº 2.809, nº 2.810, nº 2811, nº 2811, nº 2811, nº 2.814, nº 2.814, nº 2.814)","DOU (portaria SEDEC/MIDR), via notícia do MIDR",https://www.gov.br/mdr/pt-br/noticias-midr/reconhecida-emergencia-em-12-cidades-afetadas-por-desastres
2208007,PI,Picos,23/07/2026,24/06/2026,23/07/2026,reconhecimento federal,Portaria SEDEC/MIDR nº 2.384,DOU (portaria SEDEC/MIDR),https://www.in.gov.br/web/dou/-/portaria-n-2.384-de-23-de-julho-de-2026-721084691
2208106,PI,Pimenteiras,16/09/2026,24/08/2026,16/09/2026,reconhecimento federal,"Portaria SEDEC/MIDR (lote: nº 3.072, nº 3.073, nº 3.073, nº 3.074, nº 3.074, nº 3.084)","DOU (portaria SEDEC/MIDR), via notícia do MIDR",https://www.gov.br/mdr/pt-br/noticias-midr/reconhecida-emergencia-em-24-cidades-afetadas-por-desastres
2208205,PI,Pio IX,12/08/2026,05/08/2026,12/08/2026,reconhecimento federal,"Portaria SEDEC/MIDR (lote: nº 2.582, nº 2.582, nº 2.583, nº 2.584, nº 2.584, nº 2.585, nº 2.585)","DOU (portaria SEDEC/MIDR), via notícia do MIDR",https://www.gov.br/mdr/pt-br/noticias-midr/reconhecida-emergencia-em-20-cidades-afetadas-por-desastres-1
2208858,PI,Riacho Frio,16/09/2026,24/08/2026,16/09/2026,reconhecimento federal,"Portaria SEDEC/MIDR (lote: nº 3.089, nº 3.089, nº 3.092, nº 3.092, nº 3.099, nº 3.099, nº 3.100, nº 3.101, nº 3.101)","DOU (portaria SEDEC/MIDR), via notícia do MIDR",https://www.gov.br/mdr/pt-br/noticias-midr/reconhecida-emergencia-em-26-cidades-afetadas-por-desastres
2208874,PI,Ribeira do Piauí,25/09/2026,24/08/2026,25/09/2026,reconhecimento federal,Portaria SEDEC/MIDR nº 3.256,"DOU (portaria SEDEC/MIDR), via notícia do MIDR",http://www.in.gov.br/web/dou/-/portaria-n-3.256-de-25-de-setembro-de-2026-734835734
2209302,PI,Santa Luz,25/09/2026,02/09/2026,25/09/2026,reconhecimento federal,Portaria SEDEC/MIDR nº 3.250,"DOU (portaria SEDEC/MIDR), via notícia do MIDR",http://www.in.gov.br/web/dou/-/portaria-n-3.250-de-25-de-setembro-de-2026-734855198
2209351,PI,Santana do Piauí,21/09/2026,24/08/2026,21/09/2026,reconhecimento federal,Portaria SEDEC/MIDR nº 3.150,DOU (portaria SEDEC/MIDR),https://www.in.gov.br/web/dou/-/portaria-n-3.150-de-21-de-setembro-de-2026-733225632
2209500,PI,Santo Inácio do Piauí,29/07/2026,17/06/2026,29/07/2026,reconhecimento federal,Portaria SEDEC/MIDR nº 2.456,DOU (portaria SEDEC/MIDR),https://www.in.gov.br/web/dou/-/portaria-n-2.456-de-29-de-julho-de-2026-722124585
2210623,PI,Sebastião Barros,30/09/2026,24/08/2026,30/09/2026,reconhecimento federal,Portaria SEDEC/MIDR nº 3.326,DOU (portaria SEDEC/MIDR),https://www.in.gov.br/web/dou/-/portaria-n-3.326-de-30-de-setembro-de-2026-735719208
2210706,PI,Simões,16/09/2026,24/08/2026,16/09/2026,reconhecimento federal,"Portaria SEDEC/MIDR (lote: nº 3.089, nº 3.089, nº 3.092, nº 3.092, nº 3.099, nº 3.099, nº 3.100, nº 3.101, nº 3.101)","DOU (portaria SEDEC/MIDR), via notícia do MIDR",https://www.gov.br/mdr/pt-br/noticias-midr/reconhecida-emergencia-em-26-cidades-afetadas-por-desastres
2210938,PI,Sussuapara,16/09/2026,24/08/2026,16/09/2026,reconhecimento federal,"Portaria SEDEC/MIDR (lote: nº 3.089, nº 3.089, nº 3.092, nº 3.092, nº 3.099, nº 3.099, nº 3.100, nº 3.101, nº 3.101)","DOU (portaria SEDEC/MIDR), via notícia do MIDR",https://www.gov.br/mdr/pt-br/noticias-midr/reconhecida-emergencia-em-26-cidades-afetadas-por-desastres
2209559,PI,São Braz do Piauí,16/09/2026,24/08/2026,16/09/2026,reconhecimento federal,"Portaria SEDEC/MIDR (lote: nº 3.089, nº 3.089, nº 3.092, nº 3.092, nº 3.099, nº 3.099, nº 3.100, nº 3.101, nº 3.101)","DOU (portaria SEDEC/MIDR), via notícia do MIDR",https://www.gov.br/mdr/pt-br/noticias-midr/reconhecida-emergencia-em-26-cidades-afetadas-por-desastres
2209658,PI,São Francisco de Assis do Piauí,03/09/2026,27/08/2026,03/09/2026,reconhecimento federal,"Portaria SEDEC/MIDR (lote: nº 2.884, nº 2.885, nº 2.886, nº 2.890)","DOU (portaria SEDEC/MIDR), via notícia do MIDR",https://www.gov.br/mdr/pt-br/noticias-midr/reconhecida-emergencia-em-13-cidades-afetadas-por-desastres-1
2210201,PI,São José do Piauí,14/09/2026,24/08/2026,14/09/2026,reconhecimento federal,"Portaria SEDEC/MIDR (lote: nº 3.031, nº 3.032, nº 3.034)","DOU (portaria SEDEC/MIDR), via notícia do MIDR",https://www.gov.br/mdr/pt-br/noticias-midr/reconhecida-emergencia-em-19-cidades-afetadas-por-desastres
2209955,PI,São João da Varjota,09/09/2026,24/08/2026,09/09/2026,reconhecimento federal,"Portaria SEDEC/MIDR (lote: nº 2.970, nº 2.971, nº 2.972)","DOU (portaria SEDEC/MIDR), via notícia do MIDR",https://www.gov.br/mdr/pt-br/noticias-midr/reconhecida-emergencia-em-14-cidades-afetadas-por-desastres
2210003,PI,São João do Piauí,21/09/2026,24/08/2026,21/09/2026,reconhecimento federal,Portaria SEDEC/MIDR nº 3.150,DOU (portaria SEDEC/MIDR),https://www.in.gov.br/web/dou/-/portaria-n-3.150-de-21-de-setembro-de-2026-733225632
2210375,PI,São Luis do Piauí,30/09/2026,24/08/2026,30/09/2026,reconhecimento federal,Portaria SEDEC/MIDR nº 3.326,DOU (portaria SEDEC/MIDR),https://www.in.gov.br/web/dou/-/portaria-n-3.326-de-30-de-setembro-de-2026-735719208
2210391,PI,São Miguel do Fidalgo,16/09/2026,24/08/2026,16/09/2026,reconhecimento federal,"Portaria SEDEC/MIDR (lote: nº 3.089, nº 3.089, nº 3.092, nº 3.092, nº 3.099, nº 3.099, nº 3.100, nº 3.101, nº 3.101)","DOU (portaria SEDEC/MIDR), via notícia do MIDR",https://www.gov.br/mdr/pt-br/noticias-midr/reconhecida-emergencia-em-26-cidades-afetadas-por-desastres
2210409,PI,São Miguel do Tapuio,14/09/2026,24/08/2026,14/09/2026,reconhecimento federal,"Portaria SEDEC/MIDR (lote: nº 3.031, nº 3.032, nº 3.034)","DOU (portaria SEDEC/MIDR), via notícia do MIDR",https://www.gov.br/mdr/pt-br/noticias-midr/reconhecida-emergencia-em-19-cidades-afetadas-por-desastres
2210953,PI,Tamboril do Piauí,16/09/2026,24/08/2026,16/09/2026,reconhecimento federal,"Portaria SEDEC/MIDR (lote: nº 3.089, nº 3.089, nº 3.092, nº 3.092, nº 3.099, nº 3.099, nº 3.100, nº 3.101, nº 3.101)","DOU (portaria SEDEC/MIDR), via notícia do MIDR",https://www.gov.br/mdr/pt-br/noticias-midr/reconhecida-emergencia-em-26-cidades-afetadas-por-desastres
2210979,PI,Tanque do Piauí,16/09/2026,24/08/2026,16/09/2026,reconhecimento federal,"Portaria SEDEC/MIDR (lote: nº 3.089, nº 3.089, nº 3.092, nº 3.092, nº 3.099, nº 3.099, nº 3.100, nº 3.101, nº 3.101)","DOU (portaria SEDEC/MIDR), via notícia do MIDR",https://www.gov.br/mdr/pt-br/noticias-midr/reconhecida-emergencia-em-26-cidades-afetadas-por-desastres
2200202,PI,Água Branca,16/09/2026,24/08/2026,16/09/2026,reconhecimento federal,"Portaria SEDEC/MIDR (lote: nº 3.089, nº 3.089, nº 3.092, nº 3.092, nº 3.099, nº 3.099, nº 3.100, nº 3.101, nº 3.101)","DOU (portaria SEDEC/MIDR), via notícia do MIDR",https://www.gov.br/mdr/pt-br/noticias-midr/reconhecida-emergencia-em-26-cidades-afetadas-por-desastres
4100202,PR,Adrianópolis,14/09/2026,,,estado de calamidade pública,Decreto nº 067/2026,Diário consorciado (via Diário Oficial dos Municípios do Paraná (AMP)),https://www-storage.voxtecnologia.com.br/?m=sigpub.publicacao&f=4410&i=publicado_121268_2026-09-14_d749d8fa85fdb411362d06fd69fe8a21.pdf
4100202,PR,Adrianópolis,16/09/2026,,,situação de emergência,Decreto nº 068/2026,Diário consorciado (via Diário Oficial dos Municípios do Paraná (AMP)),https://www-storage.voxtecnologia.com.br/?m=sigpub.publicacao&f=4410&i=publicado_118184_2026-09-15_73e5003f6ec967b8a272135117a4ec83.pdf
4100301,PR,Agudos do Sul,08/09/2026,,,situação de emergência,Decreto nº 2753,Diário consorciado (via Diário Oficial dos Municípios do Paraná (AMP)),https://www-storage.voxtecnologia.com.br/?m=sigpub.publicacao&f=4410&i=publicado_118178_2026-09-04_4db867cbd7791bd7abd24d4954f49697.pdf
4100400,PR,Almirante Tamandaré,08/09/2026,,,situação de emergência,Decreto nº 1974,Diário consorciado (via Diário Oficial dos Municípios do Paraná (AMP)),https://www-storage.voxtecnologia.com.br/?m=sigpub.publicacao&f=4410&i=publicado_118178_2026-09-04_4db867cbd7791bd7abd24d4954f49697.pdf
4100400,PR,Almirante Tamandaré,28/09/2026,,,homologação estadual,Decreto municipal nº 146,Diário Oficial do Estado (PR),https://www.dioe.pr.gov.br/portal/edicoes/download/17326
4100400,PR,Almirante Tamandaré,30/09/2026,,,situação de emergência,Decreto nº 351,Diário consorciado (via Diário Oficial dos Municípios do Paraná (AMP)),https://www-storage.voxtecnologia.com.br/?m=sigpub.publicacao&f=4410&i=publicado_118194_2026-09-29_1ea425e35d6af02ebe55c6eb04c2656a.pdf
4128625,PR,Alto Paraíso,09/09/2026,,,homologação estadual,Decreto municipal nº 3.911,Diário Oficial do Estado (PR),https://www.dioe.pr.gov.br/portal/edicoes/download/17273
4128625,PR,Alto Paraíso,16/09/2026,04/09/2026,16/09/2026,reconhecimento federal,Portaria SEDEC/MIDR nº 3.074,DOU (portaria SEDEC/MIDR),https://www.in.gov.br/web/dou/-/portaria-n-3.074-de-16-de-setembro-de-2026-732409465
4101002,PR,Ampére,04/09/2026,,,homologação estadual,Decreto municipal nº 81,Diário Oficial do Estado (PR),https://www.dioe.pr.gov.br/portal/edicoes/download/17269
4101051,PR,Anahy,02/09/2026,,,situação de emergência,Decreto nº 227,Diário consorciado (via Diário Oficial dos Municípios do Paraná (AMP)),https://www-storage.voxtecnologia.com.br/?m=sigpub.publicacao&f=4410&i=publicado_118175_2026-09-01_db1469e619df8812ce28df63fe9f024a.pdf
4101200,PR,Antonina,09/09/2026,,,homologação estadual,Decreto municipal nº 316,Diário Oficial do Estado (PR),https://www.dioe.pr.gov.br/portal/edicoes/download/17273
4101655,PR,Arapuã,04/09/2026,,,homologação estadual,Decreto municipal nº 100,Diário Oficial do Estado (PR),https://www.dioe.pr.gov.br/portal/edicoes/download/17269
4101655,PR,Arapuã,16/09/2026,04/09/2026,16/09/2026,reconhecimento federal,Portaria SEDEC/MIDR nº 3.084,DOU (portaria SEDEC/MIDR),https://www.in.gov.br/web/dou/-/portaria-n-3.084-de-16-de-setembro-de-2026-732322158
4101705,PR,Araruna,30/09/2026,,,homologação estadual,Decreto municipal nº 2.691,Diário Oficial do Estado (PR),https://www.dioe.pr.gov.br/portal/edicoes/download/17334
4102505,PR,Barbosa Ferraz,18/09/2026,,,homologação estadual,Decreto municipal nº 76,Diário Oficial do Estado (PR),https://www.dioe.pr.gov.br/portal/edicoes/download/17301
4102505,PR,Barbosa Ferraz,23/09/2026,18/09/2026,23/09/2026,reconhecimento federal,Portaria SEDEC/MIDR nº 3.171,"DOU (portaria SEDEC/MIDR), via notícia do MIDR",http://www.in.gov.br/web/dou/-/portaria-n-3.171-de-23-de-setembro-de-2026-733730824
4103057,PR,Boa Vista da Aparecida,15/09/2026,,,homologação estadual,Decreto municipal nº 235,Diário Oficial do Estado (PR),https://www.dioe.pr.gov.br/portal/edicoes/download/17290
4103057,PR,Boa Vista da Aparecida,18/09/2026,15/09/2026,18/09/2026,reconhecimento federal,Portaria SEDEC/MIDR nº 3.121,DOU (portaria SEDEC/MIDR),https://www.in.gov.br/web/dou/-/portaria-n-3.121-de-18-de-setembro-de-2026-732965760
4103107,PR,Bocaiúva do Sul,29/09/2026,,,situação de emergência,Decreto nº 784,Diário consorciado (via Diário Oficial dos Municípios do Paraná (AMP)),https://www-storage.voxtecnologia.com.br/?m=sigpub.publicacao&f=4410&i=publicado_118193_2026-09-28_67d5192f3e8629f7f55eeeeed511823d.pdf
4103354,PR,Braganey,15/09/2026,,,situação de emergência,Decreto nº 149/2026,Diário consorciado (via Diário Oficial dos Municípios do Paraná (AMP)),https://www-storage.voxtecnologia.com.br/?m=sigpub.publicacao&f=4410&i=publicado_118183_2026-09-22_3eee5e822946532025bc82ccae7426dd.pdf
4103479,PR,Cafezal do Sul,11/09/2026,,,homologação estadual,Decreto municipal nº 236,Diário Oficial do Estado (PR),https://www.dioe.pr.gov.br/portal/edicoes/download/17282
4103479,PR,Cafezal do Sul,17/09/2026,,,situação de emergência,Decreto municipal nº 236/2026,Diário oficial municipal (via Querido Diário),https://data.queridodiario.ok.org.br/4103479/2026-09-17/5b0f0178f1b10693e586976823f39570ba83cd3b.pdf
4103479,PR,Cafezal do Sul,21/09/2026,10/09/2026,21/09/2026,reconhecimento federal,Portaria SEDEC/MIDR nº 3.147,DOU (portaria SEDEC/MIDR),https://www.in.gov.br/web/dou/-/portaria-n-3.147-de-21-de-setembro-de-2026-733231729
4103479,PR,Cafezal do Sul,23/09/2026,,,homologação estadual,Decreto municipal nº 242,Diário Oficial do Estado (PR),https://www.dioe.pr.gov.br/portal/edicoes/download/17314
4103479,PR,Cafezal do Sul,30/09/2026,22/09/2026,30/09/2026,reconhecimento federal,Portaria SEDEC/MIDR nº 3.331,DOU (portaria SEDEC/MIDR),https://www.in.gov.br/web/dou/-/portaria-n-3.331-de-30-de-setembro-de-2026-735714582
4103503,PR,Califórnia,28/09/2026,,,homologação estadual,Decreto municipal nº 253,Diário Oficial do Estado (PR),https://www.dioe.pr.gov.br/portal/edicoes/download/17326
4103701,PR,Cambé,10/09/2026,25/08/2026,10/09/2026,reconhecimento federal,"Portaria SEDEC/MIDR (lote: nº 3.003, nº 3.003, nº 3.005, nº 3.005)","DOU (portaria SEDEC/MIDR), via notícia do MIDR",https://www.gov.br/mdr/pt-br/noticias-midr/reconhecida-emergencia-em-21-cidades-afetadas-por-desastres
4103701,PR,Cambé,31/08/2026,,,homologação estadual,Decreto municipal nº 562,Diário Oficial do Estado (PR),https://www.dioe.pr.gov.br/portal/edicoes/download/17252
4104006,PR,Campina Grande do Sul,16/09/2026,,,situação de emergência,Decreto nº 351,Diário consorciado (via Diário Oficial dos Municípios do Paraná (AMP)),https://www-storage.voxtecnologia.com.br/?m=sigpub.publicacao&f=4410&i=publicado_118184_2026-09-15_73e5003f6ec967b8a272135117a4ec83.pdf
4104428,PR,Candói,03/07/2026,,,homologação estadual,Decreto municipal nº 225,Diário Oficial do Estado (PR),https://www.dioe.pr.gov.br/portal/edicoes/download/16964
4104428,PR,Candói,08/07/2026,02/07/2026,08/07/2026,reconhecimento federal,Portaria SEDEC/MIDR nº 2.248,DOU (portaria SEDEC/MIDR),https://www.in.gov.br/web/dou/-/portaria-n-2.248-de-8-de-julho-de-2026-717831365
4104907,PR,Castro,14/09/2026,,,situação de emergência,Decreto municipal nº 670/2026,Diário oficial municipal (via Querido Diário),https://data.queridodiario.ok.org.br/4104907/2026-09-14/a7d1dd0d2954d29b51fc9d94cf79fc9e0da6d68f.pdf
4104907,PR,Castro,18/09/2026,,,homologação estadual,Decreto municipal nº 688,Diário Oficial do Estado (PR),https://www.dioe.pr.gov.br/portal/edicoes/download/17301
4104907,PR,Castro,24/09/2026,18/09/2026,24/09/2026,reconhecimento federal,Portaria SEDEC/MIDR nº 3.195,DOU (portaria SEDEC/MIDR),https://www.in.gov.br/web/dou/-/portaria-n-3.195-de-24-de-setembro-de-2026-734428895
4105201,PR,Cerro Azul,22/09/2026,,,situação de emergência,Decreto nº 351/2026,Diário consorciado (via Diário Oficial dos Municípios do Paraná (AMP)),https://www-storage.voxtecnologia.com.br/?m=sigpub.publicacao&f=4410&i=publicado_118188_2026-09-21_0b9dd8aad035b23a676ab69fbd0c9f7e.pdf
4105409,PR,Chopinzinho,09/09/2026,,,homologação estadual,Decreto municipal nº 283,Diário Oficial do Estado (PR),https://www.dioe.pr.gov.br/portal/edicoes/download/17273
4105409,PR,Chopinzinho,15/09/2026,,,estado de calamidade pública,Decreto nº 350,Diário consorciado (via Diário Oficial dos Municípios do Paraná (AMP)),https://www-storage.voxtecnologia.com.br/?m=sigpub.publicacao&f=4410&i=publicado_118183_2026-09-22_3eee5e822946532025bc82ccae7426dd.pdf
4105409,PR,Chopinzinho,21/09/2026,08/09/2026,21/09/2026,reconhecimento federal,Portaria SEDEC/MIDR nº 3.147,DOU (portaria SEDEC/MIDR),https://www.in.gov.br/web/dou/-/portaria-n-3.147-de-21-de-setembro-de-2026-733231729
4105607,PR,Cidade Gaúcha,09/09/2026,,,homologação estadual,Decreto municipal nº 119,Diário Oficial do Estado (PR),https://www.dioe.pr.gov.br/portal/edicoes/download/17273
4105607,PR,Cidade Gaúcha,16/09/2026,09/09/2026,16/09/2026,reconhecimento federal,Portaria SEDEC/MIDR nº 3.084,DOU (portaria SEDEC/MIDR),https://www.in.gov.br/web/dou/-/portaria-n-3.084-de-16-de-setembro-de-2026-732322158
4105706,PR,Clevelândia,21/09/2026,,,situação de emergência,Decreto nº 473,Diário consorciado (via Diário Oficial dos Municípios do Paraná (AMP)),https://www-storage.voxtecnologia.com.br/?m=sigpub.publicacao&f=4410&i=publicado_118187_2026-09-18_8f1fd18a5e366939fb1fbba11455ded7.pdf
4105706,PR,Clevelândia,29/09/2026,,,situação de emergência,Decreto nº 234/2026,Diário consorciado (via Diário Oficial dos Municípios do Paraná (AMP)),https://www-storage.voxtecnologia.com.br/?m=sigpub.publicacao&f=4410&i=publicado_118193_2026-09-28_67d5192f3e8629f7f55eeeeed511823d.pdf
4105706,PR,Clevelândia,30/09/2026,,,homologação estadual,Decreto municipal nº 235,Diário Oficial do Estado (PR),https://www.dioe.pr.gov.br/portal/edicoes/download/17334
4106571,PR,Cruzeiro do Iguaçu,15/09/2026,,,situação de emergência,Decreto nº 05/2025,Diário consorciado (via Diário Oficial dos Municípios do Paraná (AMP)),https://www-storage.voxtecnologia.com.br/?m=sigpub.publicacao&f=4410&i=publicado_118183_2026-09-22_3eee5e822946532025bc82ccae7426dd.pdf
4104402,PR,Cândido de Abreu,09/09/2026,18/08/2026,09/09/2026,reconhecimento federal,Portaria SEDEC/MIDR nº 2.970,DOU (portaria SEDEC/MIDR),https://www.in.gov.br/web/dou/-/portaria-n-2.970-de-9-de-setembro-de-2026-730978443
4104402,PR,Cândido de Abreu,18/08/2026,,,homologação estadual,Decreto municipal nº 197,Diário Oficial do Estado (PR),https://www.dioe.pr.gov.br/portal/edicoes/download/17213
4107157,PR,Diamante D'Oeste,16/09/2026,,16/09/2026,reconhecimento federal,"Portaria SEDEC/MIDR (lote: nº 3.072, nº 3.073, nº 3.073, nº 3.074, nº 3.074, nº 3.084)","DOU (portaria SEDEC/MIDR), via notícia do MIDR",https://www.gov.br/mdr/pt-br/noticias-midr/reconhecida-emergencia-em-24-cidades-afetadas-por-desastres
4107207,PR,Dois Vizinhos,14/09/2026,,,homologação estadual,Decreto municipal nº 23.807,Diário Oficial do Estado (PR),https://www.dioe.pr.gov.br/portal/edicoes/download/17285
4107207,PR,Dois Vizinhos,18/09/2026,13/09/2026,18/09/2026,reconhecimento federal,Portaria SEDEC/MIDR nº 3.121,DOU (portaria SEDEC/MIDR),https://www.in.gov.br/web/dou/-/portaria-n-3.121-de-18-de-setembro-de-2026-732965760
4107546,PR,Espigão Alto do Iguaçu,14/09/2026,,,homologação estadual,Decreto municipal nº 65,Diário Oficial do Estado (PR),https://www.dioe.pr.gov.br/portal/edicoes/download/17285
4107546,PR,Espigão Alto do Iguaçu,18/09/2026,11/09/2026,18/09/2026,reconhecimento federal,Portaria SEDEC/MIDR nº 3.121,DOU (portaria SEDEC/MIDR),https://www.in.gov.br/web/dou/-/portaria-n-3.121-de-18-de-setembro-de-2026-732965760
4107736,PR,Fernandes Pinheiro,24/09/2026,,,situação de emergência,Decreto nº 246/2026,Diário consorciado (via Diário Oficial dos Municípios do Paraná (AMP)),https://www-storage.voxtecnologia.com.br/?m=sigpub.publicacao&f=4410&i=publicado_118190_2026-09-23_93d632abfdbe6a0e0c4ef48df455df6a.pdf
4108205,PR,Formosa do Oeste,01/10/2026,,,homologação estadual,Decreto municipal nº 226,Diário Oficial do Estado (PR),https://www.dioe.pr.gov.br/portal/edicoes/download/17339
4108502,PR,General Carneiro,06/07/2026,,,homologação estadual,Decreto municipal nº 509,Diário Oficial do Estado (PR),https://www.dioe.pr.gov.br/portal/edicoes/download/16965
4108601,PR,Goioerê,02/09/2026,19/08/2026,02/09/2026,reconhecimento federal,"Portaria SEDEC/MIDR (lote: nº 2.853, nº 2.855, nº 2.858, nº 2.865)","DOU (portaria SEDEC/MIDR), via notícia do MIDR",https://www.gov.br/mdr/pt-br/noticias-midr/reconhecida-emergencia-em-16-cidades-afetadas-por-desastres-2
4108601,PR,Goioerê,20/08/2026,,,homologação estadual,Decreto municipal nº 9.943,Diário Oficial do Estado (PR),https://www.dioe.pr.gov.br/portal/edicoes/download/17223
4108650,PR,Goioxim,02/07/2026,,,homologação estadual,Decreto municipal nº 34,Diário Oficial do Estado (PR),https://www.dioe.pr.gov.br/portal/edicoes/download/16963
4108650,PR,Goioxim,08/07/2026,01/07/2026,08/07/2026,reconhecimento federal,Portaria SEDEC/MIDR nº 2.248,DOU (portaria SEDEC/MIDR),https://www.in.gov.br/web/dou/-/portaria-n-2.248-de-8-de-julho-de-2026-717831365
4109609,PR,Guaratuba,06/08/2026,,,homologação estadual,Decreto municipal nº 27.783,Diário Oficial do Estado (PR),https://www.dioe.pr.gov.br/portal/edicoes/download/17187
4109609,PR,Guaratuba,12/08/2026,05/08/2026,12/08/2026,reconhecimento federal,"Portaria SEDEC/MIDR (lote: nº 2.582, nº 2.582, nº 2.583, nº 2.584, nº 2.584, nº 2.585, nº 2.585)","DOU (portaria SEDEC/MIDR), via notícia do MIDR",https://www.gov.br/mdr/pt-br/noticias-midr/reconhecida-emergencia-em-20-cidades-afetadas-por-desastres-1
4110607,PR,Iporã,30/06/2026,19/06/2026,30/06/2026,reconhecimento federal,Portaria SEDEC/MIDR nº 2.116,DOU (portaria SEDEC/MIDR),https://www.in.gov.br/web/dou/-/portaria-n-2.116-de-30-de-junho-de-2026-716335482
4110706,PR,Irati,01/09/2026,,,estado de calamidade pública,Decreto nº 632/2026,Diário consorciado (via Diário Oficial dos Municípios do Paraná (AMP)),https://www-storage.voxtecnologia.com.br/?m=sigpub.publicacao&f=4410&i=publicado_118174_2026-08-31_c197a5934df29bc5df0d143b4f4eedbd.pdf
4110706,PR,Irati,04/09/2026,,,homologação estadual,Decreto municipal nº 644,Diário Oficial do Estado (PR),https://www.dioe.pr.gov.br/portal/edicoes/download/17269
4111506,PR,Ivaiporã,22/09/2026,,,homologação estadual,Decreto municipal nº 15.450,Diário Oficial do Estado (PR),https://www.dioe.pr.gov.br/portal/edicoes/download/17309
4111506,PR,Ivaiporã,28/09/2026,21/09/2026,28/09/2026,reconhecimento federal,Portaria SEDEC/MIDR nº 3.263,DOU (portaria SEDEC/MIDR),https://www.in.gov.br/web/dou/-/portaria-n-3.263-de-28-de-setembro-de-2026-735103331
4114500,PR,Manoel Ribas,09/09/2026,,,homologação estadual,Decreto municipal nº 166,Diário Oficial do Estado (PR),https://www.dioe.pr.gov.br/portal/edicoes/download/17273
4114500,PR,Manoel Ribas,14/09/2026,04/09/2026,14/09/2026,reconhecimento federal,"Portaria SEDEC/MIDR (lote: nº 3.031, nº 3.032, nº 3.034)","DOU (portaria SEDEC/MIDR), via notícia do MIDR",https://www.gov.br/mdr/pt-br/noticias-midr/reconhecida-emergencia-em-19-cidades-afetadas-por-desastres
4114906,PR,Marilândia do Sul,25/09/2026,,,homologação estadual,Decreto municipal nº 298,Diário Oficial do Estado (PR),https://www.dioe.pr.gov.br/portal/edicoes/download/17323
4115408,PR,Marmeleiro,03/09/2026,,,homologação estadual,Decreto municipal nº 3.770,Diário Oficial do Estado (PR),https://www.dioe.pr.gov.br/portal/edicoes/download/17264
4115408,PR,Marmeleiro,16/09/2026,02/09/2026,16/09/2026,reconhecimento federal,"Portaria SEDEC/MIDR (lote: nº 3.072, nº 3.073, nº 3.073, nº 3.074, nº 3.074, nº 3.084)","DOU (portaria SEDEC/MIDR), via notícia do MIDR",https://www.gov.br/mdr/pt-br/noticias-midr/reconhecida-emergencia-em-24-cidades-afetadas-por-desastres
4115457,PR,Marquinho,03/07/2026,,,homologação estadual,Decreto municipal nº 73,Diário Oficial do Estado (PR),https://www.dioe.pr.gov.br/portal/edicoes/download/16964
4115457,PR,Marquinho,08/07/2026,02/07/2026,08/07/2026,reconhecimento federal,Portaria SEDEC/MIDR nº 2.248,DOU (portaria SEDEC/MIDR),https://www.in.gov.br/web/dou/-/portaria-n-2.248-de-8-de-julho-de-2026-717831365
4115457,PR,Marquinho,18/08/2026,,,homologação estadual,Decreto municipal nº 82,Diário Oficial do Estado (PR),https://www.dioe.pr.gov.br/portal/edicoes/download/17213
4115457,PR,Marquinho,28/08/2026,18/08/2026,28/08/2026,reconhecimento federal,"Portaria SEDEC/MIDR (lote: nº 2.808, nº 2.808, nº 2.808, nº 2.809, nº 2.810, nº 2811, nº 2811, nº 2811, nº 2.814, nº 2.814, nº 2.814)","DOU (portaria SEDEC/MIDR), via notícia do MIDR",https://www.gov.br/mdr/pt-br/noticias-midr/reconhecida-emergencia-em-12-cidades-afetadas-por-desastres
4115606,PR,Matelândia,14/09/2026,,,homologação estadual,Decreto municipal nº 5.821,Diário Oficial do Estado (PR),https://www.dioe.pr.gov.br/portal/edicoes/download/17285
4115606,PR,Matelândia,17/09/2026,13/09/2026,17/09/2026,reconhecimento federal,Portaria SEDEC/MIDR nº 3.101,DOU (portaria SEDEC/MIDR),https://www.in.gov.br/web/dou/-/portaria-n-3.101-de-17-de-setembro-de-2026-732689172
4116208,PR,Morretes,20/08/2026,,,homologação estadual,Decreto municipal nº 2.928,Diário Oficial do Estado (PR),https://www.dioe.pr.gov.br/portal/edicoes/download/17223
4116208,PR,Morretes,26/08/2026,19/08/2026,26/08/2026,reconhecimento federal,"Portaria SEDEC/MIDR (lote: nº 2.771, nº 2.772)","DOU (portaria SEDEC/MIDR), via notícia do MIDR",https://www.gov.br/mdr/pt-br/noticias-midr/reconhecida-emergencia-em-10-cidades-afetadas-por-desastres-1
4117057,PR,Nova Laranjeiras,09/09/2026,,,homologação estadual,Decreto municipal nº 207,Diário Oficial do Estado (PR),https://www.dioe.pr.gov.br/portal/edicoes/download/17273
4117057,PR,Nova Laranjeiras,18/09/2026,09/09/2026,18/09/2026,reconhecimento federal,Portaria SEDEC/MIDR nº 3.121,DOU (portaria SEDEC/MIDR),https://www.in.gov.br/web/dou/-/portaria-n-3.121-de-18-de-setembro-de-2026-732965760
4117701,PR,Palmeira,14/09/2026,,,situação de emergência,Decreto nº 19.546,Diário consorciado (via Diário Oficial dos Municípios do Paraná (AMP)),https://www-storage.voxtecnologia.com.br/?m=sigpub.publicacao&f=4410&i=publicado_121268_2026-09-14_d749d8fa85fdb411362d06fd69fe8a21.pdf
4117701,PR,Palmeira,15/09/2026,,,homologação estadual,Decreto municipal nº 19.546,Diário Oficial do Estado (PR),https://www.dioe.pr.gov.br/portal/edicoes/download/17290
4117701,PR,Palmeira,18/09/2026,14/09/2026,18/09/2026,reconhecimento federal,Portaria SEDEC/MIDR nº 3.121,DOU (portaria SEDEC/MIDR),https://www.in.gov.br/web/dou/-/portaria-n-3.121-de-18-de-setembro-de-2026-732965760
4117800,PR,Palmital,18/08/2026,,,homologação estadual,Decreto municipal nº 45,Diário Oficial do Estado (PR),https://www.dioe.pr.gov.br/portal/edicoes/download/17213
4118857,PR,Perobal,04/09/2026,,,homologação estadual,Decreto municipal nº 93,Diário Oficial do Estado (PR),https://www.dioe.pr.gov.br/portal/edicoes/download/17269
4118857,PR,Perobal,14/09/2026,04/09/2026,14/09/2026,reconhecimento federal,"Portaria SEDEC/MIDR (lote: nº 3.031, nº 3.032, nº 3.034)","DOU (portaria SEDEC/MIDR), via notícia do MIDR",https://www.gov.br/mdr/pt-br/noticias-midr/reconhecida-emergencia-em-19-cidades-afetadas-por-desastres
4119301,PR,Pinhão,01/09/2026,,,homologação estadual,Decreto municipal nº 224,Diário Oficial do Estado (PR),https://www.dioe.pr.gov.br/portal/edicoes/download/17256
4119301,PR,Pinhão,01/10/2026,,,homologação estadual,Decreto municipal nº 247,Diário Oficial do Estado (PR),https://www.dioe.pr.gov.br/portal/edicoes/download/17339
4119301,PR,Pinhão,04/09/2026,01/09/2026,04/09/2026,reconhecimento federal,Portaria SEDEC/MIDR nº 2.907,DOU (portaria SEDEC/MIDR),https://www.in.gov.br/web/dou/-/portaria-n-2.907-de-4-de-setembro-de-2026-730283772
4119301,PR,Pinhão,17/09/2026,,,homologação estadual,Decreto municipal nº 236,Diário Oficial do Estado (PR),https://www.dioe.pr.gov.br/portal/edicoes/download/17298
4119301,PR,Pinhão,25/09/2026,16/09/2026,25/09/2026,reconhecimento federal,Portaria SEDEC/MIDR nº 3.252,"DOU (portaria SEDEC/MIDR), via notícia do MIDR",http://www.in.gov.br/web/dou/-/portaria-n-3.252-de-25-de-setembro-de-2026-734823773
4119400,PR,Piraí do Sul,12/08/2026,,,homologação estadual,Decreto municipal nº 2.983,Diário Oficial do Estado (PR),https://www.dioe.pr.gov.br/portal/edicoes/download/17197
4119400,PR,Piraí do Sul,19/08/2026,12/08/2026,19/08/2026,reconhecimento federal,"Portaria SEDEC/MIDR (lote: nº 2.645, nº 2.658, nº 2.659, nº 2.659, nº 2.667)","DOU (portaria SEDEC/MIDR), via notícia do MIDR",https://www.gov.br/mdr/pt-br/noticias-midr/reconhecida-emergencia-em-46-cidades-afetadas-por-desastres
4119608,PR,Pitanga,09/09/2026,,,homologação estadual,Decreto municipal nº 178,Diário Oficial do Estado (PR),https://www.dioe.pr.gov.br/portal/edicoes/download/17273
4119608,PR,Pitanga,25/09/2026,08/09/2026,25/09/2026,reconhecimento federal,Portaria SEDEC/MIDR nº 3.252,"DOU (portaria SEDEC/MIDR), via notícia do MIDR",http://www.in.gov.br/web/dou/-/portaria-n-3.252-de-25-de-setembro-de-2026-734823773
4119806,PR,Planalto,18/09/2026,,,homologação estadual,Decreto municipal nº 5.790,Diário Oficial do Estado (PR),https://www.dioe.pr.gov.br/portal/edicoes/download/17301
4119806,PR,Planalto,23/09/2026,18/09/2026,23/09/2026,reconhecimento federal,Portaria SEDEC/MIDR nº 3.171,"DOU (portaria SEDEC/MIDR), via notícia do MIDR",http://www.in.gov.br/web/dou/-/portaria-n-3.171-de-23-de-setembro-de-2026-733730824
4120358,PR,Pranchita,09/09/2026,,,homologação estadual,Decreto municipal nº 113,Diário Oficial do Estado (PR),https://www.dioe.pr.gov.br/portal/edicoes/download/17273
4120358,PR,Pranchita,16/09/2026,04/09/2026,16/09/2026,reconhecimento federal,"Portaria SEDEC/MIDR (lote: nº 3.072, nº 3.073, nº 3.073, nº 3.074, nº 3.074, nº 3.084)","DOU (portaria SEDEC/MIDR), via notícia do MIDR",https://www.gov.br/mdr/pt-br/noticias-midr/reconhecida-emergencia-em-24-cidades-afetadas-por-desastres
4120606,PR,Prudentópolis,16/09/2026,,,homologação estadual,Decreto municipal nº 573,Diário Oficial do Estado (PR),https://www.dioe.pr.gov.br/portal/edicoes/download/17294
4120606,PR,Prudentópolis,21/09/2026,15/09/2026,21/09/2026,reconhecimento federal,"Portaria SEDEC/MIDR (lote: nº 3.147, nº 3.147, nº 3.150, nº 3.151)","DOU (portaria SEDEC/MIDR), via notícia do MIDR",https://www.gov.br/mdr/pt-br/noticias-midr/reconhecida-emergencia-em-24-cidades-afetadas-por-desastres-2
4120903,PR,Quedas do Iguaçu,27/07/2026,,,homologação estadual,Decreto municipal nº 261,Diário Oficial do Estado (PR),https://www.dioe.pr.gov.br/portal/edicoes/download/17133
4120903,PR,Quedas do Iguaçu,31/07/2026,24/07/2026,31/07/2026,reconhecimento federal,"Portaria SEDEC/MIDR (lote: nº 2.475, nº 2.475, nº 2.475, nº 2.476, nº 2.477, nº 2.477, nº 2.477)","DOU (portaria SEDEC/MIDR), via notícia do MIDR",https://www.gov.br/mdr/pt-br/noticias-midr/reconhecida-emergencia-em-seis-cidades-afetadas-por-desastres
4121257,PR,Ramilândia,14/09/2026,,,homologação estadual,Decreto municipal nº 4.091,Diário Oficial do Estado (PR),https://www.dioe.pr.gov.br/portal/edicoes/download/17285
4121257,PR,Ramilândia,16/09/2026,12/09/2026,16/09/2026,reconhecimento federal,"Portaria SEDEC/MIDR (lote: nº 3.072, nº 3.073, nº 3.073, nº 3.074, nº 3.074, nº 3.084)","DOU (portaria SEDEC/MIDR), via notícia do MIDR",https://www.gov.br/mdr/pt-br/noticias-midr/reconhecida-emergencia-em-24-cidades-afetadas-por-desastres
4121604,PR,Renascença,03/09/2026,,,homologação estadual,Decreto municipal nº 2.753,Diário Oficial do Estado (PR),https://www.dioe.pr.gov.br/portal/edicoes/download/17264
4121604,PR,Renascença,09/09/2026,02/09/2026,09/09/2026,reconhecimento federal,"Portaria SEDEC/MIDR (lote: nº 2.970, nº 2.971, nº 2.972)","DOU (portaria SEDEC/MIDR), via notícia do MIDR",https://www.gov.br/mdr/pt-br/noticias-midr/reconhecida-emergencia-em-14-cidades-afetadas-por-desastres
4121703,PR,Reserva,06/07/2026,,,homologação estadual,Decreto municipal nº 4.513,Diário Oficial do Estado (PR),https://www.dioe.pr.gov.br/portal/edicoes/download/16965
4121703,PR,Reserva,15/07/2026,03/07/2026,15/07/2026,reconhecimento federal,Portaria SEDEC/MIDR nº 2.304,DOU (portaria SEDEC/MIDR),https://www.in.gov.br/web/dou/-/portaria-n-2.304-de-15-de-julho-de-2026-719783854
4121703,PR,Reserva,18/08/2026,,,homologação estadual,Decreto municipal nº 4.554,Diário Oficial do Estado (PR),https://www.dioe.pr.gov.br/portal/edicoes/download/17213
4121703,PR,Reserva,21/08/2026,18/08/2026,21/08/2026,reconhecimento federal,"Portaria SEDEC/MIDR (lote: nº 2.704, nº 2.705)","DOU (portaria SEDEC/MIDR), via notícia do MIDR",https://www.gov.br/mdr/pt-br/noticias-midr/reconhecida-emergencia-em-15-cidades-afetadas-por-desastres-1
4121752,PR,Reserva do Iguaçu,25/09/2026,,,homologação estadual,Decreto municipal nº 157,Diário Oficial do Estado (PR),https://www.dioe.pr.gov.br/portal/edicoes/download/17323
4122156,PR,Rio Bonito do Iguaçu,09/07/2026,,,homologação estadual,Decreto municipal nº 222,Diário Oficial do Estado (PR),https://www.dioe.pr.gov.br/portal/edicoes/download/16968
4122156,PR,Rio Bonito do Iguaçu,15/07/2026,07/07/2026,15/07/2026,reconhecimento federal,Portaria SEDEC/MIDR nº 2.304,DOU (portaria SEDEC/MIDR),https://www.in.gov.br/web/dou/-/portaria-n-2.304-de-15-de-julho-de-2026-719783854
4122206,PR,Rio Branco do Sul,18/09/2026,,,homologação estadual,Decreto municipal nº 8.788,Diário Oficial do Estado (PR),https://www.dioe.pr.gov.br/portal/edicoes/download/17301
4122206,PR,Rio Branco do Sul,21/09/2026,,,situação de emergência,Decreto nº 8.788/2026,Diário consorciado (via Diário Oficial dos Municípios do Paraná (AMP)),https://www-storage.voxtecnologia.com.br/?m=sigpub.publicacao&f=4410&i=publicado_121310_2026-09-21_66dc3bf42dacd7c7d9a1531451f75575.pdf
4122206,PR,Rio Branco do Sul,24/09/2026,17/09/2026,24/09/2026,reconhecimento federal,Portaria SEDEC/MIDR nº 3.195,DOU (portaria SEDEC/MIDR),https://www.in.gov.br/web/dou/-/portaria-n-3.195-de-24-de-setembro-de-2026-734428895
4122305,PR,Rio Negro,16/09/2026,,,homologação estadual,Decreto municipal nº 149,Diário Oficial do Estado (PR),https://www.dioe.pr.gov.br/portal/edicoes/download/17294
4123857,PR,Santa Maria do Oeste,18/08/2026,,,homologação estadual,Decreto municipal nº 72,Diário Oficial do Estado (PR),https://www.dioe.pr.gov.br/portal/edicoes/download/17213
4123857,PR,Santa Maria do Oeste,25/08/2026,18/08/2026,25/08/2026,reconhecimento federal,"Portaria SEDEC/MIDR (lote: nº 2.754, nº 2.757, nº 2.758, nº 2.759)","DOU (portaria SEDEC/MIDR), via notícia do MIDR",https://www.gov.br/mdr/pt-br/noticias-midr/reconhecida-emergencia-em-24-cidades-afetadas-por-desastres-1
4125803,PR,São Pedro do Ivaí,25/09/2026,,,homologação estadual,Decreto municipal nº 171,Diário Oficial do Estado (PR),https://www.dioe.pr.gov.br/portal/edicoes/download/17323
4126678,PR,Tamarana,29/09/2026,,,homologação estadual,Decreto municipal nº 232,Diário Oficial do Estado (PR),https://www.dioe.pr.gov.br/portal/edicoes/download/17331
4127403,PR,Terra Roxa,18/09/2026,,,situação de emergência,Decreto nº 4709/2026,Diário consorciado (via Diário Oficial dos Municípios do Paraná (AMP)),https://www-storage.voxtecnologia.com.br/?m=sigpub.publicacao&f=4410&i=publicado_118186_2026-09-17_dd95a07f25b52e1159c407eaf8a05904.pdf
4127502,PR,Tibagi,03/09/2026,,,homologação estadual,Decreto municipal nº 702,Diário Oficial do Estado (PR),https://www.dioe.pr.gov.br/portal/edicoes/download/17264
4127502,PR,Tibagi,08/09/2026,02/09/2026,08/09/2026,reconhecimento federal,"Portaria SEDEC/MIDR (lote: nº 2.942, nº 2.943)","DOU (portaria SEDEC/MIDR), via notícia do MIDR",https://www.gov.br/mdr/pt-br/noticias-midr/reconhecida-emergencia-em-11-cidades-afetadas-por-desastres-1
4127858,PR,Três Barras do Paraná,15/09/2026,,,estado de calamidade pública,Decreto nº 7288/2026,Diário consorciado (via Diário Oficial dos Municípios do Paraná (AMP)),https://www-storage.voxtecnologia.com.br/?m=sigpub.publicacao&f=4410&i=publicado_118183_2026-09-22_3eee5e822946532025bc82ccae7426dd.pdf
4127882,PR,Tunas do Paraná,17/09/2026,,,homologação estadual,Decreto municipal nº 300,Diário Oficial do Estado (PR),https://www.dioe.pr.gov.br/portal/edicoes/download/17298
4127882,PR,Tunas do Paraná,21/09/2026,16/09/2026,21/09/2026,reconhecimento federal,"Portaria SEDEC/MIDR (lote: nº 3.147, nº 3.147, nº 3.150, nº 3.151)","DOU (portaria SEDEC/MIDR), via notícia do MIDR",https://www.gov.br/mdr/pt-br/noticias-midr/reconhecida-emergencia-em-24-cidades-afetadas-por-desastres-2
4127965,PR,Turvo,02/07/2026,,,homologação estadual,Decreto municipal nº 72,Diário Oficial do Estado (PR),https://www.dioe.pr.gov.br/portal/edicoes/download/16963
4127965,PR,Turvo,10/07/2026,01/07/2026,10/07/2026,reconhecimento federal,Portaria SEDEC/MIDR nº 2.268,DOU (portaria SEDEC/MIDR),https://www.in.gov.br/web/dou/-/portaria-n-2.268-de-10-de-julho-de-2026-718709064
4128203,PR,União da Vitória,14/09/2026,,,homologação estadual,Decreto municipal nº 473,Diário Oficial do Estado (PR),https://www.dioe.pr.gov.br/portal/edicoes/download/17285
4128203,PR,União da Vitória,23/09/2026,13/09/2026,23/09/2026,reconhecimento federal,Portaria SEDEC/MIDR nº 3.171,DOU (portaria SEDEC/MIDR),https://www.in.gov.br/web/dou/-/portaria-n-3.171-de-23-de-setembro-de-2026-733730824
4128500,PR,Wenceslau Braz,11/09/2026,,,homologação estadual,Decreto municipal nº 180,Diário Oficial do Estado (PR),https://www.dioe.pr.gov.br/portal/edicoes/download/17282
4128500,PR,Wenceslau Braz,17/09/2026,11/09/2026,17/09/2026,reconhecimento federal,Portaria SEDEC/MIDR nº 3.101,DOU (portaria SEDEC/MIDR),https://www.in.gov.br/web/dou/-/portaria-n-3.101-de-17-de-setembro-de-2026-732689172
4128807,PR,Xambrê,03/09/2026,,,homologação estadual,Decreto municipal nº 144,Diário Oficial do Estado (PR),https://www.dioe.pr.gov.br/portal/edicoes/download/17264
4128807,PR,Xambrê,10/09/2026,03/09/2026,10/09/2026,reconhecimento federal,"Portaria SEDEC/MIDR (lote: nº 3.003, nº 3.003, nº 3.005, nº 3.005)","DOU (portaria SEDEC/MIDR), via notícia do MIDR",https://www.gov.br/mdr/pt-br/noticias-midr/reconhecida-emergencia-em-21-cidades-afetadas-por-desastres
2400505,RN,Alexandria,01/10/2026,,,situação de emergência,Decreto nº 017,Diário consorciado (via Diário Oficial dos Municípios do Rio Grande do Norte (FEMURN)),https://www-storage.voxtecnologia.com.br/?m=sigpub.publicacao&f=296&i=publicado_117687_2026-09-30_bde1a098647ec2e6ca5fd384cad8d196.pdf
2400604,RN,Almino Afonso,11/09/2026,,,situação de emergência,Decreto nº 44/2026,Diário consorciado (via Diário Oficial dos Municípios do Rio Grande do Norte (FEMURN)),https://www-storage.voxtecnologia.com.br/?m=sigpub.publicacao&f=296&i=publicado_117673_2026-09-10_1bf6894271964ff7026e912209f3050b.pdf
2400604,RN,Almino Afonso,24/09/2026,10/09/2026,24/09/2026,reconhecimento federal,Portaria SEDEC/MIDR nº 3.197,DOU (portaria SEDEC/MIDR),https://www.in.gov.br/web/dou/-/portaria-n-3.197-de-24-de-setembro-de-2026-734433578
2401008,RN,Apodi,02/10/2026,,,situação de emergência,Decreto nº 280,Diário consorciado (via Diário Oficial dos Municípios do Rio Grande do Norte (FEMURN)),https://www-storage.voxtecnologia.com.br/?m=sigpub.publicacao&f=296&i=publicado_117688_2026-10-01_97b8c3f18c372f20fc7378258f968c0a.pdf
2400208,RN,Açu,08/09/2026,19/08/2026,08/09/2026,reconhecimento federal,"Portaria SEDEC/MIDR (lote: nº 2.942, nº 2.943)","DOU (portaria SEDEC/MIDR), via notícia do MIDR",https://www.gov.br/mdr/pt-br/noticias-midr/reconhecida-emergencia-em-11-cidades-afetadas-por-desastres-1
2402006,RN,Caicó,08/07/2026,30/06/2026,08/07/2026,reconhecimento federal,Portaria SEDEC/MIDR nº 2.252,DOU (portaria SEDEC/MIDR),https://www.in.gov.br/web/dou/-/portaria-n-2.252-de-8-de-julho-de-2026-717844541
2401859,RN,Caiçara do Norte,03/08/2026,21/07/2026,03/08/2026,reconhecimento federal,"Portaria SEDEC/MIDR (lote: nº 2.484, nº 2.485, nº 2.486, nº 2.486, nº 2.486)","DOU (portaria SEDEC/MIDR), via notícia do MIDR",https://www.gov.br/mdr/pt-br/noticias-midr/reconhecida-emergencia-em-18-cidades-afetadas-por-desastres
2402204,RN,Canguaretama,23/07/2026,19/07/2026,23/07/2026,reconhecimento federal,Portaria SEDEC/MIDR nº 2.384,DOU (portaria SEDEC/MIDR),https://www.in.gov.br/web/dou/-/portaria-n-2.384-de-23-de-julho-de-2026-721084691
2402303,RN,Caraúbas,16/09/2026,,,situação de emergência,Decreto nº 168/2026,Diário consorciado (via Diário Oficial dos Municípios do Rio Grande do Norte (FEMURN)),https://www-storage.voxtecnologia.com.br/?m=sigpub.publicacao&f=296&i=publicado_117676_2026-09-15_c9e970c3c9e4bff799f4470def62ed0c.pdf
2402303,RN,Caraúbas,28/09/2026,15/09/2026,28/09/2026,reconhecimento federal,Portaria SEDEC/MIDR nº 3.264,DOU (portaria SEDEC/MIDR),https://www.in.gov.br/web/dou/-/portaria-n-3.264-de-28-de-setembro-de-2026-735107052
2402501,RN,Carnaubais,02/07/2026,24/06/2026,02/07/2026,reconhecimento federal,Portaria SEDEC/MIDR nº 2.170,DOU (portaria SEDEC/MIDR),https://www.in.gov.br/web/dou/-/portaria-n-2.170-de-2-de-julho-de-2026-716695033
2402808,RN,Coronel Ezequiel,09/09/2026,,,situação de emergência,Decreto nº 018/2026.,Diário consorciado (via Diário Oficial dos Municípios do Rio Grande do Norte (FEMURN)),https://www-storage.voxtecnologia.com.br/?m=sigpub.publicacao&f=296&i=publicado_117671_2026-09-08_8856e3b42fefc748a31f3b32bef69d6b.pdf
2402808,RN,Coronel Ezequiel,28/09/2026,08/09/2026,28/09/2026,reconhecimento federal,Portaria SEDEC/MIDR nº 3.264,DOU (portaria SEDEC/MIDR),https://www.in.gov.br/web/dou/-/portaria-n-3.264-de-28-de-setembro-de-2026-735107052
2403103,RN,Currais Novos,30/06/2026,15/06/2026,30/06/2026,reconhecimento federal,Portaria SEDEC/MIDR nº 2.115,DOU (portaria SEDEC/MIDR),https://www.in.gov.br/web/dou/-/portaria-n-2.115-de-30-de-junho-de-2026-716321559
2403707,RN,Felipe Guerra,02/09/2026,19/08/2026,02/09/2026,reconhecimento federal,"Portaria SEDEC/MIDR (lote: nº 2.853, nº 2.855, nº 2.858, nº 2.865)","DOU (portaria SEDEC/MIDR), via notícia do MIDR",https://www.gov.br/mdr/pt-br/noticias-midr/reconhecida-emergencia-em-16-cidades-afetadas-por-desastres-2
2404002,RN,Frutuoso Gomes,02/09/2026,24/08/2026,02/09/2026,reconhecimento federal,"Portaria SEDEC/MIDR (lote: nº 2.853, nº 2.855, nº 2.858, nº 2.865)","DOU (portaria SEDEC/MIDR), via notícia do MIDR",https://www.gov.br/mdr/pt-br/noticias-midr/reconhecida-emergencia-em-16-cidades-afetadas-por-desastres-2
2404309,RN,Governador Dix-Sept Rosado,27/07/2026,21/07/2026,27/07/2026,reconhecimento federal,Portaria SEDEC/MIDR nº 2.420,DOU (portaria SEDEC/MIDR),https://www.in.gov.br/web/dou/-/portaria-n-2.420-de-27-de-julho-de-2026-721627710
2404903,RN,Itaú,12/08/2026,28/07/2026,12/08/2026,reconhecimento federal,"Portaria SEDEC/MIDR (lote: nº 2.582, nº 2.582, nº 2.583, nº 2.584, nº 2.584, nº 2.585, nº 2.585)","DOU (portaria SEDEC/MIDR), via notícia do MIDR",https://www.gov.br/mdr/pt-br/noticias-midr/reconhecida-emergencia-em-20-cidades-afetadas-por-desastres-1
2405702,RN,Jardim do Seridó,29/07/2026,21/07/2026,29/07/2026,reconhecimento federal,Portaria SEDEC/MIDR nº 2.456,DOU (portaria SEDEC/MIDR),https://www.in.gov.br/web/dou/-/portaria-n-2.456-de-29-de-julho-de-2026-722124585
2405009,RN,Jaçanã,19/08/2026,03/08/2026,19/08/2026,reconhecimento federal,"Portaria SEDEC/MIDR (lote: nº 2.645, nº 2.658, nº 2.659, nº 2.659, nº 2.667)","DOU (portaria SEDEC/MIDR), via notícia do MIDR",https://www.gov.br/mdr/pt-br/noticias-midr/reconhecida-emergencia-em-46-cidades-afetadas-por-desastres
2406809,RN,Lajes Pintadas,21/09/2026,01/09/2026,21/09/2026,reconhecimento federal,"Portaria SEDEC/MIDR (lote: nº 3.147, nº 3.147, nº 3.150, nº 3.151)","DOU (portaria SEDEC/MIDR), via notícia do MIDR",https://www.gov.br/mdr/pt-br/noticias-midr/reconhecida-emergencia-em-24-cidades-afetadas-por-desastres-2
2406908,RN,Lucrécia,19/08/2026,03/08/2026,19/08/2026,reconhecimento federal,"Portaria SEDEC/MIDR (lote: nº 2.645, nº 2.658, nº 2.659, nº 2.659, nº 2.667)","DOU (portaria SEDEC/MIDR), via notícia do MIDR",https://www.gov.br/mdr/pt-br/noticias-midr/reconhecida-emergencia-em-46-cidades-afetadas-por-desastres
2407401,RN,Martins,31/07/2026,28/07/2026,31/07/2026,reconhecimento federal,"Portaria SEDEC/MIDR (lote: nº 2.475, nº 2.475, nº 2.475, nº 2.476, nº 2.477, nº 2.477, nº 2.477)","DOU (portaria SEDEC/MIDR), via notícia do MIDR",https://www.gov.br/mdr/pt-br/noticias-midr/reconhecida-emergencia-em-seis-cidades-afetadas-por-desastres
2407500,RN,Maxaranguape,03/08/2026,22/07/2026,03/08/2026,reconhecimento federal,"Portaria SEDEC/MIDR (lote: nº 2.484, nº 2.485, nº 2.486, nº 2.486, nº 2.486)","DOU (portaria SEDEC/MIDR), via notícia do MIDR",https://www.gov.br/mdr/pt-br/noticias-midr/reconhecida-emergencia-em-18-cidades-afetadas-por-desastres
2407609,RN,Messias Targino,21/09/2026,02/09/2026,21/09/2026,reconhecimento federal,"Portaria SEDEC/MIDR (lote: nº 3.147, nº 3.147, nº 3.150, nº 3.151)","DOU (portaria SEDEC/MIDR), via notícia do MIDR",https://www.gov.br/mdr/pt-br/noticias-midr/reconhecida-emergencia-em-24-cidades-afetadas-por-desastres-2
2407906,RN,Monte das Gameleiras,23/09/2026,03/09/2026,23/09/2026,reconhecimento federal,Portaria SEDEC/MIDR nº 3.172,"DOU (portaria SEDEC/MIDR), via notícia do MIDR",http://www.in.gov.br/web/dou/-/portaria-n-3.172-de-23-de-setembro-de-2026-733722339
2408706,RN,Paraú,22/09/2026,,,situação de emergência,Decreto nº 036/2026/,Diário consorciado (via Diário Oficial dos Municípios do Rio Grande do Norte (FEMURN)),https://www-storage.voxtecnologia.com.br/?m=sigpub.publicacao&f=296&i=publicado_117680_2026-09-21_92df685e00e5ab6eeba09e8447dc5f14.pdf
2408904,RN,Parelhas,03/08/2026,10/07/2026,03/08/2026,reconhecimento federal,"Portaria SEDEC/MIDR (lote: nº 2.484, nº 2.485, nº 2.486, nº 2.486, nº 2.486)","DOU (portaria SEDEC/MIDR), via notícia do MIDR",https://www.gov.br/mdr/pt-br/noticias-midr/reconhecida-emergencia-em-18-cidades-afetadas-por-desastres
2409407,RN,Pau dos Ferros,02/09/2026,10/08/2026,02/09/2026,reconhecimento federal,"Portaria SEDEC/MIDR (lote: nº 2.853, nº 2.855, nº 2.858, nº 2.865)","DOU (portaria SEDEC/MIDR), via notícia do MIDR",https://www.gov.br/mdr/pt-br/noticias-midr/reconhecida-emergencia-em-16-cidades-afetadas-por-desastres-2
2409605,RN,Pedra Preta,17/08/2026,10/08/2026,17/08/2026,reconhecimento federal,"Portaria SEDEC/MIDR (lote: nº 2.622, nº 2.627)","DOU (portaria SEDEC/MIDR), via notícia do MIDR",https://www.gov.br/mdr/pt-br/noticias-midr/reconhecida-emergencia-em-10-cidades-afetadas-por-desastres
2410603,RN,Rafael Godeiro,15/07/2026,01/07/2026,15/07/2026,reconhecimento federal,Portaria SEDEC/MIDR nº 2.305,DOU (portaria SEDEC/MIDR),https://www.in.gov.br/web/dou/-/portaria-n-2.305-de-15-de-julho-de-2026-719725013
2410801,RN,Riacho de Santana,05/08/2026,21/07/2026,05/08/2026,reconhecimento federal,"Portaria SEDEC/MIDR (lote: nº 2.520, nº 2.521, nº 2.521, nº 2.521, nº 2.522)","DOU (portaria SEDEC/MIDR), via notícia do MIDR",https://www.gov.br/mdr/pt-br/noticias-midr/reconhecida-emergencia-em-sete-cidades-afetadas-por-desastres
2410900,RN,Riachuelo,24/08/2026,14/08/2026,24/08/2026,reconhecimento federal,Portaria SEDEC/MIDR nº 2.731,DOU (portaria SEDEC/MIDR),https://www.in.gov.br/web/dou/-/portaria-n-2.731-de-24-de-agosto-de-2026-727713385
2411205,RN,Santa Cruz,30/06/2026,11/06/2026,30/06/2026,reconhecimento federal,Portaria SEDEC/MIDR nº 2.115,DOU (portaria SEDEC/MIDR),https://www.in.gov.br/web/dou/-/portaria-n-2.115-de-30-de-junho-de-2026-716321559
2409332,RN,Santa Maria,30/06/2026,08/06/2026,30/06/2026,reconhecimento federal,Portaria SEDEC/MIDR nº 2.115,DOU (portaria SEDEC/MIDR),https://www.in.gov.br/web/dou/-/portaria-n-2.115-de-30-de-junho-de-2026-716321559
2413409,RN,Serra Negra do Norte,27/07/2026,16/07/2026,27/07/2026,reconhecimento federal,Portaria SEDEC/MIDR nº 2.420,DOU (portaria SEDEC/MIDR),https://www.in.gov.br/web/dou/-/portaria-n-2.420-de-27-de-julho-de-2026-721627710
2413300,RN,Serra de São Bento,30/06/2026,11/06/2026,30/06/2026,reconhecimento federal,Portaria SEDEC/MIDR nº 2.115,DOU (portaria SEDEC/MIDR),https://www.in.gov.br/web/dou/-/portaria-n-2.115-de-30-de-junho-de-2026-716321559
2411809,RN,São Fernando,27/07/2026,16/07/2026,27/07/2026,reconhecimento federal,Portaria SEDEC/MIDR nº 2.420,DOU (portaria SEDEC/MIDR),https://www.in.gov.br/web/dou/-/portaria-n-2.420-de-27-de-julho-de-2026-721627710
2412708,RN,São Pedro,29/09/2026,,,situação de emergência,Decreto nº 020/2026,Diário consorciado (via Diário Oficial dos Municípios do Rio Grande do Norte (FEMURN)),https://www-storage.voxtecnologia.com.br/?m=sigpub.publicacao&f=296&i=publicado_121357_2026-09-29_9e12cbe3ef2cf674ceecd37c82857c13.pdf
2412906,RN,São Tomé,01/10/2026,,,situação de emergência,Decreto nº 1257,Diário consorciado (via Diário Oficial dos Municípios do Rio Grande do Norte (FEMURN)),https://www-storage.voxtecnologia.com.br/?m=sigpub.publicacao&f=296&i=publicado_117687_2026-09-30_bde1a098647ec2e6ca5fd384cad8d196.pdf
2412906,RN,São Tomé,21/09/2026,08/09/2026,21/09/2026,reconhecimento federal,"Portaria SEDEC/MIDR (lote: nº 3.147, nº 3.147, nº 3.150, nº 3.151)","DOU (portaria SEDEC/MIDR), via notícia do MIDR",https://www.gov.br/mdr/pt-br/noticias-midr/reconhecida-emergencia-em-24-cidades-afetadas-por-desastres-2
2414001,RN,Tangará,08/09/2026,27/08/2026,08/09/2026,reconhecimento federal,"Portaria SEDEC/MIDR (lote: nº 2.942, nº 2.943)","DOU (portaria SEDEC/MIDR), via notícia do MIDR",https://www.gov.br/mdr/pt-br/noticias-midr/reconhecida-emergencia-em-11-cidades-afetadas-por-desastres-1
2414159,RN,Tenente Laurentino Cruz,15/07/2026,30/06/2026,15/07/2026,reconhecimento federal,Portaria SEDEC/MIDR nº 2.305,DOU (portaria SEDEC/MIDR),https://www.in.gov.br/web/dou/-/portaria-n-2.305-de-15-de-julho-de-2026-719725013
2414902,RN,VIÇOSA,22/09/2026,,,situação de emergência,Decreto nº 28/2026,Diário consorciado (via Diário Oficial dos Municípios do Rio Grande do Norte (FEMURN)),https://www-storage.voxtecnologia.com.br/?m=sigpub.publicacao&f=296&i=publicado_117680_2026-09-21_92df685e00e5ab6eeba09e8447dc5f14.pdf
1100106,RO,Guajará-Mirim,03/09/2026,19/08/2026,03/09/2026,reconhecimento federal,Portaria SEDEC/MIDR (lote: nº 2.886),"DOU (portaria SEDEC/MIDR), via notícia do MIDR",https://www.gov.br/mdr/pt-br/noticias-midr/reconhecida-emergencia-na-cidade-de-guajara-mirim-em-rondonia-afetada-por-erosao-de-margem-fluvial
1400175,RR,Cantá,25/09/2026,,,situação de emergência,Decreto nº 259,Diário consorciado (via Diário Oficial dos Municípios de Roraima (AMR)),https://www-storage.voxtecnologia.com.br/?m=sigpub.publicacao&f=17081&i=publicado_116413_2026-09-24_b426822857137d3227c5e8ced98fc71d.pdf
1400282,RR,Iracema,22/09/2026,,,situação de emergência,Decreto nº 061-,Diário consorciado (via Diário Oficial dos Municípios de Roraima (AMR)),https://www-storage.voxtecnologia.com.br/?m=sigpub.publicacao&f=17081&i=publicado_116410_2026-09-21_baa525cd868c070e034ce119bd2e418d.pdf
4300604,RS,Alvorada,21/08/2026,05/08/2026,21/08/2026,reconhecimento federal,Portaria SEDEC/MIDR nº 2.704,DOU (portaria SEDEC/MIDR),https://www.in.gov.br/web/dou/-/portaria-n-2.704-de-21-de-agosto-de-2026-727310275
4300646,RS,Ametista do Sul,04/09/2026,02/09/2026,04/09/2026,reconhecimento federal,Portaria SEDEC/MIDR nº 2.907,DOU (portaria SEDEC/MIDR),https://www.in.gov.br/web/dou/-/portaria-n-2.907-de-4-de-setembro-de-2026-730283772
4300646,RS,Ametista do Sul,05/08/2026,29/07/2026,05/08/2026,reconhecimento federal,"Portaria SEDEC/MIDR (lote: nº 2.520, nº 2.521, nº 2.521, nº 2.521, nº 2.522)","DOU (portaria SEDEC/MIDR), via notícia do MIDR",https://www.gov.br/mdr/pt-br/noticias-midr/reconhecida-emergencia-em-sete-cidades-afetadas-por-desastres
4300703,RS,Anta Gorda,14/08/2026,30/07/2026,14/08/2026,reconhecimento federal,"Portaria SEDEC/MIDR (lote: nº 2.606, nº 2.606, nº 2.607, nº 2.607, nº 2.608, nº 2.608, nº 2.609, nº 2.609)","DOU (portaria SEDEC/MIDR), via notícia do MIDR",https://www.gov.br/mdr/pt-br/noticias-midr/reconhecida-emergencia-em-18-cidades-afetadas-por-desastres-1
4301305,RS,Arroio Grande,14/09/2026,26/08/2026,14/09/2026,reconhecimento federal,"Portaria SEDEC/MIDR (lote: nº 3.031, nº 3.032, nº 3.034)","DOU (portaria SEDEC/MIDR), via notícia do MIDR",https://www.gov.br/mdr/pt-br/noticias-midr/reconhecida-emergencia-em-19-cidades-afetadas-por-desastres
4301073,RS,Arroio do Padre,10/09/2026,24/08/2026,10/09/2026,reconhecimento federal,Portaria SEDEC/MIDR nº 3.005,DOU (portaria SEDEC/MIDR),https://www.in.gov.br/web/dou/-/portaria-n-3.005-de-10-de-setembro-de-2026-731342970
4301206,RS,Arroio do Tigre,11/08/2026,27/07/2026,11/08/2026,reconhecimento federal,Portaria SEDEC/MIDR nº 2.579,DOU (portaria SEDEC/MIDR),https://www.in.gov.br/web/dou/-/portaria-n-2.579-de-11-de-agosto-de-2026-724729920
4301404,RS,Arvorezinha,19/08/2026,29/07/2026,19/08/2026,reconhecimento federal,"Portaria SEDEC/MIDR (lote: nº 2.645, nº 2.658, nº 2.659, nº 2.659, nº 2.667)","DOU (portaria SEDEC/MIDR), via notícia do MIDR",https://www.gov.br/mdr/pt-br/noticias-midr/reconhecida-emergencia-em-46-cidades-afetadas-por-desastres
4302600,RS,BRAGA,15/09/2026,,,situação de emergência,Decreto nº 077/2026,Diário consorciado (via Diário Oficial dos Municípios do Rio Grande do Sul (FAMURS)),https://www-storage.voxtecnologia.com.br/?m=sigpub.publicacao&f=159&i=publicado_117929_2026-09-14_615a413d1fb91005dddc79d271bb7dd5.pdf
4301602,RS,Bagé,19/08/2026,20/07/2026,19/08/2026,reconhecimento federal,"Portaria SEDEC/MIDR (lote: nº 2.645, nº 2.658, nº 2.659, nº 2.659, nº 2.667)","DOU (portaria SEDEC/MIDR), via notícia do MIDR",https://www.gov.br/mdr/pt-br/noticias-midr/reconhecida-emergencia-em-46-cidades-afetadas-por-desastres
4301958,RS,Barra Funda,03/08/2026,24/07/2026,03/08/2026,reconhecimento federal,"Portaria SEDEC/MIDR (lote: nº 2.484, nº 2.485, nº 2.486, nº 2.486, nº 2.486)","DOU (portaria SEDEC/MIDR), via notícia do MIDR",https://www.gov.br/mdr/pt-br/noticias-midr/reconhecida-emergencia-em-18-cidades-afetadas-por-desastres
4302006,RS,Barros Cassal,21/08/2026,04/08/2026,21/08/2026,reconhecimento federal,Portaria SEDEC/MIDR nº 2.704,DOU (portaria SEDEC/MIDR),https://www.in.gov.br/web/dou/-/portaria-n-2.704-de-21-de-agosto-de-2026-727310275
4301701,RS,Barão de Cotegipe,25/08/2026,27/07/2026,25/08/2026,reconhecimento federal,"Portaria SEDEC/MIDR (lote: nº 2.754, nº 2.757, nº 2.758, nº 2.759)","DOU (portaria SEDEC/MIDR), via notícia do MIDR",https://www.gov.br/mdr/pt-br/noticias-midr/reconhecida-emergencia-em-24-cidades-afetadas-por-desastres-1
4302055,RS,Benjamin Constant do Sul,29/09/2026,,,situação de emergência,Decreto nº 2.813/2026,Diário consorciado (via Diário Oficial dos Municípios do Rio Grande do Sul (FAMURS)),https://www-storage.voxtecnologia.com.br/?m=sigpub.publicacao&f=159&i=publicado_121359_2026-09-29_943fe043aed71ac07d67add1797a9cb3.pdf
4302154,RS,Boa Vista das Missões,10/09/2026,02/09/2026,10/09/2026,reconhecimento federal,"Portaria SEDEC/MIDR (lote: nº 3.003, nº 3.003, nº 3.005, nº 3.005)","DOU (portaria SEDEC/MIDR), via notícia do MIDR",https://www.gov.br/mdr/pt-br/noticias-midr/reconhecida-emergencia-em-21-cidades-afetadas-por-desastres
4302303,RS,Bom Jesus,01/10/2026,,,estado de calamidade publica,Decreto nº 9.100,Diário consorciado (via Diário Oficial dos Municípios do Rio Grande do Sul (FAMURS)),https://www-storage.voxtecnologia.com.br/?m=sigpub.publicacao&f=159&i=publicado_117941_2026-09-30_9171bd728f680cd8d4c7e5edd5699fa6.pdf
4302402,RS,Bom Retiro do Sul,28/08/2026,29/07/2026,28/08/2026,reconhecimento federal,"Portaria SEDEC/MIDR (lote: nº 2.808, nº 2.808, nº 2.808, nº 2.809, nº 2.810, nº 2811, nº 2811, nº 2811, nº 2.814, nº 2.814, nº 2.814)","DOU (portaria SEDEC/MIDR), via notícia do MIDR",https://www.gov.br/mdr/pt-br/noticias-midr/reconhecida-emergencia-em-12-cidades-afetadas-por-desastres
4302451,RS,Boqueirão do Leão,11/08/2026,28/07/2026,11/08/2026,reconhecimento federal,Portaria SEDEC/MIDR nº 2.579,DOU (portaria SEDEC/MIDR),https://www.in.gov.br/web/dou/-/portaria-n-2.579-de-11-de-agosto-de-2026-724729920
4302600,RS,Braga,23/07/2026,02/07/2026,23/07/2026,reconhecimento federal,Portaria SEDEC/MIDR nº 2.382,DOU (portaria SEDEC/MIDR),https://www.in.gov.br/web/dou/-/portaria-n-2.382-de-23-de-julho-de-2026-721085741
4302600,RS,Braga,28/09/2026,11/09/2026,28/09/2026,reconhecimento federal,Portaria SEDEC/MIDR nº 3.263,DOU (portaria SEDEC/MIDR),https://www.in.gov.br/web/dou/-/portaria-n-3.263-de-28-de-setembro-de-2026-735103331
4302709,RS,Butiá,24/09/2026,,,situação de emergência,Decreto nº 0255/2026,Diário consorciado (via Diário Oficial dos Municípios do Rio Grande do Sul (FAMURS)),https://www-storage.voxtecnologia.com.br/?m=sigpub.publicacao&f=159&i=publicado_117936_2026-09-23_9f0b65045a47b4d0af512b53164aac68.pdf
4302709,RS,Butiá,25/08/2026,07/08/2026,25/08/2026,reconhecimento federal,"Portaria SEDEC/MIDR (lote: nº 2.754, nº 2.757, nº 2.758, nº 2.759)","DOU (portaria SEDEC/MIDR), via notícia do MIDR",https://www.gov.br/mdr/pt-br/noticias-midr/reconhecida-emergencia-em-24-cidades-afetadas-por-desastres-1
4302907,RS,Cacequi,30/09/2026,,,situação de emergência,Decreto nº 429,Diário consorciado (via Diário Oficial dos Municípios do Rio Grande do Sul (FAMURS)),https://www-storage.voxtecnologia.com.br/?m=sigpub.publicacao&f=159&i=publicado_117940_2026-09-29_555585b47bfd9d71a1c0e206df9f8e05.pdf
4303004,RS,Cachoeira do Sul,14/09/2026,07/08/2026,14/09/2026,reconhecimento federal,Portaria SEDEC/MIDR nº 3.034,DOU (portaria SEDEC/MIDR),https://www.in.gov.br/web/dou/-/portaria-n-3.034-de-14-de-setembro-de-2026-731812545
4303004,RS,Cachoeira do Sul,23/07/2026,,,situação de emergência,Decreto municipal nº 108/2026,Diário oficial municipal (via Querido Diário),https://data.queridodiario.ok.org.br/4303004/2026-07-23/7edcfccd283e2f185d82ded814f7f0d8676fa2f8.pdf
4303004,RS,Cachoeira do Sul,28/07/2026,,,situação de emergência,Decreto municipal nº 112/2026,Diário oficial municipal (via Querido Diário),https://data.queridodiario.ok.org.br/4303004/2026-07-28/ad3a7d8de3c40b7522121f862d06ac7adaf006be.pdf
4303400,RS,Caiçara,14/09/2026,02/09/2026,14/09/2026,reconhecimento federal,"Portaria SEDEC/MIDR (lote: nº 3.031, nº 3.032, nº 3.034)","DOU (portaria SEDEC/MIDR), via notícia do MIDR",https://www.gov.br/mdr/pt-br/noticias-midr/reconhecida-emergencia-em-19-cidades-afetadas-por-desastres
4303558,RS,Camargo,04/09/2026,23/07/2026,04/09/2026,reconhecimento federal,Portaria SEDEC/MIDR nº 2.907,DOU (portaria SEDEC/MIDR),https://www.in.gov.br/web/dou/-/portaria-n-2.907-de-4-de-setembro-de-2026-730283772
4303707,RS,Campina das Missões,11/08/2026,27/07/2026,11/08/2026,reconhecimento federal,Portaria SEDEC/MIDR nº 2.579,DOU (portaria SEDEC/MIDR),https://www.in.gov.br/web/dou/-/portaria-n-2.579-de-11-de-agosto-de-2026-724729920
4303806,RS,Campinas do Sul,03/09/2026,02/09/2026,03/09/2026,reconhecimento federal,"Portaria SEDEC/MIDR (lote: nº 2.905, nº 2.907, nº 2.908)","DOU (portaria SEDEC/MIDR), via notícia do MIDR",https://www.gov.br/mdr/pt-br/noticias-midr/reconhecida-emergencia-em-11-cidades-afetadas-por-desastres
4304358,RS,Candiota,25/09/2026,,,situação de emergência,Decreto nº 5.194/2026,Diário consorciado (via Diário Oficial dos Municípios do Rio Grande do Sul (FAMURS)),https://www-storage.voxtecnologia.com.br/?m=sigpub.publicacao&f=159&i=publicado_117937_2026-09-24_e901901e7c63dba5f129438a0e658b82.pdf
4304408,RS,Canela,31/08/2026,29/08/2026,31/08/2026,reconhecimento federal,Portaria SEDEC/MIDR nº 2.819,DOU (portaria SEDEC/MIDR),https://www.in.gov.br/web/dou/-/portaria-n-2.819-de-31-de-agosto-de-2026-729410676
4304507,RS,Canguçu,25/08/2026,19/08/2026,25/08/2026,reconhecimento federal,"Portaria SEDEC/MIDR (lote: nº 2.754, nº 2.757, nº 2.758, nº 2.759)","DOU (portaria SEDEC/MIDR), via notícia do MIDR",https://www.gov.br/mdr/pt-br/noticias-midr/reconhecida-emergencia-em-24-cidades-afetadas-por-desastres-1
4304697,RS,Capitão,29/09/2026,,,situação de emergência,Decreto nº 074/2026,Diário consorciado (via Diário Oficial dos Municípios do Rio Grande do Sul (FAMURS)),https://www-storage.voxtecnologia.com.br/?m=sigpub.publicacao&f=159&i=publicado_117939_2026-09-28_96e235152b4323deddc24c1d9fdfadfa.pdf
4304622,RS,Capão Bonito do Sul,26/08/2026,28/07/2026,26/08/2026,reconhecimento federal,"Portaria SEDEC/MIDR (lote: nº 2.771, nº 2.772)","DOU (portaria SEDEC/MIDR), via notícia do MIDR",https://www.gov.br/mdr/pt-br/noticias-midr/reconhecida-emergencia-em-10-cidades-afetadas-por-desastres-1
4304655,RS,Capão do Cipó,16/09/2026,29/07/2026,16/09/2026,reconhecimento federal,"Portaria SEDEC/MIDR (lote: nº 3.072, nº 3.073, nº 3.073, nº 3.074, nº 3.074, nº 3.084)","DOU (portaria SEDEC/MIDR), via notícia do MIDR",https://www.gov.br/mdr/pt-br/noticias-midr/reconhecida-emergencia-em-24-cidades-afetadas-por-desastres
4304655,RS,Capão do Cipó,28/09/2026,,,situação de emergência,Decreto nº 43,Diário consorciado (via Diário Oficial dos Municípios do Rio Grande do Sul (FAMURS)),https://www-storage.voxtecnologia.com.br/?m=sigpub.publicacao&f=159&i=publicado_121352_2026-09-28_de32cef2cebc0c3c16c13de444dd92a7.pdf
4304663,RS,Capão do Leão,24/09/2026,25/08/2026,24/09/2026,reconhecimento federal,Portaria SEDEC/MIDR nº 3.195,DOU (portaria SEDEC/MIDR),https://www.in.gov.br/web/dou/-/portaria-n-3.195-de-24-de-setembro-de-2026-734428895
4304663,RS,Capão do Leão,29/09/2026,,,situação de emergência,Decreto nº 133/2026,Diário consorciado (via Diário Oficial dos Municípios do Rio Grande do Sul (FAMURS)),https://www-storage.voxtecnologia.com.br/?m=sigpub.publicacao&f=159&i=publicado_117939_2026-09-28_96e235152b4323deddc24c1d9fdfadfa.pdf
4304663,RS,Capão do Leão,30/09/2026,25/09/2026,30/09/2026,reconhecimento federal,Portaria SEDEC/MIDR nº 3.331,DOU (portaria SEDEC/MIDR),https://www.in.gov.br/web/dou/-/portaria-n-3.331-de-30-de-setembro-de-2026-735714582
4304903,RS,Casca,31/08/2026,27/07/2026,31/08/2026,reconhecimento federal,"Portaria SEDEC/MIDR (lote: nº 2.819, nº 2.819, nº 2.819, nº 2.823)","DOU (portaria SEDEC/MIDR), via notícia do MIDR",https://www.gov.br/mdr/pt-br/noticias-midr/reconhecida-emergencia-em-sete-cidades-afetadas-por-desastres-1
4304952,RS,Caseiros,12/08/2026,30/07/2026,12/08/2026,reconhecimento federal,"Portaria SEDEC/MIDR (lote: nº 2.582, nº 2.582, nº 2.583, nº 2.584, nº 2.584, nº 2.585, nº 2.585)","DOU (portaria SEDEC/MIDR), via notícia do MIDR",https://www.gov.br/mdr/pt-br/noticias-midr/reconhecida-emergencia-em-20-cidades-afetadas-por-desastres-1
4304952,RS,Caseiros,28/08/2026,13/08/2026,28/08/2026,reconhecimento federal,Portaria SEDEC/MIDR nº 2.808,DOU (portaria SEDEC/MIDR),https://www.in.gov.br/web/dou/-/portaria-n-2.808-de-28-de-agosto-de-2026-729106426
4305108,RS,Caxias do Sul,03/09/2026,06/08/2026,03/09/2026,reconhecimento federal,Portaria SEDEC/MIDR nº 2.884,DOU (portaria SEDEC/MIDR),https://www.in.gov.br/web/dou/-/portaria-n-2.884-de-3-de-setembro-de-2026-730216547
4305116,RS,Centenário,29/07/2026,09/07/2026,29/07/2026,reconhecimento federal,Portaria SEDEC/MIDR nº 2.449,DOU (portaria SEDEC/MIDR),https://www.in.gov.br/web/dou/-/portaria-n-2.449-de-29-de-julho-de-2026-722120479
4305124,RS,Cerrito,02/09/2026,21/08/2026,02/09/2026,reconhecimento federal,"Portaria SEDEC/MIDR (lote: nº 2.853, nº 2.855, nº 2.858, nº 2.865)","DOU (portaria SEDEC/MIDR), via notícia do MIDR",https://www.gov.br/mdr/pt-br/noticias-midr/reconhecida-emergencia-em-16-cidades-afetadas-por-desastres-2
4305124,RS,Cerrito,29/09/2026,23/09/2026,29/09/2026,reconhecimento federal,Portaria SEDEC/MIDR nº 3.298,"DOU (portaria SEDEC/MIDR), via notícia do MIDR",http://www.in.gov.br/web/dou/-/portaria-n-3.298-de-29-de-setembro-de-2026-735357538
4305157,RS,Cerro Grande,17/07/2026,03/07/2026,17/07/2026,reconhecimento federal,Portaria SEDEC/MIDR nº 2.343,DOU (portaria SEDEC/MIDR),https://www.in.gov.br/web/dou/-/portaria-n-2.343-de-17-de-julho-de-2026-720001503
4305157,RS,Cerro Grande,18/09/2026,14/09/2026,18/09/2026,reconhecimento federal,Portaria SEDEC/MIDR nº 3.121,DOU (portaria SEDEC/MIDR),https://www.in.gov.br/web/dou/-/portaria-n-3.121-de-18-de-setembro-de-2026-732965760
4305173,RS,Cerro Grande do Sul,11/08/2026,29/07/2026,11/08/2026,reconhecimento federal,Portaria SEDEC/MIDR nº 2.579,DOU (portaria SEDEC/MIDR),https://www.in.gov.br/web/dou/-/portaria-n-2.579-de-11-de-agosto-de-2026-724729920
4305207,RS,Cerro Largo,03/09/2026,30/07/2026,03/09/2026,reconhecimento federal,"Portaria SEDEC/MIDR (lote: nº 2.884, nº 2.885, nº 2.886, nº 2.890)","DOU (portaria SEDEC/MIDR), via notícia do MIDR",https://www.gov.br/mdr/pt-br/noticias-midr/reconhecida-emergencia-em-13-cidades-afetadas-por-desastres-1
4305355,RS,Charqueadas,25/08/2026,12/08/2026,25/08/2026,reconhecimento federal,"Portaria SEDEC/MIDR (lote: nº 2.754, nº 2.757, nº 2.758, nº 2.759)","DOU (portaria SEDEC/MIDR), via notícia do MIDR",https://www.gov.br/mdr/pt-br/noticias-midr/reconhecida-emergencia-em-24-cidades-afetadas-por-desastres-1
4305439,RS,Chuí,25/08/2026,11/08/2026,25/08/2026,reconhecimento federal,"Portaria SEDEC/MIDR (lote: nº 2.754, nº 2.757, nº 2.758, nº 2.759)","DOU (portaria SEDEC/MIDR), via notícia do MIDR",https://www.gov.br/mdr/pt-br/noticias-midr/reconhecida-emergencia-em-24-cidades-afetadas-por-desastres-1
4305504,RS,Ciríaco,27/08/2026,24/07/2026,27/08/2026,reconhecimento federal,"Portaria SEDEC/MIDR (lote: nº 2.793, nº 2.794, nº 2.795, nº 2.796)","DOU (portaria SEDEC/MIDR), via notícia do MIDR",https://www.gov.br/mdr/pt-br/noticias-midr/reconhecida-emergencia-em-16-cidades-afetadas-por-desastres-1
4305587,RS,Colinas,22/08/2026,22/07/2026,22/08/2026,reconhecimento federal,"Portaria SEDEC/MIDR (lote: nº 2.724, nº 2.727, nº 2.731, nº 2.735)","DOU (portaria SEDEC/MIDR), via notícia do MIDR",https://www.gov.br/mdr/pt-br/noticias-midr/reconhecida-emergencia-em-13-cidades-afetadas-por-desastres
4305603,RS,Colorado,06/08/2026,29/07/2026,06/08/2026,reconhecimento federal,"Portaria SEDEC/MIDR (lote: nº 2.546, nº 2.548, nº 2.548, nº 2.548, nº 2.549, nº 2.549, nº 2.553, nº 2.564)","DOU (portaria SEDEC/MIDR), via notícia do MIDR",https://www.gov.br/mdr/pt-br/noticias-midr/reconhecida-emergencia-em-oito-cidades-afetadas-por-desastres-1
4305801,RS,Constantina,10/09/2026,31/08/2026,10/09/2026,reconhecimento federal,"Portaria SEDEC/MIDR (lote: nº 3.003, nº 3.003, nº 3.005, nº 3.005)","DOU (portaria SEDEC/MIDR), via notícia do MIDR",https://www.gov.br/mdr/pt-br/noticias-midr/reconhecida-emergencia-em-21-cidades-afetadas-por-desastres
4305801,RS,Constantina,23/07/2026,06/07/2026,23/07/2026,reconhecimento federal,Portaria SEDEC/MIDR nº 2.382,DOU (portaria SEDEC/MIDR),https://www.in.gov.br/web/dou/-/portaria-n-2.382-de-23-de-julho-de-2026-721085741
4305850,RS,Coqueiros do Sul,19/08/2026,28/07/2026,19/08/2026,reconhecimento federal,"Portaria SEDEC/MIDR (lote: nº 2.645, nº 2.658, nº 2.659, nº 2.659, nº 2.667)","DOU (portaria SEDEC/MIDR), via notícia do MIDR",https://www.gov.br/mdr/pt-br/noticias-midr/reconhecida-emergencia-em-46-cidades-afetadas-por-desastres
4305900,RS,Coronel Bicaco,17/07/2026,03/07/2026,17/07/2026,reconhecimento federal,Portaria SEDEC/MIDR nº 2.343,DOU (portaria SEDEC/MIDR),https://www.in.gov.br/web/dou/-/portaria-n-2.343-de-17-de-julho-de-2026-720001503
4305959,RS,Cotiporã,01/10/2026,,01/10/2026,reconhecimento federal,Portaria SEDEC/MIDR nº 3.353,"DOU (portaria SEDEC/MIDR), via notícia do MIDR",http://www.in.gov.br/web/dou/-/portaria-n-3.353-de-1-de-outubro-de-2026-736035614
4305959,RS,Cotiporã,11/08/2026,24/07/2026,11/08/2026,reconhecimento federal,Portaria SEDEC/MIDR nº 2.579,DOU (portaria SEDEC/MIDR),https://www.in.gov.br/web/dou/-/portaria-n-2.579-de-11-de-agosto-de-2026-724729920
4306130,RS,Cruzaltense,10/09/2026,03/09/2026,10/09/2026,reconhecimento federal,"Portaria SEDEC/MIDR (lote: nº 3.003, nº 3.003, nº 3.005, nº 3.005)","DOU (portaria SEDEC/MIDR), via notícia do MIDR",https://www.gov.br/mdr/pt-br/noticias-midr/reconhecida-emergencia-em-21-cidades-afetadas-por-desastres
4306205,RS,Cruzeiro do Sul,26/08/2026,28/07/2026,26/08/2026,reconhecimento federal,"Portaria SEDEC/MIDR (lote: nº 2.771, nº 2.772)","DOU (portaria SEDEC/MIDR), via notícia do MIDR",https://www.gov.br/mdr/pt-br/noticias-midr/reconhecida-emergencia-em-10-cidades-afetadas-por-desastres-1
4304309,RS,Cândido Godói,17/08/2026,29/07/2026,17/08/2026,reconhecimento federal,"Portaria SEDEC/MIDR (lote: nº 2.622, nº 2.627)","DOU (portaria SEDEC/MIDR), via notícia do MIDR",https://www.gov.br/mdr/pt-br/noticias-midr/reconhecida-emergencia-em-10-cidades-afetadas-por-desastres
4306304,RS,David Canabarro,25/08/2026,22/07/2026,25/08/2026,reconhecimento federal,"Portaria SEDEC/MIDR (lote: nº 2.754, nº 2.757, nº 2.758, nº 2.759)","DOU (portaria SEDEC/MIDR), via notícia do MIDR",https://www.gov.br/mdr/pt-br/noticias-midr/reconhecida-emergencia-em-24-cidades-afetadas-por-desastres-1
4306429,RS,Dois Irmãos das Missões,03/09/2026,02/09/2026,03/09/2026,reconhecimento federal,"Portaria SEDEC/MIDR (lote: nº 2.905, nº 2.907, nº 2.908)","DOU (portaria SEDEC/MIDR), via notícia do MIDR",https://www.gov.br/mdr/pt-br/noticias-midr/reconhecida-emergencia-em-11-cidades-afetadas-por-desastres
4306429,RS,Dois Irmãos das Missões,23/07/2026,07/07/2026,23/07/2026,reconhecimento federal,Portaria SEDEC/MIDR nº 2.382,DOU (portaria SEDEC/MIDR),https://www.in.gov.br/web/dou/-/portaria-n-2.382-de-23-de-julho-de-2026-721085741
4306452,RS,Dois Lajeados,11/08/2026,30/07/2026,11/08/2026,reconhecimento federal,Portaria SEDEC/MIDR nº 2.579,DOU (portaria SEDEC/MIDR),https://www.in.gov.br/web/dou/-/portaria-n-2.579-de-11-de-agosto-de-2026-724729920
4306601,RS,Dom Pedrito,14/09/2026,25/08/2026,14/09/2026,reconhecimento federal,"Portaria SEDEC/MIDR (lote: nº 3.031, nº 3.032, nº 3.034)","DOU (portaria SEDEC/MIDR), via notícia do MIDR",https://www.gov.br/mdr/pt-br/noticias-midr/reconhecida-emergencia-em-19-cidades-afetadas-por-desastres
4306767,RS,Eldorado do Sul,10/09/2026,31/07/2026,10/09/2026,reconhecimento federal,"Portaria SEDEC/MIDR (lote: nº 3.003, nº 3.003, nº 3.005, nº 3.005)","DOU (portaria SEDEC/MIDR), via notícia do MIDR",https://www.gov.br/mdr/pt-br/noticias-midr/reconhecida-emergencia-em-21-cidades-afetadas-por-desastres
4306767,RS,Eldorado do Sul,23/07/2026,11/07/2026,23/07/2026,reconhecimento federal,Portaria SEDEC/MIDR nº 2.382,DOU (portaria SEDEC/MIDR),https://www.in.gov.br/web/dou/-/portaria-n-2.382-de-23-de-julho-de-2026-721085741
4306809,RS,Encantado,11/08/2026,22/07/2026,11/08/2026,reconhecimento federal,Portaria SEDEC/MIDR nº 2.579,DOU (portaria SEDEC/MIDR),https://www.in.gov.br/web/dou/-/portaria-n-2.579-de-11-de-agosto-de-2026-724729920
4307054,RS,Ernestina,19/08/2026,31/07/2026,19/08/2026,reconhecimento federal,Portaria SEDEC/MIDR nº 2.645,DOU (portaria SEDEC/MIDR),https://www.in.gov.br/web/dou/-/portaria-n-2.645-de-19-de-agosto-de-2026-726687651
4307302,RS,Erval Seco,17/07/2026,06/07/2026,17/07/2026,reconhecimento federal,Portaria SEDEC/MIDR nº 2.343,DOU (portaria SEDEC/MIDR),https://www.in.gov.br/web/dou/-/portaria-n-2.343-de-17-de-julho-de-2026-720001503
4307302,RS,Erval Seco,19/08/2026,05/08/2026,19/08/2026,reconhecimento federal,Portaria SEDEC/MIDR nº 2.645,DOU (portaria SEDEC/MIDR),https://www.in.gov.br/web/dou/-/portaria-n-2.645-de-19-de-agosto-de-2026-726687651
4307450,RS,Esperança do Sul,27/08/2026,29/07/2026,27/08/2026,reconhecimento federal,Portaria SEDEC/MIDR nº 2.796,DOU (portaria SEDEC/MIDR),https://www.in.gov.br/web/dou/-/portaria-n-2.796-de-27-de-agosto-de-2026-728583861
4307500,RS,Espumoso,21/08/2026,30/07/2026,21/08/2026,reconhecimento federal,Portaria SEDEC/MIDR nº 2.704,DOU (portaria SEDEC/MIDR),https://www.in.gov.br/web/dou/-/portaria-n-2.704-de-21-de-agosto-de-2026-727310275
4307807,RS,Estrela,11/08/2026,24/07/2026,11/08/2026,reconhecimento federal,Portaria SEDEC/MIDR nº 2.579,DOU (portaria SEDEC/MIDR),https://www.in.gov.br/web/dou/-/portaria-n-2.579-de-11-de-agosto-de-2026-724729920
4307807,RS,Estrela,23/09/2026,,,situação de emergência,Decreto municipal nº 181.,Diário oficial municipal (via Querido Diário),https://data.queridodiario.ok.org.br/4307807/2026-09-23/af735a0f519ce73e1856ee726d17a25135bf84bd.pdf
4307815,RS,Estrela Velha,11/08/2026,30/07/2026,11/08/2026,reconhecimento federal,Portaria SEDEC/MIDR nº 2.579,DOU (portaria SEDEC/MIDR),https://www.in.gov.br/web/dou/-/portaria-n-2.579-de-11-de-agosto-de-2026-724729920
4307864,RS,Fagundes Varela,25/09/2026,,,situação de emergência,Decreto nº 2.658,Diário consorciado (via Diário Oficial dos Municípios do Rio Grande do Sul (FAMURS)),https://www-storage.voxtecnologia.com.br/?m=sigpub.publicacao&f=159&i=publicado_117937_2026-09-24_e901901e7c63dba5f129438a0e658b82.pdf
4308102,RS,Feliz,29/07/2026,23/07/2026,29/07/2026,reconhecimento federal,Portaria SEDEC/MIDR nº 2.449,DOU (portaria SEDEC/MIDR),https://www.in.gov.br/web/dou/-/portaria-n-2.449-de-29-de-julho-de-2026-722120479
4308201,RS,Flores da Cunha,22/08/2026,06/08/2026,22/08/2026,reconhecimento federal,Portaria SEDEC/MIDR nº 2.724,DOU (portaria SEDEC/MIDR),https://www.in.gov.br/web/dou/-/portaria-n-2.724-de-22-de-agosto-de-2026-727766152
4308250,RS,Floriano Peixoto,23/07/2026,09/07/2026,23/07/2026,reconhecimento federal,Portaria SEDEC/MIDR nº 2.382,DOU (portaria SEDEC/MIDR),https://www.in.gov.br/web/dou/-/portaria-n-2.382-de-23-de-julho-de-2026-721085741
4308409,RS,Formigueiro,15/07/2026,01/06/2026,15/07/2026,reconhecimento federal,Portaria SEDEC/MIDR nº 2.304,DOU (portaria SEDEC/MIDR),https://www.in.gov.br/web/dou/-/portaria-n-2.304-de-15-de-julho-de-2026-719783854
4308508,RS,Frederico Westphalen,05/08/2026,28/07/2026,05/08/2026,reconhecimento federal,Portaria SEDEC/MIDR nº 2.520,DOU (portaria SEDEC/MIDR),https://www.in.gov.br/web/dou/-/portaria-n-2.520-de-5-de-agosto-de-2026-723742387
4308706,RS,Gaurama,19/08/2026,29/07/2026,19/08/2026,reconhecimento federal,"Portaria SEDEC/MIDR (lote: nº 2.645, nº 2.658, nº 2.659, nº 2.659, nº 2.667)","DOU (portaria SEDEC/MIDR), via notícia do MIDR",https://www.gov.br/mdr/pt-br/noticias-midr/reconhecida-emergencia-em-46-cidades-afetadas-por-desastres
4308805,RS,General Câmara,14/08/2026,28/07/2026,14/08/2026,reconhecimento federal,"Portaria SEDEC/MIDR (lote: nº 2.606, nº 2.606, nº 2.607, nº 2.607, nº 2.608, nº 2.608, nº 2.609, nº 2.609)","DOU (portaria SEDEC/MIDR), via notícia do MIDR",https://www.gov.br/mdr/pt-br/noticias-midr/reconhecida-emergencia-em-18-cidades-afetadas-por-desastres-1
4308805,RS,General Câmara,24/09/2026,,,situação de emergência,Decreto nº 107,Diário consorciado (via Diário Oficial dos Municípios do Rio Grande do Sul (FAMURS)),https://www-storage.voxtecnologia.com.br/?m=sigpub.publicacao&f=159&i=publicado_121333_2026-09-24_17b629e8ce8fd14e16108c6551c2e1bd.pdf
4308854,RS,Gentil,11/08/2026,23/07/2026,11/08/2026,reconhecimento federal,Portaria SEDEC/MIDR nº 2.579,DOU (portaria SEDEC/MIDR),https://www.in.gov.br/web/dou/-/portaria-n-2.579-de-11-de-agosto-de-2026-724729920
4308904,RS,Getúlio Vargas,21/08/2026,23/07/2026,21/08/2026,reconhecimento federal,Portaria SEDEC/MIDR nº 2.704,DOU (portaria SEDEC/MIDR),https://www.in.gov.br/web/dou/-/portaria-n-2.704-de-21-de-agosto-de-2026-727310275
4308904,RS,Getúlio Vargas,23/07/2026,02/07/2026,23/07/2026,reconhecimento federal,Portaria SEDEC/MIDR nº 2.382,DOU (portaria SEDEC/MIDR),https://www.in.gov.br/web/dou/-/portaria-n-2.382-de-23-de-julho-de-2026-721085741
4309001,RS,Giruá,11/08/2026,31/07/2026,11/08/2026,reconhecimento federal,Portaria SEDEC/MIDR nº 2.579,DOU (portaria SEDEC/MIDR),https://www.in.gov.br/web/dou/-/portaria-n-2.579-de-11-de-agosto-de-2026-724729920
4309050,RS,Glorinha,03/08/2026,14/07/2026,03/08/2026,reconhecimento federal,"Portaria SEDEC/MIDR (lote: nº 2.484, nº 2.485, nº 2.486, nº 2.486, nº 2.486)","DOU (portaria SEDEC/MIDR), via notícia do MIDR",https://www.gov.br/mdr/pt-br/noticias-midr/reconhecida-emergencia-em-18-cidades-afetadas-por-desastres
4309126,RS,Gramado dos Loureiros,10/09/2026,01/09/2026,10/09/2026,reconhecimento federal,"Portaria SEDEC/MIDR (lote: nº 3.003, nº 3.003, nº 3.005, nº 3.005)","DOU (portaria SEDEC/MIDR), via notícia do MIDR",https://www.gov.br/mdr/pt-br/noticias-midr/reconhecida-emergencia-em-21-cidades-afetadas-por-desastres
4309506,RS,Guarani das Missões,02/10/2026,,,situação de emergência,Decreto nº 3.434,Diário consorciado (via Diário Oficial dos Municípios do Rio Grande do Sul (FAMURS)),https://www-storage.voxtecnologia.com.br/?m=sigpub.publicacao&f=159&i=publicado_117942_2026-10-01_7715a5d13f59dad3fe0f1e0383773e49.pdf
4309506,RS,Guarani das Missões,03/09/2026,,,situação de emergência,Decreto nº 3.404,Diário consorciado (via Diário Oficial dos Municípios do Rio Grande do Sul (FAMURS)),https://www-storage.voxtecnologia.com.br/?m=sigpub.publicacao&f=159&i=publicado_117922_2026-09-02_eaae9d8d6ca5cf2ed336b560eeb2357b.pdf
4307104,RS,Herval,22/08/2026,10/08/2026,22/08/2026,reconhecimento federal,Portaria SEDEC/MIDR nº 2.724,DOU (portaria SEDEC/MIDR),https://www.in.gov.br/web/dou/-/portaria-n-2.724-de-22-de-agosto-de-2026-727766152
4309704,RS,Humaitá,23/07/2026,06/07/2026,23/07/2026,reconhecimento federal,Portaria SEDEC/MIDR nº 2.382,DOU (portaria SEDEC/MIDR),https://www.in.gov.br/web/dou/-/portaria-n-2.382-de-23-de-julho-de-2026-721085741
4309803,RS,Ibiaçá,21/08/2026,24/07/2026,21/08/2026,reconhecimento federal,Portaria SEDEC/MIDR nº 2.704,DOU (portaria SEDEC/MIDR),https://www.in.gov.br/web/dou/-/portaria-n-2.704-de-21-de-agosto-de-2026-727310275
4309902,RS,Ibiraiaras,20/08/2026,29/07/2026,20/08/2026,reconhecimento federal,"Portaria SEDEC/MIDR (lote: nº 2.677, nº 2.678)","DOU (portaria SEDEC/MIDR), via notícia do MIDR",https://www.gov.br/mdr/pt-br/noticias-midr/reconhecida-emergencia-em-duas-cidades-afetadas-por-desastres
4310306,RS,Ilópolis,12/08/2026,04/08/2026,12/08/2026,reconhecimento federal,"Portaria SEDEC/MIDR (lote: nº 2.582, nº 2.582, nº 2.583, nº 2.584, nº 2.584, nº 2.585, nº 2.585)","DOU (portaria SEDEC/MIDR), via notícia do MIDR",https://www.gov.br/mdr/pt-br/noticias-midr/reconhecida-emergencia-em-20-cidades-afetadas-por-desastres-1
4310363,RS,Imigrante,02/09/2026,04/08/2026,02/09/2026,reconhecimento federal,"Portaria SEDEC/MIDR (lote: nº 2.853, nº 2.855, nº 2.858, nº 2.865)","DOU (portaria SEDEC/MIDR), via notícia do MIDR",https://www.gov.br/mdr/pt-br/noticias-midr/reconhecida-emergencia-em-16-cidades-afetadas-por-desastres-2
4310462,RS,Ipiranga do Sul,16/09/2026,31/08/2026,16/09/2026,reconhecimento federal,"Portaria SEDEC/MIDR (lote: nº 3.072, nº 3.073, nº 3.073, nº 3.074, nº 3.074, nº 3.084)","DOU (portaria SEDEC/MIDR), via notícia do MIDR",https://www.gov.br/mdr/pt-br/noticias-midr/reconhecida-emergencia-em-24-cidades-afetadas-por-desastres
4310504,RS,Iraí,09/09/2026,31/08/2026,09/09/2026,reconhecimento federal,"Portaria SEDEC/MIDR (lote: nº 2.970, nº 2.971, nº 2.972)","DOU (portaria SEDEC/MIDR), via notícia do MIDR",https://www.gov.br/mdr/pt-br/noticias-midr/reconhecida-emergencia-em-14-cidades-afetadas-por-desastres
4310504,RS,Iraí,25/09/2026,,,situação de emergência,Decreto nº 053/2026,Diário consorciado (via Diário Oficial dos Municípios do Rio Grande do Sul (FAMURS)),https://www-storage.voxtecnologia.com.br/?m=sigpub.publicacao&f=159&i=publicado_117937_2026-09-24_e901901e7c63dba5f129438a0e658b82.pdf
4310579,RS,Itapuca,26/08/2026,04/08/2026,26/08/2026,reconhecimento federal,"Portaria SEDEC/MIDR (lote: nº 2.771, nº 2.772)","DOU (portaria SEDEC/MIDR), via notícia do MIDR",https://www.gov.br/mdr/pt-br/noticias-midr/reconhecida-emergencia-em-10-cidades-afetadas-por-desastres-1
4310603,RS,Itaqui,11/08/2026,30/07/2026,11/08/2026,reconhecimento federal,Portaria SEDEC/MIDR nº 2.579,DOU (portaria SEDEC/MIDR),https://www.in.gov.br/web/dou/-/portaria-n-2.579-de-11-de-agosto-de-2026-724729920
4311007,RS,JAGUARÃO,25/09/2026,,,situação de emergência,Decreto nº 227/2026,Diário consorciado (via Diário Oficial dos Municípios do Rio Grande do Sul (FAMURS)),https://www-storage.voxtecnologia.com.br/?m=sigpub.publicacao&f=159&i=publicado_117937_2026-09-24_e901901e7c63dba5f129438a0e658b82.pdf
4310850,RS,Jaboticaba,04/09/2026,31/08/2026,04/09/2026,reconhecimento federal,Portaria SEDEC/MIDR nº 2.907,DOU (portaria SEDEC/MIDR),https://www.in.gov.br/web/dou/-/portaria-n-2.907-de-4-de-setembro-de-2026-730283772
4310876,RS,Jacuizinho,21/08/2026,05/08/2026,21/08/2026,reconhecimento federal,Portaria SEDEC/MIDR nº 2.704,DOU (portaria SEDEC/MIDR),https://www.in.gov.br/web/dou/-/portaria-n-2.704-de-21-de-agosto-de-2026-727310275
4310900,RS,Jacutinga,23/07/2026,06/07/2026,23/07/2026,reconhecimento federal,Portaria SEDEC/MIDR nº 2.382,DOU (portaria SEDEC/MIDR),https://www.in.gov.br/web/dou/-/portaria-n-2.382-de-23-de-julho-de-2026-721085741
4311106,RS,Jaguari,31/08/2026,29/07/2026,31/08/2026,reconhecimento federal,"Portaria SEDEC/MIDR (lote: nº 2.819, nº 2.819, nº 2.819, nº 2.823)","DOU (portaria SEDEC/MIDR), via notícia do MIDR",https://www.gov.br/mdr/pt-br/noticias-midr/reconhecida-emergencia-em-sete-cidades-afetadas-por-desastres-1
4311007,RS,Jaguarão,25/08/2026,19/08/2026,25/08/2026,reconhecimento federal,"Portaria SEDEC/MIDR (lote: nº 2.754, nº 2.757, nº 2.758, nº 2.759)","DOU (portaria SEDEC/MIDR), via notícia do MIDR",https://www.gov.br/mdr/pt-br/noticias-midr/reconhecida-emergencia-em-24-cidades-afetadas-por-desastres-1
4311007,RS,Jaguarão,25/09/2026,22/09/2026,25/09/2026,reconhecimento federal,Portaria SEDEC/MIDR nº 3.255,"DOU (portaria SEDEC/MIDR), via notícia do MIDR",http://www.in.gov.br/web/dou/-/portaria-n-3.255-de-25-de-setembro-de-2026-734861313
4311130,RS,Jari,28/08/2026,05/08/2026,28/08/2026,reconhecimento federal,"Portaria SEDEC/MIDR (lote: nº 2.808, nº 2.808, nº 2.808, nº 2.809, nº 2.810, nº 2811, nº 2811, nº 2811, nº 2.814, nº 2.814, nº 2.814)","DOU (portaria SEDEC/MIDR), via notícia do MIDR",https://www.gov.br/mdr/pt-br/noticias-midr/reconhecida-emergencia-em-12-cidades-afetadas-por-desastres
4311304,RS,Lagoa Vermelha,21/08/2026,28/07/2026,21/08/2026,reconhecimento federal,Portaria SEDEC/MIDR nº 2.704,DOU (portaria SEDEC/MIDR),https://www.in.gov.br/web/dou/-/portaria-n-2.704-de-21-de-agosto-de-2026-727310275
4311270,RS,Lagoa dos Três Cantos,21/08/2026,04/08/2026,21/08/2026,reconhecimento federal,Portaria SEDEC/MIDR nº 2.704,DOU (portaria SEDEC/MIDR),https://www.in.gov.br/web/dou/-/portaria-n-2.704-de-21-de-agosto-de-2026-727310275
4311254,RS,Lagoão,04/09/2026,07/08/2026,04/09/2026,reconhecimento federal,Portaria SEDEC/MIDR nº 2.907,DOU (portaria SEDEC/MIDR),https://www.in.gov.br/web/dou/-/portaria-n-2.907-de-4-de-setembro-de-2026-730283772
4311403,RS,Lajeado,09/09/2026,22/07/2026,09/09/2026,reconhecimento federal,"Portaria SEDEC/MIDR (lote: nº 2.970, nº 2.971, nº 2.972)","DOU (portaria SEDEC/MIDR), via notícia do MIDR",https://www.gov.br/mdr/pt-br/noticias-midr/reconhecida-emergencia-em-14-cidades-afetadas-por-desastres
4311601,RS,Liberato Salzano,04/09/2026,31/08/2026,04/09/2026,reconhecimento federal,Portaria SEDEC/MIDR nº 2.907,DOU (portaria SEDEC/MIDR),https://www.in.gov.br/web/dou/-/portaria-n-2.907-de-4-de-setembro-de-2026-730283772
4311601,RS,Liberato Salzano,17/07/2026,02/07/2026,17/07/2026,reconhecimento federal,Portaria SEDEC/MIDR nº 2.343,DOU (portaria SEDEC/MIDR),https://www.in.gov.br/web/dou/-/portaria-n-2.343-de-17-de-julho-de-2026-720001503
4311700,RS,Machadinho,27/08/2026,29/07/2026,27/08/2026,reconhecimento federal,"Portaria SEDEC/MIDR (lote: nº 2.793, nº 2.794, nº 2.795, nº 2.796)","DOU (portaria SEDEC/MIDR), via notícia do MIDR",https://www.gov.br/mdr/pt-br/noticias-midr/reconhecida-emergencia-em-16-cidades-afetadas-por-desastres-1
4311809,RS,Marau,19/08/2026,22/07/2026,19/08/2026,reconhecimento federal,"Portaria SEDEC/MIDR (lote: nº 2.645, nº 2.658, nº 2.659, nº 2.659, nº 2.667)","DOU (portaria SEDEC/MIDR), via notícia do MIDR",https://www.gov.br/mdr/pt-br/noticias-midr/reconhecida-emergencia-em-46-cidades-afetadas-por-desastres
4311908,RS,Marcelino Ramos,01/09/2026,,01/09/2026,reconhecimento federal,"Portaria SEDEC/MIDR (lote: nº 2.839, nº 2850)","DOU (portaria SEDEC/MIDR), via notícia do MIDR",https://www.gov.br/mdr/pt-br/noticias-midr/reconhecida-emergencia-em-tres-cidades-afetadas-por-desastres-2
4312054,RS,Marques de Souza,03/08/2026,29/07/2026,03/08/2026,reconhecimento federal,"Portaria SEDEC/MIDR (lote: nº 2.484, nº 2.485, nº 2.486, nº 2.486, nº 2.486)","DOU (portaria SEDEC/MIDR), via notícia do MIDR",https://www.gov.br/mdr/pt-br/noticias-midr/reconhecida-emergencia-em-18-cidades-afetadas-por-desastres
4312203,RS,Maximiliano de Almeida,17/08/2026,28/07/2026,17/08/2026,reconhecimento federal,"Portaria SEDEC/MIDR (lote: nº 2.622, nº 2.627)","DOU (portaria SEDEC/MIDR), via notícia do MIDR",https://www.gov.br/mdr/pt-br/noticias-midr/reconhecida-emergencia-em-10-cidades-afetadas-por-desastres
4312252,RS,Minas do Leão,12/08/2026,07/08/2026,12/08/2026,reconhecimento federal,Portaria SEDEC/MIDR nº 2.582,DOU (portaria SEDEC/MIDR),https://www.in.gov.br/web/dou/-/portaria-n-2.582-de-12-de-agosto-de-2026-725000932
4312401,RS,Montenegro,31/08/2026,13/08/2026,31/08/2026,reconhecimento federal,Portaria SEDEC/MIDR nº 2.819,DOU (portaria SEDEC/MIDR),https://www.in.gov.br/web/dou/-/portaria-n-2.819-de-31-de-agosto-de-2026-729410676
4312450,RS,Morro Redondo,30/09/2026,22/09/2026,30/09/2026,reconhecimento federal,Portaria SEDEC/MIDR nº 3.331,DOU (portaria SEDEC/MIDR),https://www.in.gov.br/web/dou/-/portaria-n-3.331-de-30-de-setembro-de-2026-735714582
4312500,RS,Mostardas,25/09/2026,,,situação de emergência,Decreto nº 10005,Diário consorciado (via Diário Oficial dos Municípios do Rio Grande do Sul (FAMURS)),https://www-storage.voxtecnologia.com.br/?m=sigpub.publicacao&f=159&i=publicado_117937_2026-09-24_e901901e7c63dba5f129438a0e658b82.pdf
4312625,RS,Muliterno,08/09/2026,,,situação de emergência,Decreto nº 1.325/2026,Diário consorciado (via Diário Oficial dos Municípios do Rio Grande do Sul (FAMURS)),https://www-storage.voxtecnologia.com.br/?m=sigpub.publicacao&f=159&i=publicado_117924_2026-09-04_4f88791431ff5b00de1c25b5a0503040.pdf
4312625,RS,Muliterno,10/09/2026,05/08/2026,10/09/2026,reconhecimento federal,"Portaria SEDEC/MIDR (lote: nº 3.003, nº 3.003, nº 3.005, nº 3.005)","DOU (portaria SEDEC/MIDR), via notícia do MIDR",https://www.gov.br/mdr/pt-br/noticias-midr/reconhecida-emergencia-em-21-cidades-afetadas-por-desastres
4312625,RS,Muliterno,21/08/2026,29/07/2026,21/08/2026,reconhecimento federal,Portaria SEDEC/MIDR nº 2.704,DOU (portaria SEDEC/MIDR),https://www.in.gov.br/web/dou/-/portaria-n-2.704-de-21-de-agosto-de-2026-727310275
4312609,RS,Muçum,11/08/2026,22/07/2026,11/08/2026,reconhecimento federal,Portaria SEDEC/MIDR nº 2.579,DOU (portaria SEDEC/MIDR),https://www.in.gov.br/web/dou/-/portaria-n-2.579-de-11-de-agosto-de-2026-724729920
4312906,RS,Nova Bassano,05/08/2026,23/07/2026,05/08/2026,reconhecimento federal,"Portaria SEDEC/MIDR (lote: nº 2.520, nº 2.521, nº 2.521, nº 2.521, nº 2.522)","DOU (portaria SEDEC/MIDR), via notícia do MIDR",https://www.gov.br/mdr/pt-br/noticias-midr/reconhecida-emergencia-em-sete-cidades-afetadas-por-desastres
4312906,RS,Nova Bassano,30/09/2026,22/09/2026,30/09/2026,reconhecimento federal,Portaria SEDEC/MIDR nº 3.331,DOU (portaria SEDEC/MIDR),https://www.in.gov.br/web/dou/-/portaria-n-3.331-de-30-de-setembro-de-2026-735714582
4313375,RS,Nova Santa Rita,29/09/2026,21/09/2026,29/09/2026,reconhecimento federal,Portaria SEDEC/MIDR nº 3.298,"DOU (portaria SEDEC/MIDR), via notícia do MIDR",http://www.in.gov.br/web/dou/-/portaria-n-3.298-de-29-de-setembro-de-2026-735357538
4313441,RS,Novo Tiradentes,17/07/2026,03/07/2026,17/07/2026,reconhecimento federal,Portaria SEDEC/MIDR nº 2.343,DOU (portaria SEDEC/MIDR),https://www.in.gov.br/web/dou/-/portaria-n-2.343-de-17-de-julho-de-2026-720001503
4312658,RS,Não-Me-Toque,25/08/2026,29/07/2026,25/08/2026,reconhecimento federal,"Portaria SEDEC/MIDR (lote: nº 2.754, nº 2.757, nº 2.758, nº 2.759)","DOU (portaria SEDEC/MIDR), via notícia do MIDR",https://www.gov.br/mdr/pt-br/noticias-midr/reconhecida-emergencia-em-24-cidades-afetadas-por-desastres-1
4313607,RS,Paim Filho,14/09/2026,03/09/2026,14/09/2026,reconhecimento federal,"Portaria SEDEC/MIDR (lote: nº 3.031, nº 3.032, nº 3.034)","DOU (portaria SEDEC/MIDR), via notícia do MIDR",https://www.gov.br/mdr/pt-br/noticias-midr/reconhecida-emergencia-em-19-cidades-afetadas-por-desastres
4313706,RS,Palmeira das Missões,27/07/2026,08/07/2026,27/07/2026,reconhecimento federal,Portaria SEDEC/MIDR nº 2.417,DOU (portaria SEDEC/MIDR),https://www.in.gov.br/web/dou/-/portaria-n-2.417-de-27-de-julho-de-2026-721609441
4313805,RS,Palmitinho,31/07/2026,24/07/2026,31/07/2026,reconhecimento federal,"Portaria SEDEC/MIDR (lote: nº 2.475, nº 2.475, nº 2.475, nº 2.476, nº 2.477, nº 2.477, nº 2.477)","DOU (portaria SEDEC/MIDR), via notícia do MIDR",https://www.gov.br/mdr/pt-br/noticias-midr/reconhecida-emergencia-em-seis-cidades-afetadas-por-desastres
4313953,RS,Pantano Grande,25/08/2026,12/08/2026,25/08/2026,reconhecimento federal,"Portaria SEDEC/MIDR (lote: nº 2.754, nº 2.757, nº 2.758, nº 2.759)","DOU (portaria SEDEC/MIDR), via notícia do MIDR",https://www.gov.br/mdr/pt-br/noticias-midr/reconhecida-emergencia-em-24-cidades-afetadas-por-desastres-1
4314001,RS,Paraí,21/08/2026,30/07/2026,21/08/2026,reconhecimento federal,Portaria SEDEC/MIDR nº 2.704,DOU (portaria SEDEC/MIDR),https://www.in.gov.br/web/dou/-/portaria-n-2.704-de-21-de-agosto-de-2026-727310275
4314035,RS,Pareci Novo,24/09/2026,,,situação de emergência,Decreto nº 2601/2026.,Diário consorciado (via Diário Oficial dos Municípios do Rio Grande do Sul (FAMURS)),https://www-storage.voxtecnologia.com.br/?m=sigpub.publicacao&f=159&i=publicado_117936_2026-09-23_9f0b65045a47b4d0af512b53164aac68.pdf
4314050,RS,Parobé,16/09/2026,07/08/2026,16/09/2026,reconhecimento federal,"Portaria SEDEC/MIDR (lote: nº 3.072, nº 3.073, nº 3.073, nº 3.074, nº 3.074, nº 3.084)","DOU (portaria SEDEC/MIDR), via notícia do MIDR",https://www.gov.br/mdr/pt-br/noticias-midr/reconhecida-emergencia-em-24-cidades-afetadas-por-desastres
4314068,RS,Passa Sete,11/08/2026,23/07/2026,11/08/2026,reconhecimento federal,Portaria SEDEC/MIDR nº 2.579,DOU (portaria SEDEC/MIDR),https://www.in.gov.br/web/dou/-/portaria-n-2.579-de-11-de-agosto-de-2026-724729920
4314068,RS,Passa Sete,21/08/2026,10/08/2026,21/08/2026,reconhecimento federal,Portaria SEDEC/MIDR nº 2.704,DOU (portaria SEDEC/MIDR),https://www.in.gov.br/web/dou/-/portaria-n-2.704-de-21-de-agosto-de-2026-727310275
4314134,RS,Paulo Bento,27/07/2026,09/07/2026,27/07/2026,reconhecimento federal,Portaria SEDEC/MIDR nº 2.417,DOU (portaria SEDEC/MIDR),https://www.in.gov.br/web/dou/-/portaria-n-2.417-de-27-de-julho-de-2026-721609441
4314175,RS,Pedras Altas,03/09/2026,21/08/2026,03/09/2026,reconhecimento federal,"Portaria SEDEC/MIDR (lote: nº 2.884, nº 2.885, nº 2.886, nº 2.890)","DOU (portaria SEDEC/MIDR), via notícia do MIDR",https://www.gov.br/mdr/pt-br/noticias-midr/reconhecida-emergencia-em-13-cidades-afetadas-por-desastres-1
4314209,RS,Pedro Osório,03/09/2026,10/08/2026,03/09/2026,reconhecimento federal,"Portaria SEDEC/MIDR (lote: nº 2.884, nº 2.885, nº 2.886, nº 2.890)","DOU (portaria SEDEC/MIDR), via notícia do MIDR",https://www.gov.br/mdr/pt-br/noticias-midr/reconhecida-emergencia-em-13-cidades-afetadas-por-desastres-1
4314209,RS,Pedro Osório,10/09/2026,20/08/2026,10/09/2026,reconhecimento federal,"Portaria SEDEC/MIDR (lote: nº 3.003, nº 3.003, nº 3.005, nº 3.005)","DOU (portaria SEDEC/MIDR), via notícia do MIDR",https://www.gov.br/mdr/pt-br/noticias-midr/reconhecida-emergencia-em-21-cidades-afetadas-por-desastres
4314407,RS,Pelotas,02/09/2026,17/08/2026,02/09/2026,reconhecimento federal,"Portaria SEDEC/MIDR (lote: nº 2.853, nº 2.855, nº 2.858, nº 2.865)","DOU (portaria SEDEC/MIDR), via notícia do MIDR",https://www.gov.br/mdr/pt-br/noticias-midr/reconhecida-emergencia-em-16-cidades-afetadas-por-desastres-2
4314407,RS,Pelotas,27/08/2026,07/08/2026,27/08/2026,reconhecimento federal,"Portaria SEDEC/MIDR (lote: nº 2.793, nº 2.794, nº 2.795, nº 2.796)","DOU (portaria SEDEC/MIDR), via notícia do MIDR",https://www.gov.br/mdr/pt-br/noticias-midr/reconhecida-emergencia-em-16-cidades-afetadas-por-desastres-1
4314456,RS,Pinhal,23/09/2026,14/09/2026,23/09/2026,reconhecimento federal,Portaria SEDEC/MIDR nº 3.171,"DOU (portaria SEDEC/MIDR), via notícia do MIDR",http://www.in.gov.br/web/dou/-/portaria-n-3.171-de-23-de-setembro-de-2026-733730824
4314506,RS,Pinheiro Machado,25/09/2026,,,situação de emergência,Decreto nº 1629,Diário consorciado (via Diário Oficial dos Municípios do Rio Grande do Sul (FAMURS)),https://www-storage.voxtecnologia.com.br/?m=sigpub.publicacao&f=159&i=publicado_117937_2026-09-24_e901901e7c63dba5f129438a0e658b82.pdf
4314506,RS,Pinheiro Machado,31/08/2026,20/08/2026,31/08/2026,reconhecimento federal,"Portaria SEDEC/MIDR (lote: nº 2.819, nº 2.819, nº 2.819, nº 2.823)","DOU (portaria SEDEC/MIDR), via notícia do MIDR",https://www.gov.br/mdr/pt-br/noticias-midr/reconhecida-emergencia-em-sete-cidades-afetadas-por-desastres-1
4314605,RS,Piratini,24/09/2026,26/08/2026,24/09/2026,reconhecimento federal,Portaria SEDEC/MIDR nº 3.195,DOU (portaria SEDEC/MIDR),https://www.in.gov.br/web/dou/-/portaria-n-3.195-de-24-de-setembro-de-2026-734428895
4314605,RS,Piratini,25/08/2026,09/08/2026,25/08/2026,reconhecimento federal,Portaria SEDEC/MIDR nº 2.754,DOU (portaria SEDEC/MIDR),https://www.in.gov.br/web/dou/-/portaria-n-2.754-de-25-de-agosto-de-2026-727978015
4314605,RS,Piratini,30/09/2026,23/09/2026,30/09/2026,reconhecimento federal,Portaria SEDEC/MIDR nº 3.331,DOU (portaria SEDEC/MIDR),https://www.in.gov.br/web/dou/-/portaria-n-3.331-de-30-de-setembro-de-2026-735714582
4314704,RS,Planalto,16/09/2026,02/09/2026,16/09/2026,reconhecimento federal,"Portaria SEDEC/MIDR (lote: nº 3.072, nº 3.073, nº 3.073, nº 3.074, nº 3.074, nº 3.084)","DOU (portaria SEDEC/MIDR), via notícia do MIDR",https://www.gov.br/mdr/pt-br/noticias-midr/reconhecida-emergencia-em-24-cidades-afetadas-por-desastres
4314787,RS,Ponte Preta,23/07/2026,08/07/2026,23/07/2026,reconhecimento federal,Portaria SEDEC/MIDR nº 2.382,DOU (portaria SEDEC/MIDR),https://www.in.gov.br/web/dou/-/portaria-n-2.382-de-23-de-julho-de-2026-721085741
4315008,RS,Porto Lucena,17/08/2026,28/07/2026,17/08/2026,reconhecimento federal,"Portaria SEDEC/MIDR (lote: nº 2.622, nº 2.627)","DOU (portaria SEDEC/MIDR), via notícia do MIDR",https://www.gov.br/mdr/pt-br/noticias-midr/reconhecida-emergencia-em-10-cidades-afetadas-por-desastres
4315107,RS,Porto Xavier,14/08/2026,30/07/2026,14/08/2026,reconhecimento federal,"Portaria SEDEC/MIDR (lote: nº 2.606, nº 2.606, nº 2.607, nº 2.607, nº 2.608, nº 2.608, nº 2.609, nº 2.609)","DOU (portaria SEDEC/MIDR), via notícia do MIDR",https://www.gov.br/mdr/pt-br/noticias-midr/reconhecida-emergencia-em-18-cidades-afetadas-por-desastres-1
4315107,RS,Porto Xavier,23/07/2026,02/07/2026,23/07/2026,reconhecimento federal,Portaria SEDEC/MIDR nº 2.382,DOU (portaria SEDEC/MIDR),https://www.in.gov.br/web/dou/-/portaria-n-2.382-de-23-de-julho-de-2026-721085741
4315206,RS,Putinga,11/08/2026,31/07/2026,11/08/2026,reconhecimento federal,Portaria SEDEC/MIDR nº 2.579,DOU (portaria SEDEC/MIDR),https://www.in.gov.br/web/dou/-/portaria-n-2.579-de-11-de-agosto-de-2026-724729920
4315305,RS,Quaraí,16/09/2026,28/08/2026,16/09/2026,reconhecimento federal,"Portaria SEDEC/MIDR (lote: nº 3.072, nº 3.073, nº 3.073, nº 3.074, nº 3.074, nº 3.084)","DOU (portaria SEDEC/MIDR), via notícia do MIDR",https://www.gov.br/mdr/pt-br/noticias-midr/reconhecida-emergencia-em-24-cidades-afetadas-por-desastres
4315321,RS,Quevedos,06/07/2026,06/05/2026,06/07/2026,reconhecimento federal,Portaria SEDEC/MIDR nº 2.210,DOU (portaria SEDEC/MIDR),https://www.in.gov.br/web/dou/-/portaria-n-2.210-de-6-de-julho-de-2026-717187201
4315321,RS,Quevedos,27/08/2026,30/07/2026,27/08/2026,reconhecimento federal,Portaria SEDEC/MIDR nº 2.796,DOU (portaria SEDEC/MIDR),https://www.in.gov.br/web/dou/-/portaria-n-2.796-de-27-de-agosto-de-2026-728583861
4315404,RS,Redentora,14/08/2026,04/08/2026,14/08/2026,reconhecimento federal,Portaria SEDEC/MIDR nº 2.606,DOU (portaria SEDEC/MIDR),https://www.in.gov.br/web/dou/-/portaria-n-2.606-de-14-de-agosto-de-2026-725599306
4315404,RS,Redentora,16/09/2026,03/09/2026,16/09/2026,reconhecimento federal,"Portaria SEDEC/MIDR (lote: nº 3.072, nº 3.073, nº 3.073, nº 3.074, nº 3.074, nº 3.084)","DOU (portaria SEDEC/MIDR), via notícia do MIDR",https://www.gov.br/mdr/pt-br/noticias-midr/reconhecida-emergencia-em-24-cidades-afetadas-por-desastres
4315404,RS,Redentora,23/07/2026,28/07/2026,23/07/2026,reconhecimento federal,Portaria SEDEC/MIDR nº 2.382,DOU (portaria SEDEC/MIDR),https://www.in.gov.br/web/dou/-/portaria-n-2.382-de-23-de-julho-de-2026-721085741
4315453,RS,Relvado,06/08/2026,30/07/2026,06/08/2026,reconhecimento federal,"Portaria SEDEC/MIDR (lote: nº 2.546, nº 2.548, nº 2.548, nº 2.548, nº 2.549, nº 2.549, nº 2.553, nº 2.564)","DOU (portaria SEDEC/MIDR), via notícia do MIDR",https://www.gov.br/mdr/pt-br/noticias-midr/reconhecida-emergencia-em-oito-cidades-afetadas-por-desastres-1
4315602,RS,Rio Grande,02/09/2026,13/08/2026,02/09/2026,reconhecimento federal,"Portaria SEDEC/MIDR (lote: nº 2.853, nº 2.855, nº 2.858, nº 2.865)","DOU (portaria SEDEC/MIDR), via notícia do MIDR",https://www.gov.br/mdr/pt-br/noticias-midr/reconhecida-emergencia-em-16-cidades-afetadas-por-desastres-2
4315602,RS,Rio Grande,18/09/2026,24/08/2026,18/09/2026,reconhecimento federal,Portaria SEDEC/MIDR nº 3.121,DOU (portaria SEDEC/MIDR),https://www.in.gov.br/web/dou/-/portaria-n-3.121-de-18-de-setembro-de-2026-732965760
4315602,RS,Rio Grande,29/09/2026,21/09/2026,29/09/2026,reconhecimento federal,Portaria SEDEC/MIDR nº 3.298,"DOU (portaria SEDEC/MIDR), via notícia do MIDR",http://www.in.gov.br/web/dou/-/portaria-n-3.298-de-29-de-setembro-de-2026-735357538
4315701,RS,Rio Pardo,19/08/2026,08/08/2026,19/08/2026,reconhecimento federal,"Portaria SEDEC/MIDR (lote: nº 2.645, nº 2.658, nº 2.659, nº 2.659, nº 2.667)","DOU (portaria SEDEC/MIDR), via notícia do MIDR",https://www.gov.br/mdr/pt-br/noticias-midr/reconhecida-emergencia-em-46-cidades-afetadas-por-desastres
4315750,RS,Riozinho,14/09/2026,04/08/2026,14/09/2026,reconhecimento federal,"Portaria SEDEC/MIDR (lote: nº 3.031, nº 3.032, nº 3.034)","DOU (portaria SEDEC/MIDR), via notícia do MIDR",https://www.gov.br/mdr/pt-br/noticias-midr/reconhecida-emergencia-em-19-cidades-afetadas-por-desastres
4315800,RS,Roca Sales,22/08/2026,23/07/2026,22/08/2026,reconhecimento federal,"Portaria SEDEC/MIDR (lote: nº 2.724, nº 2.727, nº 2.731, nº 2.735)","DOU (portaria SEDEC/MIDR), via notícia do MIDR",https://www.gov.br/mdr/pt-br/noticias-midr/reconhecida-emergencia-em-13-cidades-afetadas-por-desastres
4316006,RS,Rolante,28/08/2026,30/07/2026,28/08/2026,reconhecimento federal,"Portaria SEDEC/MIDR (lote: nº 2.808, nº 2.808, nº 2.808, nº 2.809, nº 2.810, nº 2811, nº 2811, nº 2811, nº 2.814, nº 2.814, nº 2.814)","DOU (portaria SEDEC/MIDR), via notícia do MIDR",https://www.gov.br/mdr/pt-br/noticias-midr/reconhecida-emergencia-em-12-cidades-afetadas-por-desastres
4316428,RS,SAGRADA FAMILIA,17/09/2026,,,situação de emergência,Decreto nº 066,Diário consorciado (via Diário Oficial dos Municípios do Rio Grande do Sul (FAMURS)),https://www-storage.voxtecnologia.com.br/?m=sigpub.publicacao&f=159&i=publicado_117931_2026-09-16_c17abf7691d9e1e08328879879cb305c.pdf
4316428,RS,SAGRADA FAMÍLIA,15/09/2026,,,situação de emergência,Decreto nº 066,Diário consorciado (via Diário Oficial dos Municípios do Rio Grande do Sul (FAMURS)),https://www-storage.voxtecnologia.com.br/?m=sigpub.publicacao&f=159&i=publicado_117929_2026-09-14_615a413d1fb91005dddc79d271bb7dd5.pdf
4317004,RS,SANTANA DA BOA VISTA,23/09/2026,,,situação de emergência,Decreto nº 4091,Diário consorciado (via Diário Oficial dos Municípios do Rio Grande do Sul (FAMURS)),https://www-storage.voxtecnologia.com.br/?m=sigpub.publicacao&f=159&i=publicado_117935_2026-09-22_a412393f0ac7ce9780a355a5115bd591.pdf
4316428,RS,Sagrada Família,25/09/2026,14/09/2026,25/09/2026,reconhecimento federal,Portaria SEDEC/MIDR nº 3.255,"DOU (portaria SEDEC/MIDR), via notícia do MIDR",http://www.in.gov.br/web/dou/-/portaria-n-3.255-de-25-de-setembro-de-2026-734861313
4316477,RS,Salvador das Missões,17/08/2026,28/07/2026,17/08/2026,reconhecimento federal,Portaria SEDEC/MIDR nº 2.622,DOU (portaria SEDEC/MIDR),https://www.in.gov.br/web/dou/-/portaria-n-2.622-de-17-de-agosto-de-2026-725914376
4316600,RS,Sananduva,15/07/2026,28/05/2026,15/07/2026,reconhecimento federal,Portaria SEDEC/MIDR nº 2.304,DOU (portaria SEDEC/MIDR),https://www.in.gov.br/web/dou/-/portaria-n-2.304-de-15-de-julho-de-2026-719783854
4316600,RS,Sananduva,23/07/2026,08/07/2026,23/07/2026,reconhecimento federal,Portaria SEDEC/MIDR nº 2.382,DOU (portaria SEDEC/MIDR),https://www.in.gov.br/web/dou/-/portaria-n-2.382-de-23-de-julho-de-2026-721085741
4316709,RS,Santa Bárbara do Sul,30/09/2026,17/09/2026,30/09/2026,reconhecimento federal,Portaria SEDEC/MIDR nº 3.331,DOU (portaria SEDEC/MIDR),https://www.in.gov.br/web/dou/-/portaria-n-3.331-de-30-de-setembro-de-2026-735714582
4316808,RS,Santa Cruz do Sul,28/09/2026,,,situação de emergência,Decreto nº 12.973,Diário consorciado (via Diário Oficial dos Municípios do Rio Grande do Sul (FAMURS)),https://www-storage.voxtecnologia.com.br/?m=sigpub.publicacao&f=159&i=publicado_117938_2026-09-25_aecb01b5771a14137866edab3b63e04d.pdf
4317202,RS,Santa Rosa,07/08/2026,,,situação de emergência,Decreto municipal nº 138,Diário oficial municipal (via Querido Diário),https://data.queridodiario.ok.org.br/4317202/2026-08-07/6e37073765d274b3c229484df46654114e3fc640.pdf
4317251,RS,Santa Tereza,01/10/2026,,01/10/2026,reconhecimento federal,Portaria SEDEC/MIDR nº 3.353,"DOU (portaria SEDEC/MIDR), via notícia do MIDR",http://www.in.gov.br/web/dou/-/portaria-n-3.353-de-1-de-outubro-de-2026-736035614
4317251,RS,Santa Tereza,05/08/2026,27/07/2026,05/08/2026,reconhecimento federal,Portaria SEDEC/MIDR nº 2.520,DOU (portaria SEDEC/MIDR),https://www.in.gov.br/web/dou/-/portaria-n-2.520-de-5-de-agosto-de-2026-723742387
4317301,RS,Santa Vitória do Palmar,21/09/2026,20/08/2026,21/09/2026,reconhecimento federal,"Portaria SEDEC/MIDR (lote: nº 3.147, nº 3.147, nº 3.150, nº 3.151)","DOU (portaria SEDEC/MIDR), via notícia do MIDR",https://www.gov.br/mdr/pt-br/noticias-midr/reconhecida-emergencia-em-24-cidades-afetadas-por-desastres-2
4317301,RS,Santa Vitória do Palmar,22/08/2026,11/08/2026,22/08/2026,reconhecimento federal,Portaria SEDEC/MIDR nº 2.727,DOU (portaria SEDEC/MIDR),https://www.in.gov.br/web/dou/-/portaria-n-2.727-de-22-de-agosto-de-2026-727764068
4317400,RS,Santiago,30/09/2026,27/09/2026,30/09/2026,reconhecimento federal,Portaria SEDEC/MIDR nº 3.331,DOU (portaria SEDEC/MIDR),https://www.in.gov.br/web/dou/-/portaria-n-3.331-de-30-de-setembro-de-2026-735714582
4317707,RS,Santo Antônio das Missões,06/08/2026,27/07/2026,06/08/2026,reconhecimento federal,"Portaria SEDEC/MIDR (lote: nº 2.546, nº 2.548, nº 2.548, nº 2.548, nº 2.549, nº 2.549, nº 2.553, nº 2.564)","DOU (portaria SEDEC/MIDR), via notícia do MIDR",https://www.gov.br/mdr/pt-br/noticias-midr/reconhecida-emergencia-em-oito-cidades-afetadas-por-desastres-1
4317558,RS,Santo Antônio do Palma,25/08/2026,23/07/2026,25/08/2026,reconhecimento federal,"Portaria SEDEC/MIDR (lote: nº 2.754, nº 2.757, nº 2.758, nº 2.759)","DOU (portaria SEDEC/MIDR), via notícia do MIDR",https://www.gov.br/mdr/pt-br/noticias-midr/reconhecida-emergencia-em-24-cidades-afetadas-por-desastres-1
4317954,RS,Santo Expedito do Sul,17/08/2026,09/07/2026,17/08/2026,reconhecimento federal,"Portaria SEDEC/MIDR (lote: nº 2.622, nº 2.627)","DOU (portaria SEDEC/MIDR), via notícia do MIDR",https://www.gov.br/mdr/pt-br/noticias-midr/reconhecida-emergencia-em-10-cidades-afetadas-por-desastres
4320107,RS,Sarandi,03/08/2026,24/07/2026,03/08/2026,reconhecimento federal,"Portaria SEDEC/MIDR (lote: nº 2.484, nº 2.485, nº 2.486, nº 2.486, nº 2.486)","DOU (portaria SEDEC/MIDR), via notícia do MIDR",https://www.gov.br/mdr/pt-br/noticias-midr/reconhecida-emergencia-em-18-cidades-afetadas-por-desastres
4320206,RS,Seberi,17/07/2026,03/07/2026,17/07/2026,reconhecimento federal,Portaria SEDEC/MIDR nº 2.343,DOU (portaria SEDEC/MIDR),https://www.in.gov.br/web/dou/-/portaria-n-2.343-de-17-de-julho-de-2026-720001503
4320206,RS,Seberi,24/09/2026,15/09/2026,24/09/2026,reconhecimento federal,Portaria SEDEC/MIDR nº 3.195,DOU (portaria SEDEC/MIDR),https://www.in.gov.br/web/dou/-/portaria-n-3.195-de-24-de-setembro-de-2026-734428895
4320263,RS,Segredo,11/08/2026,24/07/2026,11/08/2026,reconhecimento federal,Portaria SEDEC/MIDR nº 2.579,DOU (portaria SEDEC/MIDR),https://www.in.gov.br/web/dou/-/portaria-n-2.579-de-11-de-agosto-de-2026-724729920
4320321,RS,Senador Salgado Filho,19/08/2026,31/07/2026,19/08/2026,reconhecimento federal,Portaria SEDEC/MIDR nº 2.645,DOU (portaria SEDEC/MIDR),https://www.in.gov.br/web/dou/-/portaria-n-2.645-de-19-de-agosto-de-2026-726687651
4320354,RS,Sentinela do Sul,01/10/2026,,,situação de emergência,Decreto nº 1345/2026,Diário consorciado (via Diário Oficial dos Municípios do Rio Grande do Sul (FAMURS)),https://www-storage.voxtecnologia.com.br/?m=sigpub.publicacao&f=159&i=publicado_117941_2026-09-30_9171bd728f680cd8d4c7e5edd5699fa6.pdf
4320578,RS,Sete de Setembro,19/08/2026,03/08/2026,19/08/2026,reconhecimento federal,Portaria SEDEC/MIDR nº 2.645,DOU (portaria SEDEC/MIDR),https://www.in.gov.br/web/dou/-/portaria-n-2.645-de-19-de-agosto-de-2026-726687651
4318051,RS,São Domingos do Sul,11/08/2026,23/07/2026,11/08/2026,reconhecimento federal,Portaria SEDEC/MIDR nº 2.579,DOU (portaria SEDEC/MIDR),https://www.in.gov.br/web/dou/-/portaria-n-2.579-de-11-de-agosto-de-2026-724729920
4318200,RS,São Francisco de Paula,29/09/2026,24/09/2026,29/09/2026,reconhecimento federal,Portaria SEDEC/MIDR nº 3.298,"DOU (portaria SEDEC/MIDR), via notícia do MIDR",http://www.in.gov.br/web/dou/-/portaria-n-3.298-de-29-de-setembro-de-2026-735357538
4318408,RS,São Jerônimo,19/08/2026,10/08/2026,19/08/2026,reconhecimento federal,"Portaria SEDEC/MIDR (lote: nº 2.645, nº 2.658, nº 2.659, nº 2.659, nº 2.667)","DOU (portaria SEDEC/MIDR), via notícia do MIDR",https://www.gov.br/mdr/pt-br/noticias-midr/reconhecida-emergencia-em-46-cidades-afetadas-por-desastres
4318481,RS,São José do Hortêncio,14/08/2026,06/08/2026,14/08/2026,reconhecimento federal,Portaria SEDEC/MIDR nº 2.606,DOU (portaria SEDEC/MIDR),https://www.in.gov.br/web/dou/-/portaria-n-2.606-de-14-de-agosto-de-2026-725599306
4318507,RS,São José do Norte,25/08/2026,20/08/2026,25/08/2026,reconhecimento federal,"Portaria SEDEC/MIDR (lote: nº 2.754, nº 2.757, nº 2.758, nº 2.759)","DOU (portaria SEDEC/MIDR), via notícia do MIDR",https://www.gov.br/mdr/pt-br/noticias-midr/reconhecida-emergencia-em-24-cidades-afetadas-por-desastres-1
4318507,RS,São José do Norte,30/09/2026,23/09/2026,30/09/2026,reconhecimento federal,Portaria SEDEC/MIDR nº 3.331,DOU (portaria SEDEC/MIDR),https://www.in.gov.br/web/dou/-/portaria-n-3.331-de-30-de-setembro-de-2026-735714582
4318705,RS,São Leopoldo,02/10/2026,,,situação de emergência,Decreto nº 11.460,Diário consorciado (via Diário Oficial dos Municípios do Rio Grande do Sul (FAMURS)),https://www-storage.voxtecnologia.com.br/?m=sigpub.publicacao&f=159&i=publicado_121383_2026-10-02_f9362f9e3584e34e9efb503ddbc2c3c0.pdf
4318705,RS,São Leopoldo,23/09/2026,,,situação de emergência,Decreto nº 11.460,Diário consorciado (via Diário Oficial dos Municípios do Rio Grande do Sul (FAMURS)),https://www-storage.voxtecnologia.com.br/?m=sigpub.publicacao&f=159&i=publicado_117935_2026-09-22_a412393f0ac7ce9780a355a5115bd591.pdf
4318705,RS,São Leopoldo,29/09/2026,,,situação de emergência,Decreto nº 11.460/2026,Diário consorciado (via Diário Oficial dos Municípios do Rio Grande do Sul (FAMURS)),https://www-storage.voxtecnologia.com.br/?m=sigpub.publicacao&f=159&i=publicado_117939_2026-09-28_96e235152b4323deddc24c1d9fdfadfa.pdf
4318705,RS,São Leopoldo,30/09/2026,,,situação de emergência,Decreto nº 11460/2026,Diário consorciado (via Diário Oficial dos Municípios do Rio Grande do Sul (FAMURS)),https://www-storage.voxtecnologia.com.br/?m=sigpub.publicacao&f=159&i=publicado_117940_2026-09-29_555585b47bfd9d71a1c0e206df9f8e05.pdf
4318804,RS,São Lourenço do Sul,26/08/2026,14/08/2026,26/08/2026,reconhecimento federal,Portaria SEDEC/MIDR nº 2.771,DOU (portaria SEDEC/MIDR),https://www.in.gov.br/web/dou/-/portaria-n-2.771-de-26-de-agosto-de-2026-728296119
4318804,RS,São Lourenço do Sul,30/09/2026,21/09/2026,30/09/2026,reconhecimento federal,Portaria SEDEC/MIDR nº 3.331,DOU (portaria SEDEC/MIDR),https://www.in.gov.br/web/dou/-/portaria-n-3.331-de-30-de-setembro-de-2026-735714582
4319505,RS,São Sebastião do Caí,17/08/2026,29/07/2026,17/08/2026,reconhecimento federal,"Portaria SEDEC/MIDR (lote: nº 2.622, nº 2.627)","DOU (portaria SEDEC/MIDR), via notícia do MIDR",https://www.gov.br/mdr/pt-br/noticias-midr/reconhecida-emergencia-em-10-cidades-afetadas-por-desastres
4319505,RS,São Sebastião do Caí,24/09/2026,,,situação de emergência,Decreto nº 4.633/2026,Diário consorciado (via Diário Oficial dos Municípios do Rio Grande do Sul (FAMURS)),https://www-storage.voxtecnologia.com.br/?m=sigpub.publicacao&f=159&i=publicado_117936_2026-09-23_9f0b65045a47b4d0af512b53164aac68.pdf
4319505,RS,São Sebastião do Caí,29/07/2026,22/07/2026,29/07/2026,reconhecimento federal,Portaria SEDEC/MIDR nº 2.449,DOU (portaria SEDEC/MIDR),https://www.in.gov.br/web/dou/-/portaria-n-2.449-de-29-de-julho-de-2026-722120479
4319604,RS,São Sepé,17/07/2026,05/05/2026,17/07/2026,reconhecimento federal,Portaria SEDEC/MIDR nº 2.343,DOU (portaria SEDEC/MIDR),https://www.in.gov.br/web/dou/-/portaria-n-2.343-de-17-de-julho-de-2026-720001503
4319737,RS,São Valério do Sul,23/07/2026,30/06/2026,23/07/2026,reconhecimento federal,Portaria SEDEC/MIDR nº 2.382,DOU (portaria SEDEC/MIDR),https://www.in.gov.br/web/dou/-/portaria-n-2.382-de-23-de-julho-de-2026-721085741
4321204,RS,Taquara,19/08/2026,07/08/2026,19/08/2026,reconhecimento federal,"Portaria SEDEC/MIDR (lote: nº 2.645, nº 2.658, nº 2.659, nº 2.659, nº 2.667)","DOU (portaria SEDEC/MIDR), via notícia do MIDR",https://www.gov.br/mdr/pt-br/noticias-midr/reconhecida-emergencia-em-46-cidades-afetadas-por-desastres
4321303,RS,Taquari,12/08/2026,22/07/2026,12/08/2026,reconhecimento federal,"Portaria SEDEC/MIDR (lote: nº 2.582, nº 2.582, nº 2.583, nº 2.584, nº 2.584, nº 2.585, nº 2.585)","DOU (portaria SEDEC/MIDR), via notícia do MIDR",https://www.gov.br/mdr/pt-br/noticias-midr/reconhecida-emergencia-em-20-cidades-afetadas-por-desastres-1
4321956,RS,Trindade do Sul,04/09/2026,31/08/2026,04/09/2026,reconhecimento federal,Portaria SEDEC/MIDR nº 2.907,DOU (portaria SEDEC/MIDR),https://www.in.gov.br/web/dou/-/portaria-n-2.907-de-4-de-setembro-de-2026-730283772
4321956,RS,Trindade do Sul,23/07/2026,07/07/2026,23/07/2026,reconhecimento federal,Portaria SEDEC/MIDR nº 2.382,DOU (portaria SEDEC/MIDR),https://www.in.gov.br/web/dou/-/portaria-n-2.382-de-23-de-julho-de-2026-721085741
4321634,RS,Três Arroios,10/09/2026,31/08/2026,10/09/2026,reconhecimento federal,"Portaria SEDEC/MIDR (lote: nº 3.003, nº 3.003, nº 3.005, nº 3.005)","DOU (portaria SEDEC/MIDR), via notícia do MIDR",https://www.gov.br/mdr/pt-br/noticias-midr/reconhecida-emergencia-em-21-cidades-afetadas-por-desastres
4321634,RS,Três Arroios,19/08/2026,27/07/2026,19/08/2026,reconhecimento federal,"Portaria SEDEC/MIDR (lote: nº 2.645, nº 2.658, nº 2.659, nº 2.659, nº 2.667)","DOU (portaria SEDEC/MIDR), via notícia do MIDR",https://www.gov.br/mdr/pt-br/noticias-midr/reconhecida-emergencia-em-46-cidades-afetadas-por-desastres
4321709,RS,Três Coroas,22/08/2026,31/07/2026,22/08/2026,reconhecimento federal,"Portaria SEDEC/MIDR (lote: nº 2.724, nº 2.727, nº 2.731, nº 2.735)","DOU (portaria SEDEC/MIDR), via notícia do MIDR",https://www.gov.br/mdr/pt-br/noticias-midr/reconhecida-emergencia-em-13-cidades-afetadas-por-desastres
4321857,RS,Três Palmeiras,23/07/2026,09/07/2026,23/07/2026,reconhecimento federal,Portaria SEDEC/MIDR nº 2.382,DOU (portaria SEDEC/MIDR),https://www.in.gov.br/web/dou/-/portaria-n-2.382-de-23-de-julho-de-2026-721085741
4321857,RS,Três Palmeiras,31/08/2026,29/08/2026,31/08/2026,reconhecimento federal,Portaria SEDEC/MIDR nº 2.819,DOU (portaria SEDEC/MIDR),https://www.in.gov.br/web/dou/-/portaria-n-2.819-de-31-de-agosto-de-2026-729410676
4321907,RS,Três Passos,19/08/2026,27/07/2026,19/08/2026,reconhecimento federal,"Portaria SEDEC/MIDR (lote: nº 2.645, nº 2.658, nº 2.659, nº 2.659, nº 2.667)","DOU (portaria SEDEC/MIDR), via notícia do MIDR",https://www.gov.br/mdr/pt-br/noticias-midr/reconhecida-emergencia-em-46-cidades-afetadas-por-desastres
4321808,RS,Três de Maio,19/08/2026,28/07/2026,19/08/2026,reconhecimento federal,"Portaria SEDEC/MIDR (lote: nº 2.645, nº 2.658, nº 2.659, nº 2.659, nº 2.667)","DOU (portaria SEDEC/MIDR), via notícia do MIDR",https://www.gov.br/mdr/pt-br/noticias-midr/reconhecida-emergencia-em-46-cidades-afetadas-por-desastres
4322152,RS,Tunas,11/08/2026,29/07/2026,11/08/2026,reconhecimento federal,Portaria SEDEC/MIDR nº 2.579,DOU (portaria SEDEC/MIDR),https://www.in.gov.br/web/dou/-/portaria-n-2.579-de-11-de-agosto-de-2026-724729920
4322343,RS,Ubiretama,11/08/2026,31/07/2026,11/08/2026,reconhecimento federal,Portaria SEDEC/MIDR nº 2.579,DOU (portaria SEDEC/MIDR),https://www.in.gov.br/web/dou/-/portaria-n-2.579-de-11-de-agosto-de-2026-724729920
4322707,RS,Vera Cruz,25/08/2026,03/08/2026,25/08/2026,reconhecimento federal,"Portaria SEDEC/MIDR (lote: nº 2.754, nº 2.757, nº 2.758, nº 2.759)","DOU (portaria SEDEC/MIDR), via notícia do MIDR",https://www.gov.br/mdr/pt-br/noticias-midr/reconhecida-emergencia-em-24-cidades-afetadas-por-desastres-1
4322905,RS,Viadutos,08/09/2026,02/09/2026,08/09/2026,reconhecimento federal,"Portaria SEDEC/MIDR (lote: nº 2.942, nº 2.943)","DOU (portaria SEDEC/MIDR), via notícia do MIDR",https://www.gov.br/mdr/pt-br/noticias-midr/reconhecida-emergencia-em-11-cidades-afetadas-por-desastres-1
4322905,RS,Viadutos,26/08/2026,30/07/2026,26/08/2026,reconhecimento federal,"Portaria SEDEC/MIDR (lote: nº 2.771, nº 2.772)","DOU (portaria SEDEC/MIDR), via notícia do MIDR",https://www.gov.br/mdr/pt-br/noticias-midr/reconhecida-emergencia-em-10-cidades-afetadas-por-desastres-1
4323101,RS,Vicente Dutra,10/09/2026,01/09/2026,10/09/2026,reconhecimento federal,"Portaria SEDEC/MIDR (lote: nº 3.003, nº 3.003, nº 3.005, nº 3.005)","DOU (portaria SEDEC/MIDR), via notícia do MIDR",https://www.gov.br/mdr/pt-br/noticias-midr/reconhecida-emergencia-em-21-cidades-afetadas-por-desastres
4323408,RS,Vila Maria,14/08/2026,24/07/2026,14/08/2026,reconhecimento federal,"Portaria SEDEC/MIDR (lote: nº 2.606, nº 2.606, nº 2.607, nº 2.607, nº 2.608, nº 2.608, nº 2.609, nº 2.609)","DOU (portaria SEDEC/MIDR), via notícia do MIDR",https://www.gov.br/mdr/pt-br/noticias-midr/reconhecida-emergencia-em-18-cidades-afetadas-por-desastres-1
4323457,RS,Vila Nova do Sul,23/07/2026,05/05/2026,23/07/2026,reconhecimento federal,Portaria SEDEC/MIDR nº 2.382,DOU (portaria SEDEC/MIDR),https://www.in.gov.br/web/dou/-/portaria-n-2.382-de-23-de-julho-de-2026-721085741
4323507,RS,Vista Alegre,28/09/2026,16/09/2026,28/09/2026,reconhecimento federal,Portaria SEDEC/MIDR nº 3.263,DOU (portaria SEDEC/MIDR),https://www.in.gov.br/web/dou/-/portaria-n-3.263-de-28-de-setembro-de-2026-735103331
4300059,RS,Água Santa,14/08/2026,30/07/2026,14/08/2026,reconhecimento federal,"Portaria SEDEC/MIDR (lote: nº 2.606, nº 2.606, nº 2.607, nº 2.607, nº 2.608, nº 2.608, nº 2.609, nº 2.609)","DOU (portaria SEDEC/MIDR), via notícia do MIDR",https://www.gov.br/mdr/pt-br/noticias-midr/reconhecida-emergencia-em-18-cidades-afetadas-por-desastres-1
4301552,RS,Áurea,23/07/2026,07/07/2026,23/07/2026,reconhecimento federal,Portaria SEDEC/MIDR nº 2.382,DOU (portaria SEDEC/MIDR),https://www.in.gov.br/web/dou/-/portaria-n-2.382-de-23-de-julho-de-2026-721085741
4200200,SC,Agrolândia,09/09/2026,06/08/2026,09/09/2026,reconhecimento federal,"Portaria SEDEC/MIDR (lote: nº 2.970, nº 2.971, nº 2.972)","DOU (portaria SEDEC/MIDR), via notícia do MIDR",https://www.gov.br/mdr/pt-br/noticias-midr/reconhecida-emergencia-em-14-cidades-afetadas-por-desastres
4200309,SC,Agronômica,21/08/2026,31/07/2026,21/08/2026,reconhecimento federal,"Portaria SEDEC/MIDR (lote: nº 2.704, nº 2.705)","DOU (portaria SEDEC/MIDR), via notícia do MIDR",https://www.gov.br/mdr/pt-br/noticias-midr/reconhecida-emergencia-em-15-cidades-afetadas-por-desastres-1
4201901,SC,Aurora,19/08/2026,04/08/2026,19/08/2026,reconhecimento federal,"Portaria SEDEC/MIDR (lote: nº 2.645, nº 2.658, nº 2.659, nº 2.659, nº 2.667)","DOU (portaria SEDEC/MIDR), via notícia do MIDR",https://www.gov.br/mdr/pt-br/noticias-midr/reconhecida-emergencia-em-46-cidades-afetadas-por-desastres
4202131,SC,Bela Vista do Toldo,03/09/2026,14/08/2026,03/09/2026,reconhecimento federal,"Portaria SEDEC/MIDR (lote: nº 2.884, nº 2.885, nº 2.886, nº 2.890)","DOU (portaria SEDEC/MIDR), via notícia do MIDR",https://www.gov.br/mdr/pt-br/noticias-midr/reconhecida-emergencia-em-13-cidades-afetadas-por-desastres-1
4202305,SC,Biguaçu,04/09/2026,29/08/2026,04/09/2026,reconhecimento federal,Portaria SEDEC/MIDR nº 2.907,DOU (portaria SEDEC/MIDR),https://www.in.gov.br/web/dou/-/portaria-n-2.907-de-4-de-setembro-de-2026-730283772
,SC,Biguaçu,30/08/2026,,,chuva intensa com granizo,Decreto nº 285-A/2026 (número conforme imprensa — Correio de Santa Catarina; não confirmado ainda contra o texto no Diário Oficial do Município),Defesa Civil de Santa Catarina (oficial) + Correio de Santa Catarina,https://www.defesacivil.sc.gov.br/2026/08/30/chuva-intensa-com-granizo-leva-cinco-municipios-de-santa-catarina-a-decretar-situacao-de-emergencia/
4202438,SC,Bocaina do Sul,28/08/2026,14/08/2026,28/08/2026,reconhecimento federal,Portaria SEDEC/MIDR nº 2.808,DOU (portaria SEDEC/MIDR),https://www.in.gov.br/web/dou/-/portaria-n-2.808-de-28-de-agosto-de-2026-729106426
4202537,SC,Bom Jesus,25/09/2026,29/08/2026,25/09/2026,reconhecimento federal,Portaria SEDEC/MIDR nº 3.252,"DOU (portaria SEDEC/MIDR), via notícia do MIDR",http://www.in.gov.br/web/dou/-/portaria-n-3.252-de-25-de-setembro-de-2026-734823773
,SC,Bom Jesus,30/08/2026,,,chuva intensa com granizo,situação de emergência (número exato não localizado até o corte),Defesa Civil de Santa Catarina (oficial) + Informe Floripa,https://www.defesacivil.sc.gov.br/2026/08/30/chuva-intensa-com-granizo-leva-cinco-municipios-de-santa-catarina-a-decretar-situacao-de-emergencia/
4202602,SC,Bom Retiro,08/07/2026,02/07/2026,08/07/2026,reconhecimento federal,Portaria SEDEC/MIDR nº 2.248,DOU (portaria SEDEC/MIDR),https://www.in.gov.br/web/dou/-/portaria-n-2.248-de-8-de-julho-de-2026-717831365
4203709,SC,Canelinha,29/09/2026,18/09/2026,29/09/2026,reconhecimento federal,Portaria SEDEC/MIDR nº 3.298,"DOU (portaria SEDEC/MIDR), via notícia do MIDR",http://www.in.gov.br/web/dou/-/portaria-n-3.298-de-29-de-setembro-de-2026-735357538
4203808,SC,Canoinhas,01/10/2026,,01/10/2026,reconhecimento federal,Portaria SEDEC/MIDR nº 3.353,"DOU (portaria SEDEC/MIDR), via notícia do MIDR",http://www.in.gov.br/web/dou/-/portaria-n-3.353-de-1-de-outubro-de-2026-736035614
4205175,SC,Entre Rios,16/09/2026,31/08/2026,16/09/2026,reconhecimento federal,"Portaria SEDEC/MIDR (lote: nº 3.072, nº 3.073, nº 3.073, nº 3.074, nº 3.074, nº 3.084)","DOU (portaria SEDEC/MIDR), via notícia do MIDR",https://www.gov.br/mdr/pt-br/noticias-midr/reconhecida-emergencia-em-24-cidades-afetadas-por-desastres
4205191,SC,Ermo,25/08/2026,12/08/2026,25/08/2026,reconhecimento federal,"Portaria SEDEC/MIDR (lote: nº 2.754, nº 2.757, nº 2.758, nº 2.759)","DOU (portaria SEDEC/MIDR), via notícia do MIDR",https://www.gov.br/mdr/pt-br/noticias-midr/reconhecida-emergencia-em-24-cidades-afetadas-por-desastres-1
4205191,SC,Ermo,29/09/2026,22/09/2026,29/09/2026,reconhecimento federal,Portaria SEDEC/MIDR nº 3.298,"DOU (portaria SEDEC/MIDR), via notícia do MIDR",http://www.in.gov.br/web/dou/-/portaria-n-3.298-de-29-de-setembro-de-2026-735357538
4205407,SC,Florianópolis,08/09/2026,30/08/2026,08/09/2026,reconhecimento federal,"Portaria SEDEC/MIDR (lote: nº 2.942, nº 2.943)","DOU (portaria SEDEC/MIDR), via notícia do MIDR",https://www.gov.br/mdr/pt-br/noticias-midr/reconhecida-emergencia-em-11-cidades-afetadas-por-desastres-1
,SC,Florianópolis,30/08/2026,,,chuva intensa com granizo,"situação de emergência (número exato não localizado até o corte — decreto municipal, não publicado em fonte com número indexável nas buscas realizadas)",Defesa Civil de Santa Catarina (oficial) + Informe Floripa + TVBV Online,https://www.defesacivil.sc.gov.br/2026/08/30/chuva-intensa-com-granizo-leva-cinco-municipios-de-santa-catarina-a-decretar-situacao-de-emergencia/
4205803,SC,Garuva,10/09/2026,30/07/2026,10/09/2026,reconhecimento federal,"Portaria SEDEC/MIDR (lote: nº 3.003, nº 3.003, nº 3.005, nº 3.005)","DOU (portaria SEDEC/MIDR), via notícia do MIDR",https://www.gov.br/mdr/pt-br/noticias-midr/reconhecida-emergencia-em-21-cidades-afetadas-por-desastres
4206306,SC,Guabiruba,14/09/2026,29/07/2026,14/09/2026,reconhecimento federal,Portaria SEDEC/MIDR nº 3.034,DOU (portaria SEDEC/MIDR),https://www.in.gov.br/web/dou/-/portaria-n-3.034-de-14-de-setembro-de-2026-731812545
4206652,SC,Guatambú,30/09/2026,11/09/2026,30/09/2026,reconhecimento federal,Portaria SEDEC/MIDR nº 3.331,DOU (portaria SEDEC/MIDR),https://www.in.gov.br/web/dou/-/portaria-n-3.331-de-30-de-setembro-de-2026-735714582
4206801,SC,Ibicaré,15/07/2026,03/07/2026,15/07/2026,reconhecimento federal,Portaria SEDEC/MIDR nº 2.304,DOU (portaria SEDEC/MIDR),https://www.in.gov.br/web/dou/-/portaria-n-2.304-de-15-de-julho-de-2026-719783854
4206801,SC,Ibicaré,29/09/2026,14/09/2026,29/09/2026,reconhecimento federal,Portaria SEDEC/MIDR nº 3.298,"DOU (portaria SEDEC/MIDR), via notícia do MIDR",http://www.in.gov.br/web/dou/-/portaria-n-3.298-de-29-de-setembro-de-2026-735357538
4206900,SC,Ibirama,21/09/2026,12/09/2026,21/09/2026,reconhecimento federal,"Portaria SEDEC/MIDR (lote: nº 3.147, nº 3.147, nº 3.150, nº 3.151)","DOU (portaria SEDEC/MIDR), via notícia do MIDR",https://www.gov.br/mdr/pt-br/noticias-midr/reconhecida-emergencia-em-24-cidades-afetadas-por-desastres-2
4207684,SC,Ipuaçu,16/09/2026,29/08/2026,16/09/2026,reconhecimento federal,"Portaria SEDEC/MIDR (lote: nº 3.072, nº 3.073, nº 3.073, nº 3.074, nº 3.074, nº 3.084)","DOU (portaria SEDEC/MIDR), via notícia do MIDR",https://www.gov.br/mdr/pt-br/noticias-midr/reconhecida-emergencia-em-24-cidades-afetadas-por-desastres
,SC,Ipuaçu,30/08/2026,,,chuva intensa com granizo,situação de emergência (número exato não localizado até o corte),Defesa Civil de Santa Catarina (oficial) + Informe Floripa,https://www.defesacivil.sc.gov.br/2026/08/30/chuva-intensa-com-granizo-leva-cinco-municipios-de-santa-catarina-a-decretar-situacao-de-emergencia/
4207700,SC,Ipumirim,30/09/2026,18/09/2026,30/09/2026,reconhecimento federal,Portaria SEDEC/MIDR nº 3.331,DOU (portaria SEDEC/MIDR),https://www.in.gov.br/web/dou/-/portaria-n-3.331-de-30-de-setembro-de-2026-735714582
4207908,SC,Irineópolis,29/09/2026,11/09/2026,29/09/2026,reconhecimento federal,Portaria SEDEC/MIDR nº 3.298,DOU (portaria SEDEC/MIDR),https://www.in.gov.br/web/dou/-/portaria-n-3.298-de-29-de-setembro-de-2026-735357538
4210308,SC,Major Vieira,15/07/2026,01/07/2026,15/07/2026,reconhecimento federal,Portaria SEDEC/MIDR nº 2.304,DOU (portaria SEDEC/MIDR),https://www.in.gov.br/web/dou/-/portaria-n-2.304-de-15-de-julho-de-2026-719783854
4211850,SC,Ouro Verde,16/09/2026,01/09/2026,16/09/2026,reconhecimento federal,"Portaria SEDEC/MIDR (lote: nº 3.072, nº 3.073, nº 3.073, nº 3.074, nº 3.074, nº 3.084)","DOU (portaria SEDEC/MIDR), via notícia do MIDR",https://www.gov.br/mdr/pt-br/noticias-midr/reconhecida-emergencia-em-24-cidades-afetadas-por-desastres
4213906,SC,Presidente Castello Branco,01/10/2026,,01/10/2026,reconhecimento federal,Portaria SEDEC/MIDR nº 3.353,"DOU (portaria SEDEC/MIDR), via notícia do MIDR",http://www.in.gov.br/web/dou/-/portaria-n-3.353-de-1-de-outubro-de-2026-736035614
4214003,SC,Presidente Getúlio,03/08/2026,17/07/2026,03/08/2026,reconhecimento federal,"Portaria SEDEC/MIDR (lote: nº 2.484, nº 2.485, nº 2.486, nº 2.486, nº 2.486)","DOU (portaria SEDEC/MIDR), via notícia do MIDR",https://www.gov.br/mdr/pt-br/noticias-midr/reconhecida-emergencia-em-18-cidades-afetadas-por-desastres
4214201,SC,Quilombo,25/09/2026,29/08/2026,25/09/2026,reconhecimento federal,Portaria SEDEC/MIDR nº 3.255,"DOU (portaria SEDEC/MIDR), via notícia do MIDR",http://www.in.gov.br/web/dou/-/portaria-n-3.255-de-25-de-setembro-de-2026-734861313
,SC,Quilombo,30/08/2026,,,chuva intensa com granizo,situação de emergência (número exato não localizado até o corte),Defesa Civil de Santa Catarina (oficial) + Informe Floripa,https://www.defesacivil.sc.gov.br/2026/08/30/chuva-intensa-com-granizo-leva-cinco-municipios-de-santa-catarina-a-decretar-situacao-de-emergencia/
4216701,SC,São José do Cedro,16/09/2026,31/08/2026,16/09/2026,reconhecimento federal,"Portaria SEDEC/MIDR (lote: nº 3.072, nº 3.073, nº 3.073, nº 3.074, nº 3.074, nº 3.084)","DOU (portaria SEDEC/MIDR), via notícia do MIDR",https://www.gov.br/mdr/pt-br/noticias-midr/reconhecida-emergencia-em-24-cidades-afetadas-por-desastres
4218103,SC,Timbé do Sul,30/09/2026,21/09/2026,30/09/2026,reconhecimento federal,Portaria SEDEC/MIDR nº 3.331,DOU (portaria SEDEC/MIDR),https://www.in.gov.br/web/dou/-/portaria-n-3.331-de-30-de-setembro-de-2026-735714582
4218301,SC,Três Barras,30/09/2026,11/09/2026,30/09/2026,reconhecimento federal,Portaria SEDEC/MIDR nº 3.331,DOU (portaria SEDEC/MIDR),https://www.in.gov.br/web/dou/-/portaria-n-3.331-de-30-de-setembro-de-2026-735714582
4218806,SC,Turvo,28/09/2026,21/09/2026,28/09/2026,reconhecimento federal,Portaria SEDEC/MIDR nº 3.263,DOU (portaria SEDEC/MIDR),https://www.in.gov.br/web/dou/-/portaria-n-3.263-de-28-de-setembro-de-2026-735103331
2801405,SE,Carira,12/08/2026,30/07/2026,12/08/2026,reconhecimento federal,"Portaria SEDEC/MIDR (lote: nº 2.582, nº 2.582, nº 2.583, nº 2.584, nº 2.584, nº 2.585, nº 2.585)","DOU (portaria SEDEC/MIDR), via notícia do MIDR",https://www.gov.br/mdr/pt-br/noticias-midr/reconhecida-emergencia-em-20-cidades-afetadas-por-desastres-1
2802304,SE,Frei Paulo,10/09/2026,26/08/2026,10/09/2026,reconhecimento federal,"Portaria SEDEC/MIDR (lote: nº 3.003, nº 3.003, nº 3.005, nº 3.005)","DOU (portaria SEDEC/MIDR), via notícia do MIDR",https://www.gov.br/mdr/pt-br/noticias-midr/reconhecida-emergencia-em-21-cidades-afetadas-por-desastres
2804458,SE,Nossa Senhora Aparecida,25/09/2026,11/09/2026,25/09/2026,reconhecimento federal,Portaria SEDEC/MIDR nº 3.250,"DOU (portaria SEDEC/MIDR), via notícia do MIDR",http://www.in.gov.br/web/dou/-/portaria-n-3.250-de-25-de-setembro-de-2026-734855198
2804508,SE,Nossa Senhora da Glória,29/09/2026,11/09/2026,29/09/2026,reconhecimento federal,Portaria SEDEC/MIDR nº 3.299,"DOU (portaria SEDEC/MIDR), via notícia do MIDR",http://www.in.gov.br/web/dou/-/portaria-n-3.299-de-29-de-setembro-de-2026-735402625
2805406,SE,Poço Redondo,16/09/2026,03/09/2026,16/09/2026,reconhecimento federal,"Portaria SEDEC/MIDR (lote: nº 3.072, nº 3.073, nº 3.073, nº 3.074, nº 3.074, nº 3.084)","DOU (portaria SEDEC/MIDR), via notícia do MIDR",https://www.gov.br/mdr/pt-br/noticias-midr/reconhecida-emergencia-em-24-cidades-afetadas-por-desastres
2805505,SE,Poço Verde,01/09/2026,,01/09/2026,reconhecimento federal,"Portaria SEDEC/MIDR (lote: nº 2.839, nº 2850)","DOU (portaria SEDEC/MIDR), via notícia do MIDR",https://www.gov.br/mdr/pt-br/noticias-midr/reconhecida-emergencia-em-tres-cidades-afetadas-por-desastres-2
2805505,SE,Poço Verde,25/08/2026,,,situação de emergência,Decreto municipal nº 195/2026,Diário oficial municipal (via Querido Diário),https://data.queridodiario.ok.org.br/2805505/2026-08-25/563e1d18b2cf4fd5e105c61be3583ed23cd65859.pdf
2807006,SE,São Miguel do Aleixo,29/09/2026,10/09/2026,29/09/2026,reconhecimento federal,Portaria SEDEC/MIDR nº 3.299,"DOU (portaria SEDEC/MIDR), via notícia do MIDR",http://www.in.gov.br/web/dou/-/portaria-n-3.299-de-29-de-setembro-de-2026-735402625
2807402,SE,Tobias Barreto,19/08/2026,04/08/2026,19/08/2026,reconhecimento federal,"Portaria SEDEC/MIDR (lote: nº 2.645, nº 2.658, nº 2.659, nº 2.659, nº 2.667)","DOU (portaria SEDEC/MIDR), via notícia do MIDR",https://www.gov.br/mdr/pt-br/noticias-midr/reconhecida-emergencia-em-46-cidades-afetadas-por-desastres
3514809,SP,Eldorado,13/09/2026,,,situação de emergência,Decreto municipal nº 1479/2026,Diário oficial municipal (via Querido Diário),https://data.queridodiario.ok.org.br/3514809/2026-09-13/be2f0caa411e5bb3cd7940a3946365cbd40bbaad.pdf
3514809,SP,Eldorado,17/09/2026,,,situação de emergência,Decreto municipal nº 1.480/2026,Diário oficial municipal (via Querido Diário),https://data.queridodiario.ok.org.br/3514809/2026-09-17/8628b4c30ba0d8dd47200af6c55fc0db4166f06a.pdf
3515103,SP,Embu-Guaçu,16/09/2026,14/09/2026,16/09/2026,reconhecimento federal,"Portaria SEDEC/MIDR (lote: nº 3.072, nº 3.073, nº 3.073, nº 3.074, nº 3.074, nº 3.084)","DOU (portaria SEDEC/MIDR), via notícia do MIDR",https://www.gov.br/mdr/pt-br/noticias-midr/reconhecida-emergencia-em-24-cidades-afetadas-por-desastres
3520301,SP,Iguape,18/09/2026,14/09/2026,18/09/2026,reconhecimento federal,"Portaria SEDEC/MIDR (lote: nº 3.121, nº 3.122)","DOU (portaria SEDEC/MIDR), via notícia do MIDR",https://www.gov.br/mdr/pt-br/noticias-midr/reconhecida-emergencia-em-nove-cidades-afetadas-por-desastres
3523107,SP,Itaquaquecetuba,24/09/2026,15/09/2026,24/09/2026,reconhecimento federal,Portaria SEDEC/MIDR nº 3.198,DOU (portaria SEDEC/MIDR),https://www.in.gov.br/web/dou/-/portaria-n-3.198-de-24-de-setembro-de-2026-734491229
3524303,SP,Jaboticabal,13/08/2026,,,situação de emergência,Decreto municipal nº 8.528,Diário oficial municipal (via Querido Diário),https://data.queridodiario.ok.org.br/3524303/2026-08-13/644a3af9cef95c8517455878d35b78ae6571c559.pdf
3524303,SP,Jaboticabal,29/07/2026,,,situação de emergência,Decreto municipal nº 8.528,Diário oficial municipal (via Querido Diário),https://data.queridodiario.ok.org.br/3524303/2026-07-29/2e9c2b384b109af891ac105f5f8543531eaa187e.pdf
3526100,SP,Juquiá,23/09/2026,18/09/2026,23/09/2026,reconhecimento federal,Portaria SEDEC/MIDR nº 3.175,"DOU (portaria SEDEC/MIDR), via notícia do MIDR",http://www.in.gov.br/web/dou/-/portaria-n-3.175-de-23-de-setembro-de-2026-733736080
3526506,SP,Lavínia,16/09/2026,,,situação de emergência,Decreto municipal nº 3527,Diário oficial municipal (via Querido Diário),https://data.queridodiario.ok.org.br/3526506/2026-09-16/ef3c545c6bc4373565bb24250ac0f965a56e9d55.pdf
3534708,SP,Ourinhos,13/07/2026,,,estado de calamidade pública,Decreto municipal nº 8.197,Diário oficial municipal (via Querido Diário),https://data.queridodiario.ok.org.br/3534708/2026-07-13/01446ab26ca90ac6aa88cb733127b8a3772cf4a9.pdf
3542800,SP,Ribeira,28/09/2026,14/09/2026,28/09/2026,reconhecimento federal,Portaria SEDEC/MIDR nº 3.265,DOU (portaria SEDEC/MIDR),https://www.in.gov.br/web/dou/-/portaria-n-3.265-de-28-de-setembro-de-2026-735114233
3554755,SP,Trabiju,14/08/2026,28/07/2026,14/08/2026,reconhecimento federal,"Portaria SEDEC/MIDR (lote: nº 2.606, nº 2.606, nº 2.607, nº 2.607, nº 2.608, nº 2.608, nº 2.609, nº 2.609)","DOU (portaria SEDEC/MIDR), via notícia do MIDR",https://www.gov.br/mdr/pt-br/noticias-midr/reconhecida-emergencia-em-18-cidades-afetadas-por-desastres-1
3555406,SP,Ubatuba,09/09/2026,18/08/2026,09/09/2026,reconhecimento federal,"Portaria SEDEC/MIDR (lote: nº 2.970, nº 2.971, nº 2.972)","DOU (portaria SEDEC/MIDR), via notícia do MIDR",https://www.gov.br/mdr/pt-br/noticias-midr/reconhecida-emergencia-em-14-cidades-afetadas-por-desastres
3556701,SP,Vinhedo,07/08/2026,,,situação de emergência,Decreto municipal nº 170,Diário oficial municipal (via Querido Diário),https://data.queridodiario.ok.org.br/3556701/2026-08-07/bbf3483cde27697e9537d058644c8549be5e33c2.pdf
1708205,TO,Formoso do Araguaia,25/09/2026,21/09/2026,25/09/2026,reconhecimento federal,Portaria SEDEC/MIDR nº 3.257,"DOU (portaria SEDEC/MIDR), via notícia do MIDR",http://www.in.gov.br/web/dou/-/portaria-n-3.257-de-25-de-setembro-de-2026-734820011
