ibge,uf,municipio,nivel_verificacao,ultima_verificacao,plano_localizado,decreto_reconhecido,decreto_homologado
1200013,AC,Acrelândia,nao_verificado,,decreto,,
1200054,AC,Assis Brasil,nao_verificado,,decreto,,
1200104,AC,Brasiléia,nao_verificado,,decreto,,
1200138,AC,Bujari,nao_verificado,,decreto,,
1200179,AC,Capixaba,nao_verificado,,decreto,,
1200203,AC,Cruzeiro do Sul,nao_verificado,,decreto,,
1200252,AC,Epitaciolândia,nao_verificado,,decreto,,
1200302,AC,Feijó,nao_verificado,,decreto,,
1200328,AC,Jordão,nao_verificado,,decreto,,
1200344,AC,Manoel Urbano,nao_verificado,,decreto,,
1200351,AC,Marechal Thaumaturgo,nao_verificado,,decreto,,
1200336,AC,Mâncio Lima,nao_verificado,,decreto,,
1200385,AC,Plácido de Castro,nao_verificado,,decreto,,
1200807,AC,Porto Acre,nao_verificado,,decreto,,
1200393,AC,Porto Walter,nao_verificado,,decreto,,
1200401,AC,Rio Branco,nao_verificado,,plano,,
1200427,AC,Rodrigues Alves,nao_verificado,,decreto,,
1200435,AC,Santa Rosa do Purus,nao_verificado,,decreto,,
1200500,AC,Sena Madureira,nao_verificado,,decreto,,
1200450,AC,Senador Guiomard,nao_verificado,,decreto,,
1200609,AC,Tarauacá,nao_verificado,,decreto,,
1200708,AC,Xapuri,nao_verificado,,decreto,,
2700201,AL,Anadia,nao_verificado,,,,
2700300,AL,Arapiraca,nao_verificado,,,,
2700409,AL,Atalaia,nao_verificado,,,,
2700508,AL,Barra de Santo Antônio,nao_verificado,,,,
2700607,AL,Barra de São Miguel,nao_verificado,,,,
2700706,AL,Batalha,nao_verificado,,,,
2700904,AL,Belo Monte,nao_verificado,,decreto,,
2700805,AL,Belém,nao_verificado,,,,
2701001,AL,Boca da Mata,nao_verificado,,,,
2701100,AL,Branquinha,nao_verificado,,,,
2701209,AL,Cacimbinhas,nao_verificado,,,,
2701308,AL,Cajueiro,nao_verificado,,,,
2701357,AL,Campestre,nao_verificado,,,,
2701407,AL,Campo Alegre,nao_verificado,,,,
2701506,AL,Campo Grande,nao_verificado,,,,
2701605,AL,Canapi,nao_verificado,,decreto,,
2701704,AL,Capela,nao_verificado,,,,
2701803,AL,Carneiros,nao_verificado,,decreto,,
2701902,AL,Chã Preta,nao_verificado,,,,
2702009,AL,Coité do Nóia,nao_verificado,,,,
2702108,AL,Colônia Leopoldina,nao_verificado,,,,
2702207,AL,Coqueiro Seco,nao_verificado,,,,
2702306,AL,Coruripe,nao_verificado,,,,
2702355,AL,Craíbas,nao_verificado,,,,
2702405,AL,Delmiro Gouveia,nao_verificado,,,,
2702504,AL,Dois Riachos,nao_verificado,,decreto,,
2702553,AL,Estrela de Alagoas,nao_verificado,,,,
2702603,AL,Feira Grande,nao_verificado,,,,
2702702,AL,Feliz Deserto,nao_verificado,,,,
2702801,AL,Flexeiras,nao_verificado,,,,
2702900,AL,Girau do Ponciano,nao_verificado,,decreto,,
2703007,AL,Ibateguara,nao_verificado,,,,
2703106,AL,Igaci,nao_verificado,,,,
2703205,AL,Igreja Nova,nao_verificado,,,,
2703304,AL,Inhapi,nao_verificado,,,,
2703403,AL,Jacaré dos Homens,nao_verificado,,,,
2703502,AL,Jacuípe,nao_verificado,,,,
2703601,AL,Japaratinga,nao_verificado,,,,
2703700,AL,Jaramataia,nao_verificado,,,,
2703759,AL,Jequiá da Praia,nao_verificado,,,,
2703809,AL,Joaquim Gomes,nao_verificado,,,,
2703908,AL,Jundiá,nao_verificado,,,,
2704005,AL,Junqueiro,nao_verificado,,,,
2704104,AL,Lagoa da Canoa,nao_verificado,,,,
2704203,AL,Limoeiro de Anadia,nao_verificado,,,,
2704302,AL,Maceió,nao_verificado,,plano,,
2704401,AL,Major Isidoro,nao_verificado,,,,
2704906,AL,Mar Vermelho,nao_verificado,,,,
2704500,AL,Maragogi,nao_verificado,,,,
2704609,AL,Maravilha,nao_verificado,,,,
2704708,AL,Marechal Deodoro,nao_verificado,,,,
2704807,AL,Maribondo,nao_verificado,,,,
2705002,AL,Mata Grande,nao_verificado,,decreto,,
2705101,AL,Matriz de Camaragibe,nao_verificado,,,,
2705200,AL,Messias,nao_verificado,,,,
2705309,AL,Minador do Negrão,nao_verificado,,decreto,,
2705408,AL,Monteirópolis,nao_verificado,,,,
2705507,AL,Murici,nao_verificado,,,,
2705606,AL,Novo Lino,nao_verificado,,,,
2705903,AL,Olho d'Água Grande,nao_verificado,,,,
2705705,AL,Olho d'Água das Flores,nao_verificado,,decreto,,
2705804,AL,Olho d'Água do Casado,nao_verificado,,decreto,,
2706000,AL,Olivença,nao_verificado,,,,
2706109,AL,Ouro Branco,nao_verificado,,decreto,,
2706208,AL,Palestina,nao_verificado,,,,
2706307,AL,Palmeira dos Índios,nao_verificado,,,,
2706422,AL,Pariconha,nao_verificado,,,,
2706448,AL,Paripueira,nao_verificado,,,,
2706505,AL,Passo de Camaragibe,nao_verificado,,,,
2706604,AL,Paulo Jacinto,nao_verificado,,,,
2706703,AL,Penedo,nao_verificado,,,,
2706802,AL,Piaçabuçu,nao_verificado,,,,
2706901,AL,Pilar,nao_verificado,,,,
2707008,AL,Pindoba,nao_verificado,,,,
2707107,AL,Piranhas,nao_verificado,,,,
2707305,AL,Porto Calvo,nao_verificado,,,,
2707503,AL,Porto Real do Colégio,nao_verificado,,,,
2707404,AL,Porto de Pedras,nao_verificado,,,,
2707206,AL,Poço das Trincheiras,nao_verificado,,,,
2706406,AL,Pão de Açúcar,nao_verificado,,,,
2707602,AL,Quebrangulo,nao_verificado,,,,
2707701,AL,Rio Largo,nao_verificado,,,,
2707800,AL,Roteiro,nao_verificado,,,,
2707909,AL,Santa Luzia do Norte,nao_verificado,,,,
2708006,AL,Santana do Ipanema,nao_verificado,,,,
2708105,AL,Santana do Mundaú,nao_verificado,,,,
2708907,AL,Satuba,nao_verificado,,,,
2708956,AL,Senador Rui Palmeira,nao_verificado,,decreto,,
2708204,AL,São Brás,nao_verificado,,,,
2708303,AL,São José da Laje,nao_verificado,,,,
2708402,AL,São José da Tapera,nao_verificado,,,,
2708501,AL,São Luís do Quitunde,nao_verificado,,,,
2708600,AL,São Miguel dos Campos,nao_verificado,,,,
2708709,AL,São Miguel dos Milagres,nao_verificado,,,,
2708808,AL,São Sebastião,nao_verificado,,,,
2709004,AL,Tanque d'Arca,nao_verificado,,,,
2709103,AL,Taquarana,nao_verificado,,,,
2709152,AL,Teotônio Vilela,nao_verificado,,,,
2709202,AL,Traipu,nao_verificado,,,,
2709301,AL,União dos Palmares,nao_verificado,,,,
2709400,AL,Viçosa,nao_verificado,,,,
2700102,AL,Água Branca,nao_verificado,,,,
1300029,AM,Alvarães,nao_verificado,,,,
1300060,AM,Amaturá,nao_verificado,,,,
1300086,AM,Anamã,nao_verificado,,,,
1300102,AM,Anori,nao_verificado,,,,
1300144,AM,Apuí,nao_verificado,,,,
1300201,AM,Atalaia do Norte,nao_verificado,,,,
1300300,AM,Autazes,nao_verificado,,,,
1300409,AM,Barcelos,nao_verificado,,,,
1300508,AM,Barreirinha,nao_verificado,,,,
1300607,AM,Benjamin Constant,nao_verificado,,,,
1300631,AM,Beruri,nao_verificado,,,,
1300680,AM,Boa Vista do Ramos,nao_verificado,,,,
1300706,AM,Boca do Acre,nao_verificado,,,,
1300805,AM,Borba,nao_verificado,,,,
1300839,AM,Caapiranga,nao_verificado,,,,
1300904,AM,Canutama,nao_verificado,,,,
1301001,AM,Carauari,nao_verificado,,,,
1301100,AM,Careiro,nao_verificado,,,,
1301159,AM,Careiro da Várzea,nao_verificado,,,,
1301209,AM,Coari,nao_verificado,,,,
1301308,AM,Codajás,nao_verificado,,,,
1301407,AM,Eirunepé,nao_verificado,,,,
1301506,AM,Envira,nao_verificado,,,,
1301605,AM,Fonte Boa,nao_verificado,,,,
1301654,AM,Guajará,nao_verificado,,,,
1301704,AM,Humaitá,nao_verificado,,,,
1301803,AM,Ipixuna,nao_verificado,,,,
1301852,AM,Iranduba,nao_verificado,,,,
1301902,AM,Itacoatiara,nao_verificado,,,,
1301951,AM,Itamarati,nao_verificado,,,,
1302009,AM,Itapiranga,nao_verificado,,,,
1302108,AM,Japurá,nao_verificado,,,,
1302207,AM,Juruá,nao_verificado,,,,
1302306,AM,Jutaí,nao_verificado,,,,
1302405,AM,Lábrea,nao_verificado,,,,
1302504,AM,Manacapuru,nao_verificado,,,,
1302553,AM,Manaquiri,nao_verificado,,,,
1302603,AM,Manaus,nao_verificado,,plano,,
1302702,AM,Manicoré,nao_verificado,,,,
1302801,AM,Maraã,nao_verificado,,,,
1302900,AM,Maués,nao_verificado,,,,
1303007,AM,Nhamundá,nao_verificado,,,,
1303106,AM,Nova Olinda do Norte,nao_verificado,,,,
1303205,AM,Novo Airão,nao_verificado,,,,
1303304,AM,Novo Aripuanã,nao_verificado,,,,
1303403,AM,Parintins,nao_verificado,,,,
1303502,AM,Pauini,nao_verificado,,,,
1303536,AM,Presidente Figueiredo,nao_verificado,,,,
1303569,AM,Rio Preto da Eva,nao_verificado,,,,
1303601,AM,Santa Isabel do Rio Negro,nao_verificado,,decreto,,
1303700,AM,Santo Antônio do Içá,nao_verificado,,,,
1304005,AM,Silves,nao_verificado,,,,
1303809,AM,São Gabriel da Cachoeira,nao_verificado,,,,
1303908,AM,São Paulo de Olivença,nao_verificado,,,,
1303957,AM,São Sebastião do Uatumã,nao_verificado,,,,
1304062,AM,Tabatinga,nao_verificado,,,,
1304104,AM,Tapauá,nao_verificado,,,,
1304203,AM,Tefé,nao_verificado,,,,
1304237,AM,Tonantins,nao_verificado,,,,
1304260,AM,Uarini,nao_verificado,,,,
1304302,AM,Urucará,nao_verificado,,,,
1304401,AM,Urucurituba,nao_verificado,,,,
1600105,AP,Amapá,nao_verificado,,,,
1600204,AP,Calçoene,nao_verificado,,,,
1600212,AP,Cutias,nao_verificado,,,,
1600238,AP,Ferreira Gomes,nao_verificado,,,,
1600253,AP,Itaubal,nao_verificado,,,,
1600279,AP,Laranjal do Jari,nao_verificado,,nao_el_nino,,
1600303,AP,Macapá,nao_verificado,,plano_elaboracao,,
1600402,AP,Mazagão,nao_verificado,,nao_el_nino,,
1600501,AP,Oiapoque,nao_verificado,,nao_el_nino,,
1600154,AP,Pedra Branca do Amapari,nao_verificado,,,,
1600535,AP,Porto Grande,nao_verificado,,,,
1600550,AP,Pracuúba,nao_verificado,,,,
1600600,AP,Santana,nao_verificado,,nao_el_nino,,
1600055,AP,Serra do Navio,nao_verificado,,,,
1600709,AP,Tartarugalzinho,nao_verificado,,,,
1600808,AP,Vitória do Jari,nao_verificado,,,,
2900207,BA,Abaré,nao_verificado,,,,
2900108,BA,Abaíra,nao_verificado,,,,
2900306,BA,Acajutiba,nao_verificado,,,,
2900355,BA,Adustina,nao_verificado,,,,
2900603,BA,Aiquara,nao_verificado,,,,
2900702,BA,Alagoinhas,nao_verificado,,,,
2900801,BA,Alcobaça,nao_verificado,,,,
2900900,BA,Almadina,nao_verificado,,,,
2901007,BA,Amargosa,nao_verificado,,,,
2901106,BA,Amélia Rodrigues,nao_verificado,,,,
2901155,BA,América Dourada,nao_verificado,,,,
2901205,BA,Anagé,nao_verificado,,,,
2901304,BA,Andaraí,nao_verificado,,,,
2901353,BA,Andorinha,nao_verificado,,,,
2901403,BA,Angical,nao_verificado,,,,
2901502,BA,Anguera,nao_verificado,,,,
2901601,BA,Antas,nao_verificado,,,,
2901700,BA,Antônio Cardoso,nao_verificado,,,,
2901809,BA,Antônio Gonçalves,nao_verificado,,,,
2901908,BA,Aporá,nao_verificado,,,,
2901957,BA,Apuarema,nao_verificado,,,,
2902005,BA,Aracatu,nao_verificado,,,,
2902104,BA,Araci,nao_verificado,,,,
2902203,BA,Aramari,nao_verificado,,,,
2902252,BA,Arataca,nao_verificado,,,,
2902302,BA,Aratuípe,nao_verificado,,,,
2902054,BA,Araças,nao_verificado,,,,
2902401,BA,Aurelino Leal,nao_verificado,,,,
2902500,BA,Baianópolis,nao_verificado,,,,
2902609,BA,Baixa Grande,nao_verificado,,,,
2902658,BA,Banzaê,nao_verificado,,,,
2902708,BA,Barra,nao_verificado,,,,
2902807,BA,Barra da Estiva,nao_verificado,,,,
2902906,BA,Barra do Choça,nao_verificado,,,,
2903003,BA,Barra do Mendes,nao_verificado,,,,
2903102,BA,Barra do Rocha,nao_verificado,,,,
2903201,BA,Barreiras,nao_verificado,,,,
2903235,BA,Barro Alto,nao_verificado,,,,
2903300,BA,Barro Preto,nao_verificado,,,,
2903276,BA,Barrocas,nao_verificado,,,,
2903409,BA,Belmonte,nao_verificado,,,,
2903508,BA,Belo Campo,nao_verificado,,,,
2903607,BA,Biritinga,nao_verificado,,,,
2903706,BA,Boa Nova,nao_verificado,,,,
2903805,BA,Boa Vista do Tupim,nao_verificado,,,,
2903904,BA,Bom Jesus da Lapa,nao_verificado,,,,
2903953,BA,Bom Jesus da Serra,nao_verificado,,,,
2904001,BA,Boninal,nao_verificado,,,,
2904050,BA,Bonito,nao_verificado,,,,
2904100,BA,Boquira,nao_verificado,,,,
2904209,BA,Botuporã,nao_verificado,,,,
2904407,BA,Brejolândia,nao_verificado,,,,
2904308,BA,Brejões,nao_verificado,,,,
2904506,BA,Brotas de Macaúbas,nao_verificado,,,,
2904605,BA,Brumado,nao_verificado,,,,
2904704,BA,Buerarema,nao_verificado,,,,
2904753,BA,Buritirama,nao_verificado,,,,
2904803,BA,Caatiba,nao_verificado,,,,
2904852,BA,Cabaceiras do Paraguaçu,nao_verificado,,,,
2904902,BA,Cachoeira,nao_verificado,,,,
2905008,BA,Caculé,nao_verificado,,,,
2905156,BA,Caetanos,nao_verificado,,,,
2905206,BA,Caetité,nao_verificado,,,,
2905305,BA,Cafarnaum,nao_verificado,,,,
2905404,BA,Cairu,nao_verificado,,,,
2905503,BA,Caldeirão Grande,nao_verificado,,,,
2905602,BA,Camacan,nao_verificado,,,,
2905800,BA,Camamu,nao_verificado,,,,
2905701,BA,Camaçari,nao_verificado,,,,
2905909,BA,Campo Alegre de Lourdes,nao_verificado,,,,
2906006,BA,Campo Formoso,nao_verificado,,,,
2906204,BA,Canarana,nao_verificado,,,,
2906303,BA,Canavieiras,nao_verificado,,,,
2906402,BA,Candeal,nao_verificado,,,,
2906501,BA,Candeias,nao_verificado,,,,
2906600,BA,Candiba,nao_verificado,,,,
2906808,BA,Cansanção,nao_verificado,,,,
2906824,BA,Canudos,nao_verificado,,,,
2906105,BA,Canápolis,nao_verificado,,,,
2906857,BA,Capela do Alto Alegre,nao_verificado,,,,
2906873,BA,Capim Grosso,nao_verificado,,,,
2906907,BA,Caravelas,nao_verificado,,,,
2906899,BA,Caraíbas,nao_verificado,,,,
2907004,BA,Cardeal da Silva,nao_verificado,,,,
2907103,BA,Carinhanha,nao_verificado,,,,
2907202,BA,Casa Nova,nao_verificado,,,,
2907301,BA,Castro Alves,nao_verificado,,,,
2907400,BA,Catolândia,nao_verificado,,,,
2907509,BA,Catu,nao_verificado,,,,
2907558,BA,Caturama,nao_verificado,,,,
2905107,BA,Caém,nao_verificado,,,,
2907608,BA,Central,nao_verificado,,,,
2907707,BA,Chorrochó,nao_verificado,,,,
2907905,BA,Cipó,nao_verificado,,,,
2908002,BA,Coaraci,nao_verificado,,,,
2908101,BA,Cocos,nao_verificado,,,,
2908200,BA,Conceição da Feira,nao_verificado,,,,
2908309,BA,Conceição do Almeida,nao_verificado,,,,
2908408,BA,Conceição do Coité,nao_verificado,,,,
2908507,BA,Conceição do Jacuípe,nao_verificado,,,,
2908606,BA,Conde,nao_verificado,,,,
2908705,BA,Condeúba,nao_verificado,,,,
2908804,BA,Contendas do Sincorá,nao_verificado,,,,
2908903,BA,Coração de Maria,nao_verificado,,,,
2909000,BA,Cordeiros,nao_verificado,,,,
2909109,BA,Coribe,nao_verificado,,,,
2909208,BA,Coronel João Sá,nao_verificado,,,,
2909307,BA,Correntina,nao_verificado,,,,
2909406,BA,Cotegipe,nao_verificado,,,,
2909505,BA,Cravolândia,nao_verificado,,,,
2909703,BA,Cristópolis,nao_verificado,,,,
2909604,BA,Crisópolis,nao_verificado,,,,
2909802,BA,Cruz das Almas,nao_verificado,,,,
2909901,BA,Curaçá,nao_verificado,,,,
2906709,BA,Cândido Sales,nao_verificado,,,,
2907806,BA,Cícero Dantas,nao_verificado,,,,
2910057,BA,Dias d'Ávila,nao_verificado,,,,
2910107,BA,Dom Basílio,nao_verificado,,,,
2910206,BA,Dom Macedo Costa,nao_verificado,,,,
2910008,BA,Dário Meira,nao_verificado,,,,
2910305,BA,Elísio Medrado,nao_verificado,,,,
2910404,BA,Encruzilhada,nao_verificado,,,,
2910503,BA,Entre Rios,nao_verificado,,,,
2910602,BA,Esplanada,nao_verificado,,,,
2910701,BA,Euclides da Cunha,nao_verificado,,,,
2910727,BA,Eunápolis,nao_verificado,,,,
2910776,BA,Feira da Mata,nao_verificado,,,,
2910800,BA,Feira de Santana,nao_verificado,,,,
2910859,BA,Filadélfia,nao_verificado,,,,
2910909,BA,Firmino Alves,nao_verificado,,,,
2911006,BA,Floresta Azul,nao_verificado,,,,
2911105,BA,Formosa do Rio Preto,nao_verificado,,,,
2910750,BA,Fátima,nao_verificado,,,,
2911204,BA,Gandu,nao_verificado,,,,
2911253,BA,Gavião,nao_verificado,,,,
2911303,BA,Gentio do Ouro,nao_verificado,,,,
2911402,BA,Glória,nao_verificado,,,,
2911501,BA,Gongogi,nao_verificado,,,,
2911600,BA,Governador Mangabeira,nao_verificado,,,,
2911659,BA,Guajeru,nao_verificado,,,,
2911709,BA,Guanambi,nao_verificado,,,,
2911808,BA,Guaratinga,nao_verificado,,,,
2911857,BA,Heliópolis,nao_verificado,,,,
2911907,BA,Iaçu,nao_verificado,,,,
2912004,BA,Ibiassucê,nao_verificado,,,,
2912103,BA,Ibicaraí,nao_verificado,,,,
2912202,BA,Ibicoara,nao_verificado,,,,
2912301,BA,Ibicuí,nao_verificado,,,,
2912400,BA,Ibipeba,nao_verificado,,,,
2912509,BA,Ibipitanga,nao_verificado,,,,
2912608,BA,Ibiquera,nao_verificado,,,,
2912707,BA,Ibirapitanga,nao_verificado,,,,
2912806,BA,Ibirapuã,nao_verificado,,,,
2912905,BA,Ibirataia,nao_verificado,,,,
2913002,BA,Ibitiara,nao_verificado,,,,
2913101,BA,Ibititá,nao_verificado,,,,
2913200,BA,Ibotirama,nao_verificado,,,,
2913309,BA,Ichu,nao_verificado,,,,
2913408,BA,Igaporã,nao_verificado,,,,
2913457,BA,Igrapiúna,nao_verificado,,,,
2913507,BA,Iguaí,nao_verificado,,,,
2913606,BA,Ilhéus,nao_verificado,,,,
2913705,BA,Inhambupe,nao_verificado,,,,
2913804,BA,Ipecaetá,nao_verificado,,,,
2913903,BA,Ipiaú,nao_verificado,,,,
2914000,BA,Ipirá,nao_verificado,,,,
2914109,BA,Ipupiara,nao_verificado,,,,
2914208,BA,Irajuba,nao_verificado,,,,
2914307,BA,Iramaia,nao_verificado,,,,
2914406,BA,Iraquara,nao_verificado,,,,
2914505,BA,Irará,nao_verificado,,,,
2914604,BA,Irecê,nao_verificado,,,,
2914653,BA,Itabela,nao_verificado,,,,
2914703,BA,Itaberaba,nao_verificado,,,,
2914802,BA,Itabuna,nao_verificado,,,,
2914901,BA,Itacaré,nao_verificado,,,,
2915007,BA,Itaeté,nao_verificado,,,,
2915106,BA,Itagi,nao_verificado,,,,
2915205,BA,Itagibá,nao_verificado,,,,
2915304,BA,Itagimirim,nao_verificado,,,,
2915353,BA,Itaguaçu da Bahia,nao_verificado,,,,
2915403,BA,Itaju do Colônia,nao_verificado,,,,
2915502,BA,Itajuípe,nao_verificado,,,,
2915601,BA,Itamaraju,nao_verificado,,,,
2915700,BA,Itamari,nao_verificado,,,,
2915809,BA,Itambé,nao_verificado,,,,
2915908,BA,Itanagra,nao_verificado,,,,
2916005,BA,Itanhém,nao_verificado,,,,
2916104,BA,Itaparica,nao_verificado,,,,
2916302,BA,Itapebi,nao_verificado,,,,
2916401,BA,Itapetinga,nao_verificado,,,,
2916500,BA,Itapicuru,nao_verificado,,,,
2916609,BA,Itapitanga,nao_verificado,,,,
2916203,BA,Itapé,nao_verificado,,,,
2916708,BA,Itaquara,nao_verificado,,,,
2916807,BA,Itarantim,nao_verificado,,,,
2916856,BA,Itatim,nao_verificado,,,,
2916906,BA,Itiruçu,nao_verificado,,,,
2917003,BA,Itiúba,nao_verificado,,,,
2917102,BA,Itororó,nao_verificado,,,,
2917201,BA,Ituaçu,nao_verificado,,,,
2917300,BA,Ituberá,nao_verificado,,,,
2917334,BA,Iuiú,nao_verificado,,,,
2917359,BA,Jaborandi,nao_verificado,,,,
2917409,BA,Jacaraci,nao_verificado,,,,
2917508,BA,Jacobina,nao_verificado,,,,
2917607,BA,Jaguaquara,nao_verificado,,,,
2917706,BA,Jaguarari,nao_verificado,,,,
2917805,BA,Jaguaripe,nao_verificado,,,,
2917904,BA,Jandaíra,nao_verificado,,,,
2918001,BA,Jequié,nao_verificado,,,,
2918100,BA,Jeremoabo,nao_verificado,,,,
2918209,BA,Jiquiriçá,nao_verificado,,,,
2918308,BA,Jitaúna,nao_verificado,,,,
2918357,BA,João Dourado,nao_verificado,,,,
2918407,BA,Juazeiro,nao_verificado,,,,
2918456,BA,Jucuruçu,nao_verificado,,,,
2918506,BA,Jussara,nao_verificado,,,,
2918555,BA,Jussari,nao_verificado,,,,
2918605,BA,Jussiape,nao_verificado,,,,
2918704,BA,Lafaiete Coutinho,nao_verificado,,,,
2918753,BA,Lagoa Real,nao_verificado,,,,
2918803,BA,Laje,nao_verificado,,,,
2919009,BA,Lajedinho,nao_verificado,,,,
2919058,BA,Lajedo do Tabocal,nao_verificado,,,,
2918902,BA,Lajedão,nao_verificado,,,,
2919108,BA,Lamarão,nao_verificado,,,,
2919157,BA,Lapão,nao_verificado,,,,
2919207,BA,Lauro de Freitas,nao_verificado,,,,
2919306,BA,Lençóis,nao_verificado,,,,
2919405,BA,Licínio de Almeida,nao_verificado,,,,
2919504,BA,Livramento de Nossa Senhora,nao_verificado,,,,
2919553,BA,Luís Eduardo Magalhães,nao_verificado,,,,
2919603,BA,Macajuba,nao_verificado,,,,
2919702,BA,Macarani,nao_verificado,,,,
2919801,BA,Macaúbas,nao_verificado,,,,
2919900,BA,Macururé,nao_verificado,,,,
2919926,BA,Madre de Deus,nao_verificado,,,,
2919959,BA,Maetinga,nao_verificado,,,,
2920007,BA,Maiquinique,nao_verificado,,,,
2920106,BA,Mairi,nao_verificado,,,,
2920205,BA,Malhada,nao_verificado,,,,
2920304,BA,Malhada de Pedras,nao_verificado,,,,
2920403,BA,Manoel Vitorino,nao_verificado,,,,
2920452,BA,Mansidão,nao_verificado,,,,
2920502,BA,Maracás,nao_verificado,,,,
2920601,BA,Maragogipe,nao_verificado,,,,
2920700,BA,Maraú,nao_verificado,,,,
2920809,BA,Marcionílio Souza,nao_verificado,,,,
2920908,BA,Mascote,nao_verificado,,,,
2921005,BA,Mata de São João,nao_verificado,,,,
2921054,BA,Matina,nao_verificado,,,,
2921104,BA,Medeiros Neto,nao_verificado,,,,
2921203,BA,Miguel Calmon,nao_verificado,,,,
2921302,BA,Milagres,nao_verificado,,,,
2921401,BA,Mirangaba,nao_verificado,,,,
2921450,BA,Mirante,nao_verificado,,,,
2921500,BA,Monte Santo,nao_verificado,,,,
2921609,BA,Morpará,nao_verificado,,,,
2921708,BA,Morro do Chapéu,nao_verificado,,,,
2921807,BA,Mortugaba,nao_verificado,,,,
2921906,BA,Mucugê,nao_verificado,,,,
2922003,BA,Mucuri,nao_verificado,,,,
2922052,BA,Mulungu do Morro,nao_verificado,,,,
2922102,BA,Mundo Novo,nao_verificado,,,,
2922201,BA,Muniz Ferreira,nao_verificado,,,,
2922250,BA,Muquém de São Francisco,nao_verificado,,,,
2922300,BA,Muritiba,nao_verificado,,,,
2922409,BA,Mutuípe,nao_verificado,,,,
2922508,BA,Nazaré,nao_verificado,,,,
2922607,BA,Nilo Peçanha,nao_verificado,,,,
2922656,BA,Nordestina,nao_verificado,,,,
2922706,BA,Nova Canaã,nao_verificado,,,,
2922730,BA,Nova Fátima,nao_verificado,,,,
2922755,BA,Nova Ibiá,nao_verificado,,,,
2922805,BA,Nova Itarana,nao_verificado,,,,
2922854,BA,Nova Redenção,nao_verificado,,,,
2922904,BA,Nova Soure,nao_verificado,,,,
2923001,BA,Nova Viçosa,nao_verificado,,,,
2923035,BA,Novo Horizonte,nao_verificado,,,,
2923050,BA,Novo Triunfo,nao_verificado,,,,
2923100,BA,Olindina,nao_verificado,,,,
2923209,BA,Oliveira dos Brejinhos,nao_verificado,,,,
2923308,BA,Ouriçangas,nao_verificado,,,,
2923357,BA,Ourolândia,nao_verificado,,,,
2923407,BA,Palmas de Monte Alto,nao_verificado,,,,
2923506,BA,Palmeiras,nao_verificado,,,,
2923605,BA,Paramirim,nao_verificado,,,,
2923704,BA,Paratinga,nao_verificado,,,,
2923803,BA,Paripiranga,nao_verificado,,,,
2923902,BA,Pau Brasil,nao_verificado,,,,
2924009,BA,Paulo Afonso,nao_verificado,,,,
2924207,BA,Pedro Alexandre,nao_verificado,,,,
2924108,BA,Pedrão,nao_verificado,,,,
2924306,BA,Piatã,nao_verificado,,,,
2924405,BA,Pilão Arcado,nao_verificado,,,,
2924504,BA,Pindaí,nao_verificado,,,,
2924603,BA,Pindobaçu,nao_verificado,,,,
2924652,BA,Pintadas,nao_verificado,,,,
2924678,BA,Piraí do Norte,nao_verificado,,,,
2924702,BA,Piripá,nao_verificado,,,,
2924801,BA,Piritiba,nao_verificado,,,,
2924900,BA,Planaltino,nao_verificado,,,,
2925006,BA,Planalto,nao_verificado,,,,
2925204,BA,Pojuca,nao_verificado,,,,
2925253,BA,Ponto Novo,nao_verificado,,,,
2925303,BA,Porto Seguro,nao_verificado,,,,
2925402,BA,Potiraguá,nao_verificado,,,,
2925105,BA,Poções,nao_verificado,,,,
2925501,BA,Prado,nao_verificado,,,,
2925600,BA,Presidente Dutra,nao_verificado,,,,
2925709,BA,Presidente Jânio Quadros,nao_verificado,,,,
2925758,BA,Presidente Tancredo Neves,nao_verificado,,,,
2924058,BA,Pé de Serra,nao_verificado,,,,
2925808,BA,Queimadas,nao_verificado,,,,
2925907,BA,Quijingue,nao_verificado,,,,
2925931,BA,Quixabeira,nao_verificado,,,,
2925956,BA,Rafael Jambeiro,nao_verificado,,,,
2926004,BA,Remanso,nao_verificado,,,,
2926103,BA,Retirolândia,nao_verificado,,,,
2926400,BA,Riacho de Santana,nao_verificado,,,,
2926202,BA,Riachão das Neves,nao_verificado,,,,
2926301,BA,Riachão do Jacuípe,nao_verificado,,,,
2926509,BA,Ribeira do Amparo,nao_verificado,,,,
2926608,BA,Ribeira do Pombal,nao_verificado,,,,
2926657,BA,Ribeirão do Largo,nao_verificado,,,,
2927002,BA,Rio Real,nao_verificado,,,,
2926707,BA,Rio de Contas,nao_verificado,,,,
2926806,BA,Rio do Antônio,nao_verificado,,,,
2926905,BA,Rio do Pires,nao_verificado,,,,
2927101,BA,Rodelas,nao_verificado,,,,
2927200,BA,Ruy Barbosa,nao_verificado,,,,
2927309,BA,Salinas da Margarida,nao_verificado,,,,
2927408,BA,Salvador,nao_verificado,,plano,,
2927606,BA,Santa Brígida,nao_verificado,,,,
2927507,BA,Santa Bárbara,nao_verificado,,,,
2927705,BA,Santa Cruz Cabrália,nao_verificado,,,,
2927804,BA,Santa Cruz da Vitória,nao_verificado,,,,
2927903,BA,Santa Inês,nao_verificado,,,,
2928059,BA,Santa Luzia,nao_verificado,,,,
2928109,BA,Santa Maria da Vitória,nao_verificado,,,,
2928406,BA,Santa Rita de Cássia,nao_verificado,,,,
2928505,BA,Santa Teresinha,nao_verificado,,,,
2928000,BA,Santaluz,nao_verificado,,,,
2928208,BA,Santana,nao_verificado,,,,
2928307,BA,Santanópolis,nao_verificado,,,,
2928604,BA,Santo Amaro,nao_verificado,,,,
2928703,BA,Santo Antônio de Jesus,nao_verificado,,,,
2928802,BA,Santo Estêvão,nao_verificado,,,,
2929602,BA,Sapeaçu,nao_verificado,,,,
2929750,BA,Saubara,nao_verificado,,,,
2929800,BA,Saúde,nao_verificado,,,,
2929909,BA,Seabra,nao_verificado,,,,
2930006,BA,Sebastião Laranjeiras,nao_verificado,,,,
2930105,BA,Senhor do Bonfim,nao_verificado,,,,
2930204,BA,Sento Sé,nao_verificado,,,,
2930303,BA,Serra Dourada,nao_verificado,,,,
2930402,BA,Serra Preta,nao_verificado,,,,
2930154,BA,Serra do Ramalho,nao_verificado,,,,
2930501,BA,Serrinha,nao_verificado,,,,
2930600,BA,Serrolândia,nao_verificado,,,,
2930709,BA,Simões Filho,nao_verificado,,,,
2930774,BA,Sobradinho,nao_verificado,,,,
2930808,BA,Souto Soares,nao_verificado,,,,
2929701,BA,Sátiro Dias,nao_verificado,,,,
2928901,BA,São Desidério,nao_verificado,,,,
2928950,BA,São Domingos,nao_verificado,,,,
2929107,BA,São Felipe,nao_verificado,,,,
2929206,BA,São Francisco do Conde,nao_verificado,,,,
2929008,BA,São Félix,nao_verificado,,,,
2929057,BA,São Félix do Coribe,nao_verificado,,,,
2929255,BA,São Gabriel,nao_verificado,,,,
2929305,BA,São Gonçalo dos Campos,nao_verificado,,,,
2929354,BA,São José da Vitória,nao_verificado,,,,
2929370,BA,São José do Jacuípe,nao_verificado,,,,
2929404,BA,São Miguel das Matas,nao_verificado,,,,
2929503,BA,São Sebastião do Passé,nao_verificado,,,,
2930758,BA,Sítio do Mato,nao_verificado,,,,
2930766,BA,Sítio do Quinto,nao_verificado,,,,
2930907,BA,Tabocas do Brejo Velho,nao_verificado,,,,
2931004,BA,Tanhaçu,nao_verificado,,,,
2931053,BA,Tanque Novo,nao_verificado,,,,
2931103,BA,Tanquinho,nao_verificado,,,,
2931202,BA,Taperoá,nao_verificado,,,,
2931301,BA,Tapiramutá,nao_verificado,,,,
2931350,BA,Teixeira de Freitas,nao_verificado,,,,
2931400,BA,Teodoro Sampaio,nao_verificado,,,,
2931509,BA,Teofilândia,nao_verificado,,,,
2931608,BA,Teolândia,nao_verificado,,,,
2931707,BA,Terra Nova,nao_verificado,,,,
2931806,BA,Tremedal,nao_verificado,,,,
2931905,BA,Tucano,nao_verificado,,,,
2932002,BA,Uauá,nao_verificado,,,,
2932200,BA,Ubaitaba,nao_verificado,,,,
2932309,BA,Ubatã,nao_verificado,,,,
2932101,BA,Ubaíra,nao_verificado,,,,
2932408,BA,Uibaí,nao_verificado,,,,
2932457,BA,Umburanas,nao_verificado,,,,
2932507,BA,Una,nao_verificado,,,,
2932606,BA,Urandi,nao_verificado,,,,
2932705,BA,Uruçuca,nao_verificado,,,,
2932804,BA,Utinga,nao_verificado,,,,
2933000,BA,Valente,nao_verificado,,,,
2932903,BA,Valença,nao_verificado,,,,
2933174,BA,Varzedo,nao_verificado,,,,
2933208,BA,Vera Cruz,nao_verificado,,,,
2933257,BA,Vereda,nao_verificado,,,,
2933307,BA,Vitória da Conquista,nao_verificado,,,,
2933158,BA,Várzea Nova,nao_verificado,,,,
2933059,BA,Várzea da Roça,nao_verificado,,,,
2933109,BA,Várzea do Poço,nao_verificado,,,,
2933406,BA,Wagner,nao_verificado,,,,
2933455,BA,Wanderley,nao_verificado,,,,
2933505,BA,Wenceslau Guimarães,nao_verificado,,,,
2933604,BA,Xique-Xique,nao_verificado,,,,
2900405,BA,Água Fria,nao_verificado,,,,
2900504,BA,Érico Cardoso,nao_verificado,,,,
2300101,CE,Abaiara,nao_verificado,,,,
2300150,CE,Acarape,nao_verificado,,,,
2300200,CE,Acaraú,nao_verificado,,,,
2300309,CE,Acopiara,nao_verificado,,,,
2300408,CE,Aiuaba,nao_verificado,,,,
2300507,CE,Alcântaras,nao_verificado,,,,
2300606,CE,Altaneira,nao_verificado,,,,
2300705,CE,Alto Santo,nao_verificado,,,,
2300754,CE,Amontada,nao_verificado,,,,
2300804,CE,Antonina do Norte,nao_verificado,,,,
2300903,CE,Apuiarés,nao_verificado,,,,
2301000,CE,Aquiraz,nao_verificado,,,,
2301109,CE,Aracati,nao_verificado,,,,
2301208,CE,Aracoiaba,nao_verificado,,,,
2301257,CE,Ararendá,nao_verificado,,,,
2301307,CE,Araripe,nao_verificado,,,,
2301406,CE,Aratuba,nao_verificado,,,,
2301505,CE,Arneiroz,nao_verificado,,,,
2301604,CE,Assaré,nao_verificado,,,,
2301703,CE,Aurora,nao_verificado,,,,
2301802,CE,Baixio,nao_verificado,,,,
2301851,CE,Banabuiú,nao_verificado,,,,
2301901,CE,Barbalha,nao_verificado,,,,
2301950,CE,Barreira,nao_verificado,,,,
2302008,CE,Barro,nao_verificado,,,,
2302057,CE,Barroquinha,nao_verificado,,,,
2302107,CE,Baturité,nao_verificado,,,,
2302206,CE,Beberibe,nao_verificado,,,,
2302305,CE,Bela Cruz,nao_verificado,,,,
2302404,CE,Boa Viagem,nao_verificado,,,,
2302503,CE,Brejo Santo,nao_verificado,,,,
2302602,CE,Camocim,nao_verificado,,,,
2302701,CE,Campos Sales,nao_verificado,,,,
2302800,CE,Canindé,nao_verificado,,,,
2302909,CE,Capistrano,nao_verificado,,,,
2303006,CE,Caridade,nao_verificado,,,,
2303204,CE,Caririaçu,nao_verificado,,,,
2303105,CE,Cariré,nao_verificado,,,,
2303303,CE,Cariús,nao_verificado,,,,
2303402,CE,Carnaubal,nao_verificado,,,,
2303501,CE,Cascavel,nao_verificado,,,,
2303600,CE,Catarina,nao_verificado,,,,
2303659,CE,Catunda,nao_verificado,,,,
2303709,CE,Caucaia,nao_verificado,,,,
2303808,CE,Cedro,nao_verificado,,,,
2303907,CE,Chaval,nao_verificado,,,,
2303956,CE,Chorozinho,nao_verificado,,,,
2303931,CE,Choró,nao_verificado,,,,
2304004,CE,Coreaú,nao_verificado,,,,
2304103,CE,Crateús,nao_verificado,,,,
2304202,CE,Crato,nao_verificado,,,,
2304236,CE,Croatá,nao_verificado,,,,
2304251,CE,Cruz,nao_verificado,,,,
2304269,CE,Deputado Irapuan Pinheiro,nao_verificado,,,,
2304277,CE,Ererê,nao_verificado,,,,
2304285,CE,Eusébio,nao_verificado,,,,
2304301,CE,Farias Brito,nao_verificado,,,,
2304350,CE,Forquilha,nao_verificado,,,,
2304400,CE,Fortaleza,nao_verificado,,plano,,
2304459,CE,Fortim,nao_verificado,,,,
2304509,CE,Frecheirinha,nao_verificado,,,,
2304608,CE,General Sampaio,nao_verificado,,,,
2304707,CE,Granja,nao_verificado,,,,
2304806,CE,Granjeiro,nao_verificado,,,,
2304657,CE,Graça,nao_verificado,,,,
2304905,CE,Groaíras,nao_verificado,,,,
2304954,CE,Guaiúba,nao_verificado,,,,
2305001,CE,Guaraciaba do Norte,nao_verificado,,,,
2305100,CE,Guaramiranga,nao_verificado,,,,
2305209,CE,Hidrolândia,nao_verificado,,,,
2305233,CE,Horizonte,nao_verificado,,,,
2305266,CE,Ibaretama,nao_verificado,,,,
2305308,CE,Ibiapina,nao_verificado,,,,
2305332,CE,Ibicuitinga,nao_verificado,,,,
2305357,CE,Icapuí,nao_verificado,,,,
2305407,CE,Icó,nao_verificado,,,,
2305506,CE,Iguatu,nao_verificado,,,,
2305605,CE,Independência,nao_verificado,,,,
2305654,CE,Ipaporanga,nao_verificado,,,,
2305704,CE,Ipaumirim,nao_verificado,,,,
2305803,CE,Ipu,nao_verificado,,,,
2305902,CE,Ipueiras,nao_verificado,,,,
2306009,CE,Iracema,nao_verificado,,,,
2306108,CE,Irauçuba,nao_verificado,,,,
2306256,CE,Itaitinga,nao_verificado,,,,
2306207,CE,Itaiçaba,nao_verificado,,,,
2306306,CE,Itapajé,nao_verificado,,,,
2306405,CE,Itapipoca,nao_verificado,,,,
2306504,CE,Itapiúna,nao_verificado,,,,
2306553,CE,Itarema,nao_verificado,,,,
2306603,CE,Itatira,nao_verificado,,,,
2306702,CE,Jaguaretama,nao_verificado,,,,
2306801,CE,Jaguaribara,nao_verificado,,,,
2306900,CE,Jaguaribe,nao_verificado,,,,
2307007,CE,Jaguaruana,nao_verificado,,,,
2307106,CE,Jardim,nao_verificado,,,,
2307205,CE,Jati,nao_verificado,,,,
2307254,CE,Jijoca de Jericoacoara,nao_verificado,,,,
2307304,CE,Juazeiro do Norte,nao_verificado,,,,
2307403,CE,Jucás,nao_verificado,,,,
2307502,CE,Lavras da Mangabeira,nao_verificado,,,,
2307601,CE,Limoeiro do Norte,nao_verificado,,,,
2307635,CE,Madalena,nao_verificado,,,,
2307650,CE,Maracanaú,nao_verificado,,,,
2307700,CE,Maranguape,nao_verificado,,,,
2307809,CE,Marco,nao_verificado,,,,
2307908,CE,Martinópole,nao_verificado,,,,
2308005,CE,Massapê,nao_verificado,,,,
2308104,CE,Mauriti,nao_verificado,,,,
2308203,CE,Meruoca,nao_verificado,,,,
2308302,CE,Milagres,nao_verificado,,,,
2308351,CE,Milhã,nao_verificado,,,,
2308377,CE,Miraíma,nao_verificado,,,,
2308401,CE,Missão Velha,nao_verificado,,,,
2308500,CE,Mombaça,nao_verificado,,,,
2308609,CE,Monsenhor Tabosa,nao_verificado,,,,
2308708,CE,Morada Nova,nao_verificado,,,,
2308807,CE,Moraújo,nao_verificado,,,,
2308906,CE,Morrinhos,nao_verificado,,,,
2309003,CE,Mucambo,nao_verificado,,,,
2309102,CE,Mulungu,nao_verificado,,,,
2309201,CE,Nova Olinda,nao_verificado,,,,
2309300,CE,Nova Russas,nao_verificado,,,,
2309409,CE,Novo Oriente,nao_verificado,,,,
2309458,CE,Ocara,nao_verificado,,,,
2309508,CE,Orós,nao_verificado,,,,
2309607,CE,Pacajus,nao_verificado,,,,
2309706,CE,Pacatuba,nao_verificado,,,,
2309805,CE,Pacoti,nao_verificado,,,,
2309904,CE,Pacujá,nao_verificado,,,,
2310001,CE,Palhano,nao_verificado,,,,
2310100,CE,Palmácia,nao_verificado,,,,
2310209,CE,Paracuru,nao_verificado,,,,
2310258,CE,Paraipaba,nao_verificado,,,,
2310308,CE,Parambu,nao_verificado,,,,
2310407,CE,Paramoti,nao_verificado,,,,
2310506,CE,Pedra Branca,nao_verificado,,,,
2310605,CE,Penaforte,nao_verificado,,,,
2310704,CE,Pentecoste,nao_verificado,,,,
2310803,CE,Pereiro,nao_verificado,,,,
2310852,CE,Pindoretama,nao_verificado,,,,
2310902,CE,Piquet Carneiro,nao_verificado,,,,
2310951,CE,Pires Ferreira,nao_verificado,,,,
2311009,CE,Poranga,nao_verificado,,,,
2311108,CE,Porteiras,nao_verificado,,,,
2311207,CE,Potengi,nao_verificado,,,,
2311231,CE,Potiretama,nao_verificado,,,,
2311264,CE,Quiterianópolis,nao_verificado,,,,
2311306,CE,Quixadá,nao_verificado,,,,
2311355,CE,Quixelô,nao_verificado,,,,
2311405,CE,Quixeramobim,nao_verificado,,,,
2311504,CE,Quixeré,nao_verificado,,,,
2311603,CE,Redenção,nao_verificado,,,,
2311702,CE,Reriutaba,nao_verificado,,,,
2311801,CE,Russas,nao_verificado,,,,
2311900,CE,Saboeiro,nao_verificado,,,,
2311959,CE,Salitre,nao_verificado,,,,
2312205,CE,Santa Quitéria,nao_verificado,,,,
2312007,CE,Santana do Acaraú,nao_verificado,,,,
2312106,CE,Santana do Cariri,nao_verificado,,,,
2312700,CE,Senador Pompeu,nao_verificado,,,,
2312809,CE,Senador Sá,nao_verificado,,,,
2312908,CE,Sobral,nao_verificado,,,,
2313005,CE,Solonópole,nao_verificado,,,,
2312304,CE,São Benedito,nao_verificado,,,,
2312403,CE,São Gonçalo do Amarante,nao_verificado,,,,
2312502,CE,São João do Jaguaribe,nao_verificado,,,,
2312601,CE,São Luís do Curu,nao_verificado,,,,
2313104,CE,Tabuleiro do Norte,nao_verificado,,,,
2313203,CE,Tamboril,nao_verificado,,,,
2313252,CE,Tarrafas,nao_verificado,,,,
2313302,CE,Tauá,nao_verificado,,,,
2313351,CE,Tejuçuoca,nao_verificado,,,,
2313401,CE,Tianguá,nao_verificado,,,,
2313500,CE,Trairi,nao_verificado,,,,
2313559,CE,Tururu,nao_verificado,,,,
2313609,CE,Ubajara,nao_verificado,,,,
2313708,CE,Umari,nao_verificado,,,,
2313757,CE,Umirim,nao_verificado,,,,
2313807,CE,Uruburetama,nao_verificado,,,,
2313906,CE,Uruoca,nao_verificado,,,,
2313955,CE,Varjota,nao_verificado,,,,
2314102,CE,Viçosa do Ceará,nao_verificado,,,,
2314003,CE,Várzea Alegre,nao_verificado,,,,
5300108,DF,Brasília,nao_verificado,,coberto_estadual,,
3200102,ES,Afonso Cláudio,nao_verificado,,plano,,
3200201,ES,Alegre,nao_verificado,,plano,,
3200300,ES,Alfredo Chaves,nao_verificado,,plano,,
3200359,ES,Alto Rio Novo,nao_verificado,,plano,,
3200409,ES,Anchieta,nao_verificado,,plano,,
3200508,ES,Apiacá,nao_verificado,,plano,,
3200607,ES,Aracruz,nao_verificado,,plano,,
3200706,ES,Atilio Vivacqua,nao_verificado,,plano,,
3200805,ES,Baixo Guandu,nao_verificado,,plano,,
3200904,ES,Barra de São Francisco,nao_verificado,,plano,,
3201001,ES,Boa Esperança,nao_verificado,,plano,,
3201100,ES,Bom Jesus do Norte,nao_verificado,,plano,,
3201159,ES,Brejetuba,nao_verificado,,,,
3201209,ES,Cachoeiro de Itapemirim,nao_verificado,,plano,,
3201308,ES,Cariacica,nao_verificado,,plano,,
3201407,ES,Castelo,nao_verificado,,plano,,
3201506,ES,Colatina,nao_verificado,,plano,,
3201605,ES,Conceição da Barra,nao_verificado,,plano,,
3201704,ES,Conceição do Castelo,nao_verificado,,plano,,
3201803,ES,Divino de São Lourenço,nao_verificado,,plano,,
3201902,ES,Domingos Martins,nao_verificado,,,,
3202009,ES,Dores do Rio Preto,nao_verificado,,,,
3202108,ES,Ecoporanga,nao_verificado,,plano,,
3202207,ES,Fundão,nao_verificado,,plano,,
3202256,ES,Governador Lindenberg,nao_verificado,,,,
3202405,ES,Guarapari,nao_verificado,,plano,,
3202306,ES,Guaçuí,nao_verificado,,plano,,
3202454,ES,Ibatiba,nao_verificado,,plano,,
3202504,ES,Ibiraçu,nao_verificado,,plano,,
3202553,ES,Ibitirama,nao_verificado,,plano,,
3202603,ES,Iconha,nao_verificado,,plano,,
3202652,ES,Irupi,nao_verificado,,plano,,
3202702,ES,Itaguaçu,nao_verificado,,plano,,
3202801,ES,Itapemirim,nao_verificado,,plano,,
3202900,ES,Itarana,nao_verificado,,plano,,
3203007,ES,Iúna,nao_verificado,,plano,,
3203056,ES,Jaguaré,nao_verificado,,plano,,
3203106,ES,Jerônimo Monteiro,nao_verificado,,plano,,
3203130,ES,João Neiva,nao_verificado,,plano,,
3203163,ES,Laranja da Terra,nao_verificado,,plano,,
3203205,ES,Linhares,nao_verificado,,plano,,
3203304,ES,Mantenópolis,nao_verificado,,plano,,
3203320,ES,Marataízes,nao_verificado,,plano,,
3203346,ES,Marechal Floriano,nao_verificado,,plano,,
3203353,ES,Marilândia,nao_verificado,,,,
3203403,ES,Mimoso do Sul,nao_verificado,,plano,,
3203502,ES,Montanha,nao_verificado,,plano,,
3203601,ES,Mucurici,nao_verificado,,plano,,
3203700,ES,Muniz Freire,nao_verificado,,plano,,
3203809,ES,Muqui,nao_verificado,,plano,,
3203908,ES,Nova Venécia,nao_verificado,,plano,,
3204005,ES,Pancas,nao_verificado,,plano,,
3204054,ES,Pedro Canário,nao_verificado,,plano,,
3204104,ES,Pinheiros,nao_verificado,,plano,,
3204203,ES,Piúma,nao_verificado,,plano,,
3204252,ES,Ponto Belo,nao_verificado,,plano,,
3204302,ES,Presidente Kennedy,nao_verificado,,plano,,
3204351,ES,Rio Bananal,nao_verificado,,,,
3204401,ES,Rio Novo do Sul,nao_verificado,,plano,,
3204500,ES,Santa Leopoldina,nao_verificado,,plano,,
3204559,ES,Santa Maria de Jetibá,nao_verificado,,plano,,
3204609,ES,Santa Teresa,nao_verificado,,plano,,
3205002,ES,Serra,nao_verificado,,plano,,
3205010,ES,Sooretama,nao_verificado,,plano,,
3204658,ES,São Domingos do Norte,nao_verificado,,plano,,
3204708,ES,São Gabriel da Palha,nao_verificado,,plano,,
3204807,ES,São José do Calçado,nao_verificado,,plano,,
3204906,ES,São Mateus,nao_verificado,,plano,,
3204955,ES,São Roque do Canaã,nao_verificado,,plano,,
3205036,ES,Vargem Alta,nao_verificado,,plano,,
3205069,ES,Venda Nova do Imigrante,nao_verificado,,plano,,
3205101,ES,Viana,nao_verificado,,plano,,
3205150,ES,Vila Pavão,nao_verificado,,plano,,
3205176,ES,Vila Valério,nao_verificado,,plano,,
3205200,ES,Vila Velha,nao_verificado,,plano,,
3205309,ES,Vitória,nao_verificado,,plano,,
3200169,ES,Água Doce do Norte,nao_verificado,,plano,,
3200136,ES,Águia Branca,nao_verificado,,plano,,
5200050,GO,Abadia de Goiás,nao_verificado,,,,
5200100,GO,Abadiânia,nao_verificado,,,,
5200134,GO,Acreúna,nao_verificado,,,,
5200159,GO,Adelândia,nao_verificado,,,,
5200308,GO,Alexânia,nao_verificado,,,,
5200506,GO,Aloândia,nao_verificado,,,,
5200555,GO,Alto Horizonte,nao_verificado,,,,
5200605,GO,Alto Paraíso de Goiás,nao_verificado,,,,
5200803,GO,Alvorada do Norte,nao_verificado,,,,
5200829,GO,Amaralina,nao_verificado,,,,
5200852,GO,Americano do Brasil,nao_verificado,,,,
5200902,GO,Amorinópolis,nao_verificado,,,,
5201207,GO,Anhanguera,nao_verificado,,,,
5201306,GO,Anicuns,nao_verificado,,,,
5201108,GO,Anápolis,nao_verificado,,,,
5201405,GO,Aparecida de Goiânia,nao_verificado,,,,
5201454,GO,Aparecida do Rio Doce,nao_verificado,,,,
5201504,GO,Aporé,nao_verificado,,,,
5201702,GO,Aragarças,nao_verificado,,,,
5201801,GO,Aragoiânia,nao_verificado,,,,
5202155,GO,Araguapaz,nao_verificado,,,,
5201603,GO,Araçu,nao_verificado,,,,
5202353,GO,Arenópolis,nao_verificado,,,,
5202502,GO,Aruanã,nao_verificado,,,,
5202601,GO,Aurilândia,nao_verificado,,,,
5202809,GO,Avelinópolis,nao_verificado,,,,
5203104,GO,Baliza,nao_verificado,,,,
5203203,GO,Barro Alto,nao_verificado,,,,
5203302,GO,Bela Vista de Goiás,nao_verificado,,,,
5203401,GO,Bom Jardim de Goiás,nao_verificado,,,,
5203500,GO,Bom Jesus de Goiás,nao_verificado,,,,
5203559,GO,Bonfinópolis,nao_verificado,,,,
5203575,GO,Bonópolis,nao_verificado,,,,
5203609,GO,Brazabrantes,nao_verificado,,,,
5203807,GO,Britânia,nao_verificado,,,,
5203906,GO,Buriti Alegre,nao_verificado,,,,
5203939,GO,Buriti de Goiás,nao_verificado,,,,
5203962,GO,Buritinópolis,nao_verificado,,,,
5204003,GO,Cabeceiras,nao_verificado,,,,
5204102,GO,Cachoeira Alta,nao_verificado,,,,
5204250,GO,Cachoeira Dourada,nao_verificado,,,,
5204201,GO,Cachoeira de Goiás,nao_verificado,,,,
5204409,GO,Caiapônia,nao_verificado,,,,
5204508,GO,Caldas Novas,nao_verificado,,,,
5204557,GO,Caldazinha,nao_verificado,,,,
5204607,GO,Campestre de Goiás,nao_verificado,,,,
5204656,GO,Campinaçu,nao_verificado,,,,
5204706,GO,Campinorte,nao_verificado,,,,
5204805,GO,Campo Alegre de Goiás,nao_verificado,,,,
5204854,GO,Campo Limpo de Goiás,nao_verificado,,,,
5204904,GO,Campos Belos,nao_verificado,,,,
5204953,GO,Campos Verdes,nao_verificado,,,,
5205000,GO,Carmo do Rio Verde,nao_verificado,,,,
5205059,GO,Castelândia,nao_verificado,,,,
5205109,GO,Catalão,nao_verificado,,,,
5205208,GO,Caturaí,nao_verificado,,,,
5205307,GO,Cavalcante,nao_verificado,,,,
5204300,GO,Caçu,nao_verificado,,,,
5205406,GO,Ceres,nao_verificado,,,,
5205455,GO,Cezarina,nao_verificado,,,,
5205471,GO,Chapadão do Céu,nao_verificado,,,,
5205497,GO,Cidade Ocidental,nao_verificado,,,,
5205513,GO,Cocalzinho de Goiás,nao_verificado,,,,
5205521,GO,Colinas do Sul,nao_verificado,,,,
5205901,GO,Corumbaíba,nao_verificado,,,,
5205802,GO,Corumbá de Goiás,nao_verificado,,,,
5206206,GO,Cristalina,nao_verificado,,,,
5206305,GO,Cristianópolis,nao_verificado,,,,
5206404,GO,Crixás,nao_verificado,,,,
5206503,GO,Cromínia,nao_verificado,,,,
5206602,GO,Cumari,nao_verificado,,,,
5205703,GO,Córrego do Ouro,nao_verificado,,,,
5206701,GO,Damianópolis,nao_verificado,,,,
5206800,GO,Damolândia,nao_verificado,,,,
5206909,GO,Davinópolis,nao_verificado,,,,
5207105,GO,Diorama,nao_verificado,,,,
5208301,GO,Divinópolis de Goiás,nao_verificado,,,,
5207253,GO,Doverlândia,nao_verificado,,,,
5207352,GO,Edealina,nao_verificado,,,,
5207402,GO,Edéia,nao_verificado,,,,
5207501,GO,Estrela do Norte,nao_verificado,,,,
5207535,GO,Faina,nao_verificado,,,,
5207600,GO,Fazenda Nova,nao_verificado,,,,
5207808,GO,Firminópolis,nao_verificado,,,,
5207907,GO,Flores de Goiás,nao_verificado,,,,
5208004,GO,Formosa,nao_verificado,,,,
5208103,GO,Formoso,nao_verificado,,,,
5208152,GO,Gameleira de Goiás,nao_verificado,,,,
5208509,GO,Goiandira,nao_verificado,,,,
5208806,GO,Goianira,nao_verificado,,,,
5208400,GO,Goianápolis,nao_verificado,,,,
5208608,GO,Goianésia,nao_verificado,,,,
5209101,GO,Goiatuba,nao_verificado,,,,
5208905,GO,Goiás,nao_verificado,,,,
5208707,GO,Goiânia,nao_verificado,,coberto_estadual,,
5209150,GO,Gouvelândia,nao_verificado,,,,
5209200,GO,Guapó,nao_verificado,,,,
5209408,GO,Guarani de Goiás,nao_verificado,,,,
5209291,GO,Guaraíta,nao_verificado,,,,
5209457,GO,Guarinos,nao_verificado,,,,
5209606,GO,Heitoraí,nao_verificado,,,,
5209804,GO,Hidrolina,nao_verificado,,,,
5209705,GO,Hidrolândia,nao_verificado,,,,
5209903,GO,Iaciara,nao_verificado,,,,
5209937,GO,Inaciolândia,nao_verificado,,,,
5209952,GO,Indiara,nao_verificado,,,,
5210000,GO,Inhumas,nao_verificado,,,,
5210109,GO,Ipameri,nao_verificado,,,,
5210158,GO,Ipiranga de Goiás,nao_verificado,,,,
5210208,GO,Iporá,nao_verificado,,,,
5210307,GO,Israelândia,nao_verificado,,,,
5210406,GO,Itaberaí,nao_verificado,,,,
5210562,GO,Itaguari,nao_verificado,,,,
5210604,GO,Itaguaru,nao_verificado,,,,
5210802,GO,Itajá,nao_verificado,,,,
5210901,GO,Itapaci,nao_verificado,,,,
5211008,GO,Itapirapuã,nao_verificado,,,,
5211206,GO,Itapuranga,nao_verificado,,,,
5211305,GO,Itarumã,nao_verificado,,,,
5211404,GO,Itauçu,nao_verificado,,,,
5211503,GO,Itumbiara,nao_verificado,,,,
5211602,GO,Ivolândia,nao_verificado,,,,
5211701,GO,Jandaia,nao_verificado,,,,
5211800,GO,Jaraguá,nao_verificado,,,,
5211909,GO,Jataí,nao_verificado,,,,
5212006,GO,Jaupaci,nao_verificado,,,,
5212055,GO,Jesúpolis,nao_verificado,,,,
5212105,GO,Joviânia,nao_verificado,,,,
5212204,GO,Jussara,nao_verificado,,,,
5212253,GO,Lagoa Santa,nao_verificado,,,,
5212303,GO,Leopoldo de Bulhões,nao_verificado,,,,
5212501,GO,Luziânia,nao_verificado,,,,
5212600,GO,Mairipotaba,nao_verificado,,,,
5212709,GO,Mambaí,nao_verificado,,,,
5212808,GO,Mara Rosa,nao_verificado,,,,
5212907,GO,Marzagão,nao_verificado,,,,
5212956,GO,Matrinchã,nao_verificado,,,,
5213004,GO,Maurilândia,nao_verificado,,,,
5213053,GO,Mimoso de Goiás,nao_verificado,,,,
5213087,GO,Minaçu,nao_verificado,,,,
5213103,GO,Mineiros,nao_verificado,,,,
5213400,GO,Moiporá,nao_verificado,,,,
5213509,GO,Monte Alegre de Goiás,nao_verificado,,,,
5213707,GO,Montes Claros de Goiás,nao_verificado,,,,
5213756,GO,Montividiu,nao_verificado,,,,
5213772,GO,Montividiu do Norte,nao_verificado,,,,
5213806,GO,Morrinhos,nao_verificado,,,,
5213855,GO,Morro Agudo de Goiás,nao_verificado,,,,
5213905,GO,Mossâmedes,nao_verificado,,,,
5214002,GO,Mozarlândia,nao_verificado,,,,
5214051,GO,Mundo Novo,nao_verificado,,,,
5214101,GO,Mutunópolis,nao_verificado,,,,
5214408,GO,Nazário,nao_verificado,,,,
5214507,GO,Nerópolis,nao_verificado,,,,
5214606,GO,Niquelândia,nao_verificado,,,,
5214705,GO,Nova América,nao_verificado,,,,
5214804,GO,Nova Aurora,nao_verificado,,,,
5214838,GO,Nova Crixás,nao_verificado,,,,
5214861,GO,Nova Glória,nao_verificado,,,,
5214879,GO,Nova Iguaçu de Goiás,nao_verificado,,,,
5214903,GO,Nova Roma,nao_verificado,,,,
5215009,GO,Nova Veneza,nao_verificado,,,,
5215207,GO,Novo Brasil,nao_verificado,,,,
5215231,GO,Novo Gama,nao_verificado,,,,
5215256,GO,Novo Planalto,nao_verificado,,,,
5215306,GO,Orizona,nao_verificado,,,,
5215405,GO,Ouro Verde de Goiás,nao_verificado,,,,
5215504,GO,Ouvidor,nao_verificado,,,,
5215603,GO,Padre Bernardo,nao_verificado,,,,
5215652,GO,Palestina de Goiás,nao_verificado,,,,
5215702,GO,Palmeiras de Goiás,nao_verificado,,,,
5215801,GO,Palmelo,nao_verificado,,,,
5215900,GO,Palminópolis,nao_verificado,,,,
5216007,GO,Panamá,nao_verificado,,,,
5216304,GO,Paranaiguara,nao_verificado,,,,
5216403,GO,Paraúna,nao_verificado,,,,
5216452,GO,Perolândia,nao_verificado,,,,
5216809,GO,Petrolina de Goiás,nao_verificado,,,,
5216908,GO,Pilar de Goiás,nao_verificado,,,,
5217104,GO,Piracanjuba,nao_verificado,,,,
5217203,GO,Piranhas,nao_verificado,,,,
5217302,GO,Pirenópolis,nao_verificado,,,,
5217401,GO,Pires do Rio,nao_verificado,,,,
5217609,GO,Planaltina,nao_verificado,,,,
5217708,GO,Pontalina,nao_verificado,,,,
5218003,GO,Porangatu,nao_verificado,,,,
5218052,GO,Porteirão,nao_verificado,,,,
5218102,GO,Portelândia,nao_verificado,,,,
5218300,GO,Posse,nao_verificado,,,,
5218391,GO,Professor Jamil,nao_verificado,,,,
5218508,GO,Quirinópolis,nao_verificado,,,,
5218607,GO,Rialma,nao_verificado,,,,
5218706,GO,Rianápolis,nao_verificado,,,,
5218789,GO,Rio Quente,nao_verificado,,,,
5218805,GO,Rio Verde,nao_verificado,,,,
5218904,GO,Rubiataba,nao_verificado,,,,
5219001,GO,Sanclerlândia,nao_verificado,,,,
5219100,GO,Santa Bárbara de Goiás,nao_verificado,,,,
5219209,GO,Santa Cruz de Goiás,nao_verificado,,,,
5219258,GO,Santa Fé de Goiás,nao_verificado,,,,
5219308,GO,Santa Helena de Goiás,nao_verificado,,,,
5219357,GO,Santa Isabel,nao_verificado,,,,
5219407,GO,Santa Rita do Araguaia,nao_verificado,,,,
5219456,GO,Santa Rita do Novo Destino,nao_verificado,,,,
5219506,GO,Santa Rosa de Goiás,nao_verificado,,,,
5219605,GO,Santa Tereza de Goiás,nao_verificado,,,,
5219704,GO,Santa Terezinha de Goiás,nao_verificado,,,,
5219712,GO,Santo Antônio da Barra,nao_verificado,,,,
5219738,GO,Santo Antônio de Goiás,nao_verificado,,,,
5219753,GO,Santo Antônio do Descoberto,nao_verificado,,,,
5220454,GO,Senador Canedo,nao_verificado,,,,
5220504,GO,Serranópolis,nao_verificado,,,,
5220603,GO,Silvânia,nao_verificado,,,,
5220686,GO,Simolândia,nao_verificado,,,,
5219803,GO,São Domingos,nao_verificado,,,,
5219902,GO,São Francisco de Goiás,nao_verificado,,,,
5220009,GO,São João d'Aliança,nao_verificado,,,,
5220058,GO,São João da Paraúna,nao_verificado,,,,
5220157,GO,São Luiz do Norte,nao_verificado,,,,
5220108,GO,São Luís de Montes Belos,nao_verificado,,,,
5220207,GO,São Miguel do Araguaia,nao_verificado,,,,
5220264,GO,São Miguel do Passa Quatro,nao_verificado,,,,
5220280,GO,São Patrício,nao_verificado,,,,
5220405,GO,São Simão,nao_verificado,,,,
5220702,GO,Sítio d'Abadia,nao_verificado,,,,
5221007,GO,Taquaral de Goiás,nao_verificado,,,,
5221080,GO,Teresina de Goiás,nao_verificado,,,,
5221197,GO,Terezópolis de Goiás,nao_verificado,,,,
5221403,GO,Trindade,nao_verificado,,,,
5221452,GO,Trombas,nao_verificado,,,,
5221304,GO,Três Ranchos,nao_verificado,,,,
5221551,GO,Turvelândia,nao_verificado,,,,
5221502,GO,Turvânia,nao_verificado,,,,
5221577,GO,Uirapuru,nao_verificado,,,,
5221700,GO,Uruana,nao_verificado,,,,
5221601,GO,Uruaçu,nao_verificado,,,,
5221809,GO,Urutaí,nao_verificado,,,,
5221858,GO,Valparaíso de Goiás,nao_verificado,,,,
5221908,GO,Varjão,nao_verificado,,,,
5222005,GO,Vianópolis,nao_verificado,,,,
5222054,GO,Vicentinópolis,nao_verificado,,,,
5222203,GO,Vila Boa,nao_verificado,,,,
5222302,GO,Vila Propício,nao_verificado,,,,
5200175,GO,Água Fria de Goiás,nao_verificado,,,,
5200209,GO,Água Limpa,nao_verificado,,,,
5200258,GO,Águas Lindas de Goiás,nao_verificado,,,,
2100105,MA,Afonso Cunha,nao_verificado,,,,
2100204,MA,Alcântara,nao_verificado,,,,
2100303,MA,Aldeias Altas,nao_verificado,,,,
2100402,MA,Altamira do Maranhão,nao_verificado,,,,
2100436,MA,Alto Alegre do Maranhão,nao_verificado,,,,
2100477,MA,Alto Alegre do Pindaré,nao_verificado,,,,
2100501,MA,Alto Parnaíba,nao_verificado,,,,
2100550,MA,Amapá do Maranhão,nao_verificado,,,,
2100600,MA,Amarante do Maranhão,nao_verificado,,,,
2100709,MA,Anajatuba,nao_verificado,,,,
2100808,MA,Anapurus,nao_verificado,,,,
2100832,MA,Apicum-Açu,nao_verificado,,decreto,,
2100873,MA,Araguanã,nao_verificado,,,,
2100907,MA,Araioses,nao_verificado,,,,
2100956,MA,Arame,nao_verificado,,,,
2101004,MA,Arari,nao_verificado,,,,
2101103,MA,Axixá,nao_verificado,,,,
2100055,MA,Açailândia,nao_verificado,,,,
2101202,MA,Bacabal,nao_verificado,,,,
2101251,MA,Bacabeira,nao_verificado,,,,
2101301,MA,Bacuri,nao_verificado,,,,
2101350,MA,Bacurituba,nao_verificado,,,,
2101400,MA,Balsas,nao_verificado,,coberto_estadual,,
2101608,MA,Barra do Corda,nao_verificado,,,,
2101707,MA,Barreirinhas,nao_verificado,,,,
2101509,MA,Barão de Grajaú,nao_verificado,,,,
2101772,MA,Bela Vista do Maranhão,nao_verificado,,,,
2101731,MA,Belágua,nao_verificado,,,,
2101806,MA,Benedito Leite,nao_verificado,,,,
2101905,MA,Bequimão,nao_verificado,,decreto,,
2101939,MA,Bernardo do Mearim,nao_verificado,,,,
2101970,MA,Boa Vista do Gurupi,nao_verificado,,,,
2102002,MA,Bom Jardim,nao_verificado,,,,
2102036,MA,Bom Jesus das Selvas,nao_verificado,,,,
2102077,MA,Bom Lugar,nao_verificado,,,,
2102101,MA,Brejo,nao_verificado,,,,
2102150,MA,Brejo de Areia,nao_verificado,,,,
2102200,MA,Buriti,nao_verificado,,,,
2102309,MA,Buriti Bravo,nao_verificado,,,,
2102325,MA,Buriticupu,nao_verificado,,,,
2102358,MA,Buritirana,nao_verificado,,,,
2102374,MA,Cachoeira Grande,nao_verificado,,,,
2102408,MA,Cajapió,nao_verificado,,,,
2102507,MA,Cajari,nao_verificado,,,,
2102556,MA,Campestre do Maranhão,nao_verificado,,,,
2102705,MA,Cantanhede,nao_verificado,,,,
2102754,MA,Capinzal do Norte,nao_verificado,,,,
2102804,MA,Carolina,nao_verificado,,,,
2102903,MA,Carutapera,nao_verificado,,,,
2103000,MA,Caxias,nao_verificado,,,,
2103109,MA,Cedral,nao_verificado,,,,
2103125,MA,Central do Maranhão,nao_verificado,,,,
2103174,MA,Centro Novo do Maranhão,nao_verificado,,,,
2103158,MA,Centro do Guilherme,nao_verificado,,,,
2103208,MA,Chapadinha,nao_verificado,,,,
2103257,MA,Cidelândia,nao_verificado,,,,
2103307,MA,Codó,nao_verificado,,,,
2103406,MA,Coelho Neto,nao_verificado,,,,
2103505,MA,Colinas,nao_verificado,,,,
2103554,MA,Conceição do Lago-Açu,nao_verificado,,,,
2103604,MA,Coroatá,nao_verificado,,,,
2103703,MA,Cururupu,nao_verificado,,,,
2102606,MA,Cândido Mendes,nao_verificado,,,,
2103752,MA,Davinópolis,nao_verificado,,,,
2103802,MA,Dom Pedro,nao_verificado,,,,
2103901,MA,Duque Bacelar,nao_verificado,,,,
2104008,MA,Esperantinópolis,nao_verificado,,,,
2104057,MA,Estreito,nao_verificado,,,,
2104073,MA,Feira Nova do Maranhão,nao_verificado,,,,
2104081,MA,Fernando Falcão,nao_verificado,,,,
2104099,MA,Formosa da Serra Negra,nao_verificado,,,,
2104107,MA,Fortaleza dos Nogueiras,nao_verificado,,,,
2104206,MA,Fortuna,nao_verificado,,,,
2104305,MA,Godofredo Viana,nao_verificado,,,,
2104404,MA,Gonçalves Dias,nao_verificado,,,,
2104503,MA,Governador Archer,nao_verificado,,,,
2104552,MA,Governador Edison Lobão,nao_verificado,,,,
2104602,MA,Governador Eugênio Barros,nao_verificado,,,,
2104628,MA,Governador Luiz Rocha,nao_verificado,,,,
2104651,MA,Governador Newton Bello,nao_verificado,,,,
2104677,MA,Governador Nunes Freire,nao_verificado,,,,
2104800,MA,Grajaú,nao_verificado,,,,
2104701,MA,Graça Aranha,nao_verificado,,,,
2104909,MA,Guimarães,nao_verificado,,,,
2105005,MA,Humberto de Campos,nao_verificado,,,,
2105104,MA,Icatu,nao_verificado,,,,
2105203,MA,Igarapé Grande,nao_verificado,,,,
2105153,MA,Igarapé do Meio,nao_verificado,,,,
2105302,MA,Imperatriz,nao_verificado,,,,
2105351,MA,Itaipava do Grajaú,nao_verificado,,,,
2105401,MA,Itapecuru Mirim,nao_verificado,,,,
2105427,MA,Itinga do Maranhão,nao_verificado,,,,
2105450,MA,Jatobá,nao_verificado,,,,
2105476,MA,Jenipapo dos Vieiras,nao_verificado,,,,
2105609,MA,Joselândia,nao_verificado,,,,
2105500,MA,João Lisboa,nao_verificado,,,,
2105658,MA,Junco do Maranhão,nao_verificado,,,,
2105906,MA,Lago Verde,nao_verificado,,,,
2105708,MA,Lago da Pedra,nao_verificado,,,,
2105807,MA,Lago do Junco,nao_verificado,,,,
2105948,MA,Lago dos Rodrigues,nao_verificado,,,,
2105963,MA,Lagoa Grande do Maranhão,nao_verificado,,,,
2105922,MA,Lagoa do Mato,nao_verificado,,,,
2105989,MA,Lajeado Novo,nao_verificado,,,,
2106003,MA,Lima Campos,nao_verificado,,,,
2106102,MA,Loreto,nao_verificado,,,,
2106201,MA,Luís Domingues,nao_verificado,,,,
2106300,MA,Magalhães de Almeida,nao_verificado,,,,
2106326,MA,Maracaçumé,nao_verificado,,,,
2106359,MA,Marajá do Sena,nao_verificado,,,,
2106375,MA,Maranhãozinho,nao_verificado,,,,
2106409,MA,Mata Roma,nao_verificado,,,,
2106508,MA,Matinha,nao_verificado,,,,
2106607,MA,Matões,nao_verificado,,,,
2106631,MA,Matões do Norte,nao_verificado,,,,
2106672,MA,Milagres do Maranhão,nao_verificado,,,,
2106706,MA,Mirador,nao_verificado,,,,
2106755,MA,Miranda do Norte,nao_verificado,,,,
2106805,MA,Mirinzal,nao_verificado,,,,
2107001,MA,Montes Altos,nao_verificado,,,,
2106904,MA,Monção,nao_verificado,,,,
2107100,MA,Morros,nao_verificado,,,,
2107209,MA,Nina Rodrigues,nao_verificado,,,,
2107258,MA,Nova Colinas,nao_verificado,,,,
2107308,MA,Nova Iorque,nao_verificado,,,,
2107357,MA,Nova Olinda do Maranhão,nao_verificado,,,,
2107407,MA,Olho d'Água das Cunhãs,nao_verificado,,,,
2107456,MA,Olinda Nova do Maranhão,nao_verificado,,,,
2107605,MA,Palmeirândia,nao_verificado,,,,
2107704,MA,Paraibano,nao_verificado,,,,
2107803,MA,Parnarama,nao_verificado,,,,
2107902,MA,Passagem Franca,nao_verificado,,,,
2108009,MA,Pastos Bons,nao_verificado,,,,
2108058,MA,Paulino Neves,nao_verificado,,,,
2108108,MA,Paulo Ramos,nao_verificado,,,,
2107506,MA,Paço do Lumiar,nao_verificado,,,,
2108207,MA,Pedreiras,nao_verificado,,,,
2108256,MA,Pedro do Rosário,nao_verificado,,,,
2108306,MA,Penalva,nao_verificado,,,,
2108405,MA,Peri Mirim,nao_verificado,,,,
2108454,MA,Peritoró,nao_verificado,,,,
2108504,MA,Pindaré-Mirim,nao_verificado,,,,
2108603,MA,Pinheiro,nao_verificado,,,,
2108702,MA,Pio XII,nao_verificado,,,,
2108801,MA,Pirapemas,nao_verificado,,,,
2109007,MA,Porto Franco,nao_verificado,,,,
2109056,MA,Porto Rico do Maranhão,nao_verificado,,,,
2108900,MA,Poção de Pedras,nao_verificado,,,,
2109106,MA,Presidente Dutra,nao_verificado,,,,
2109205,MA,Presidente Juscelino,nao_verificado,,,,
2109239,MA,Presidente Médici,nao_verificado,,,,
2109270,MA,Presidente Sarney,nao_verificado,,,,
2109304,MA,Presidente Vargas,nao_verificado,,,,
2109403,MA,Primeira Cruz,nao_verificado,,,,
2109452,MA,Raposa,nao_verificado,,,,
2109502,MA,Riachão,nao_verificado,,coberto_estadual,,
2109551,MA,Ribamar Fiquene,nao_verificado,,,,
2109601,MA,Rosário,nao_verificado,,,,
2109700,MA,Sambaíba,nao_verificado,,,,
2109759,MA,Santa Filomena do Maranhão,nao_verificado,,,,
2109809,MA,Santa Helena,nao_verificado,,,,
2109908,MA,Santa Inês,nao_verificado,,,,
2110005,MA,Santa Luzia,nao_verificado,,,,
2110039,MA,Santa Luzia do Paruá,nao_verificado,,,,
2110104,MA,Santa Quitéria do Maranhão,nao_verificado,,,,
2110203,MA,Santa Rita,nao_verificado,,,,
2110237,MA,Santana do Maranhão,nao_verificado,,,,
2110278,MA,Santo Amaro do Maranhão,nao_verificado,,,,
2110302,MA,Santo Antônio dos Lopes,nao_verificado,,,,
2111722,MA,Satubinha,nao_verificado,,,,
2111748,MA,Senador Alexandre Costa,nao_verificado,,,,
2111763,MA,Senador La Rocque,nao_verificado,,,,
2111789,MA,Serrano do Maranhão,nao_verificado,,,,
2111904,MA,Sucupira do Norte,nao_verificado,,,,
2111953,MA,Sucupira do Riachão,nao_verificado,,,,
2110401,MA,São Benedito do Rio Preto,nao_verificado,,,,
2110500,MA,São Bento,nao_verificado,,,,
2110609,MA,São Bernardo,nao_verificado,,,,
2110658,MA,São Domingos do Azeitão,nao_verificado,,,,
2110708,MA,São Domingos do Maranhão,nao_verificado,,,,
2110856,MA,São Francisco do Brejão,nao_verificado,,,,
2110906,MA,São Francisco do Maranhão,nao_verificado,,,,
2110807,MA,São Félix de Balsas,nao_verificado,,,,
2111201,MA,São José de Ribamar,nao_verificado,,,,
2111250,MA,São José dos Basílios,nao_verificado,,,,
2111003,MA,São João Batista,nao_verificado,,,,
2111029,MA,São João do Carú,nao_verificado,,,,
2111052,MA,São João do Paraíso,nao_verificado,,,,
2111078,MA,São João do Soter,nao_verificado,,,,
2111102,MA,São João dos Patos,nao_verificado,,,,
2111300,MA,São Luís,nao_verificado,,plano,,
2111409,MA,São Luís Gonzaga do Maranhão,nao_verificado,,,,
2111508,MA,São Mateus do Maranhão,nao_verificado,,,,
2111532,MA,São Pedro da Água Branca,nao_verificado,,,,
2111573,MA,São Pedro dos Crentes,nao_verificado,,,,
2111607,MA,São Raimundo das Mangabeiras,nao_verificado,,coberto_estadual,,
2111631,MA,São Raimundo do Doca Bezerra,nao_verificado,,,,
2111672,MA,São Roberto,nao_verificado,,,,
2111706,MA,São Vicente Ferrer,nao_verificado,,,,
2111805,MA,Sítio Novo,nao_verificado,,,,
2112001,MA,Tasso Fragoso,nao_verificado,,coberto_estadual,,
2112100,MA,Timbiras,nao_verificado,,,,
2112209,MA,Timon,nao_verificado,,,,
2112233,MA,Trizidela do Vale,nao_verificado,,,,
2112274,MA,Tufilândia,nao_verificado,,,,
2112308,MA,Tuntum,nao_verificado,,,,
2112407,MA,Turiaçu,nao_verificado,,,,
2112456,MA,Turilândia,nao_verificado,,,,
2112506,MA,Tutóia,nao_verificado,,,,
2112605,MA,Urbano Santos,nao_verificado,,,,
2112704,MA,Vargem Grande,nao_verificado,,,,
2112803,MA,Viana,nao_verificado,,,,
2112852,MA,Vila Nova dos Martírios,nao_verificado,,,,
2113009,MA,Vitorino Freire,nao_verificado,,,,
2112902,MA,Vitória do Mearim,nao_verificado,,,,
2114007,MA,Zé Doca,nao_verificado,,,,
2100154,MA,Água Doce do Maranhão,nao_verificado,,,,
3100104,MG,Abadia dos Dourados,nao_verificado,,,,
3100203,MG,Abaeté,nao_verificado,,,,
3100302,MG,Abre Campo,nao_verificado,,,,
3100401,MG,Acaiaca,nao_verificado,,,,
3100807,MG,Aguanil,nao_verificado,,,,
3101102,MG,Aimorés,nao_verificado,,,,
3101201,MG,Aiuruoca,nao_verificado,,,,
3101300,MG,Alagoa,nao_verificado,,,,
3101409,MG,Albertina,nao_verificado,,,,
3101607,MG,Alfenas,nao_verificado,,,,
3101631,MG,Alfredo Vasconcelos,nao_verificado,,,,
3101706,MG,Almenara,nao_verificado,,,,
3101805,MG,Alpercata,nao_verificado,,,,
3101904,MG,Alpinópolis,nao_verificado,,,,
3102001,MG,Alterosa,nao_verificado,,,,
3102050,MG,Alto Caparaó,nao_verificado,,,,
3153509,MG,Alto Jequitibá,nao_verificado,,,,
3102100,MG,Alto Rio Doce,nao_verificado,,,,
3102209,MG,Alvarenga,nao_verificado,,,,
3102308,MG,Alvinópolis,nao_verificado,,,,
3102407,MG,Alvorada de Minas,nao_verificado,,,,
3101508,MG,Além Paraíba,nao_verificado,,,,
3102506,MG,Amparo do Serra,nao_verificado,,,,
3102605,MG,Andradas,nao_verificado,,,,
3102803,MG,Andrelândia,nao_verificado,,,,
3102852,MG,Angelândia,nao_verificado,,,,
3102902,MG,Antônio Carlos,nao_verificado,,,,
3103009,MG,Antônio Dias,nao_verificado,,,,
3103108,MG,Antônio Prado de Minas,nao_verificado,,,,
3103306,MG,Aracitaba,nao_verificado,,,,
3103504,MG,Araguari,nao_verificado,,,,
3103603,MG,Arantina,nao_verificado,,,,
3103702,MG,Araponga,nao_verificado,,,,
3103751,MG,Araporã,nao_verificado,,,,
3103801,MG,Arapuá,nao_verificado,,,,
3104007,MG,Araxá,nao_verificado,,,,
3103207,MG,Araçaí,nao_verificado,,,,
3103405,MG,Araçuaí,nao_verificado,,,,
3103900,MG,Araújos,nao_verificado,,,,
3104106,MG,Arceburgo,nao_verificado,,,,
3104205,MG,Arcos,nao_verificado,,,,
3104304,MG,Areado,nao_verificado,,,,
3104403,MG,Argirita,nao_verificado,,,,
3104452,MG,Aricanduva,nao_verificado,,,,
3104502,MG,Arinos,nao_verificado,,,,
3104601,MG,Astolfo Dutra,nao_verificado,,,,
3104700,MG,Ataléia,nao_verificado,,,,
3104809,MG,Augusto de Lima,nao_verificado,,,,
3100500,MG,Açucena,nao_verificado,,,,
3104908,MG,Baependi,nao_verificado,,,,
3105004,MG,Baldim,nao_verificado,,,,
3105103,MG,Bambuí,nao_verificado,,,,
3105202,MG,Bandeira,nao_verificado,,,,
3105301,MG,Bandeira do Sul,nao_verificado,,,,
3105608,MG,Barbacena,nao_verificado,,,,
3105707,MG,Barra Longa,nao_verificado,,,,
3105905,MG,Barroso,nao_verificado,,,,
3105400,MG,Barão de Cocais,nao_verificado,,,,
3105509,MG,Barão de Monte Alto,nao_verificado,,,,
3106002,MG,Bela Vista de Minas,nao_verificado,,,,
3106101,MG,Belmiro Braga,nao_verificado,,,,
3106200,MG,Belo Horizonte,nao_verificado,,plano_elaboracao,,
3106309,MG,Belo Oriente,nao_verificado,,,,
3106408,MG,Belo Vale,nao_verificado,,,,
3106507,MG,Berilo,nao_verificado,,,,
3106655,MG,Berizal,nao_verificado,,,,
3106606,MG,Bertópolis,nao_verificado,,,,
3106705,MG,Betim,nao_verificado,,,,
3106804,MG,Bias Fortes,nao_verificado,,,,
3106903,MG,Bicas,nao_verificado,,,,
3107000,MG,Biquinhas,nao_verificado,,,,
3107109,MG,Boa Esperança,nao_verificado,,,,
3107208,MG,Bocaina de Minas,nao_verificado,,,,
3107307,MG,Bocaiúva,nao_verificado,,,,
3107406,MG,Bom Despacho,nao_verificado,,,,
3107505,MG,Bom Jardim de Minas,nao_verificado,,,,
3107604,MG,Bom Jesus da Penha,nao_verificado,,,,
3107703,MG,Bom Jesus do Amparo,nao_verificado,,,,
3107802,MG,Bom Jesus do Galho,nao_verificado,,,,
3107901,MG,Bom Repouso,nao_verificado,,,,
3108008,MG,Bom Sucesso,nao_verificado,,,,
3108107,MG,Bonfim,nao_verificado,,,,
3108206,MG,Bonfinópolis de Minas,nao_verificado,,,,
3108255,MG,Bonito de Minas,nao_verificado,,,,
3108305,MG,Borda da Mata,nao_verificado,,,,
3108404,MG,Botelhos,nao_verificado,,,,
3108503,MG,Botumirim,nao_verificado,,,,
3108552,MG,Brasilândia de Minas,nao_verificado,,,,
3108602,MG,Brasília de Minas,nao_verificado,,,,
3108909,MG,Brazópolis,nao_verificado,,,,
3108800,MG,Braúnas,nao_verificado,,,,
3109006,MG,Brumadinho,nao_verificado,,,,
3108701,MG,Brás Pires,nao_verificado,,,,
3109105,MG,Bueno Brandão,nao_verificado,,,,
3109204,MG,Buenópolis,nao_verificado,,,,
3109253,MG,Bugre,nao_verificado,,,,
3109303,MG,Buritis,nao_verificado,,,,
3109402,MG,Buritizeiro,nao_verificado,,,,
3109451,MG,Cabeceira Grande,nao_verificado,,,,
3109501,MG,Cabo Verde,nao_verificado,,,,
3109808,MG,Cachoeira Dourada,nao_verificado,,,,
3109600,MG,Cachoeira da Prata,nao_verificado,,,,
3109709,MG,Cachoeira de Minas,nao_verificado,,,,
3102704,MG,Cachoeira de Pajeú,nao_verificado,,,,
3109907,MG,Caetanópolis,nao_verificado,,,,
3110004,MG,Caeté,nao_verificado,,,,
3110103,MG,Caiana,nao_verificado,,,,
3110202,MG,Cajuri,nao_verificado,,,,
3110301,MG,Caldas,nao_verificado,,,,
3110400,MG,Camacho,nao_verificado,,,,
3110509,MG,Camanducaia,nao_verificado,,,,
3110707,MG,Cambuquira,nao_verificado,,,,
3110608,MG,Cambuí,nao_verificado,,,,
3110905,MG,Campanha,nao_verificado,,,,
3110806,MG,Campanário,nao_verificado,,,,
3111002,MG,Campestre,nao_verificado,,,,
3111101,MG,Campina Verde,nao_verificado,,,,
3111150,MG,Campo Azul,nao_verificado,,,,
3111200,MG,Campo Belo,nao_verificado,,,,
3111408,MG,Campo Florido,nao_verificado,,,,
3111309,MG,Campo do Meio,nao_verificado,,,,
3111507,MG,Campos Altos,nao_verificado,,,,
3111606,MG,Campos Gerais,nao_verificado,,,,
3111903,MG,Cana Verde,nao_verificado,,,,
3111705,MG,Canaã,nao_verificado,,,,
3112000,MG,Candeias,nao_verificado,,,,
3112059,MG,Cantagalo,nao_verificado,,,,
3111804,MG,Canápolis,nao_verificado,,,,
3112109,MG,Caparaó,nao_verificado,,,,
3112208,MG,Capela Nova,nao_verificado,,,,
3112307,MG,Capelinha,nao_verificado,,,,
3112406,MG,Capetinga,nao_verificado,,,,
3112505,MG,Capim Branco,nao_verificado,,,,
3112604,MG,Capinópolis,nao_verificado,,,,
3112653,MG,Capitão Andrade,nao_verificado,,,,
3112703,MG,Capitão Enéas,nao_verificado,,,,
3112802,MG,Capitólio,nao_verificado,,,,
3112901,MG,Caputira,nao_verificado,,,,
3113107,MG,Caranaíba,nao_verificado,,,,
3113206,MG,Carandaí,nao_verificado,,,,
3113305,MG,Carangola,nao_verificado,,,,
3113404,MG,Caratinga,nao_verificado,,,,
3113008,MG,Caraí,nao_verificado,,,,
3113503,MG,Carbonita,nao_verificado,,,,
3113602,MG,Careaçu,nao_verificado,,,,
3113701,MG,Carlos Chagas,nao_verificado,,,,
3113909,MG,Carmo da Cachoeira,nao_verificado,,,,
3114006,MG,Carmo da Mata,nao_verificado,,,,
3114105,MG,Carmo de Minas,nao_verificado,,,,
3114204,MG,Carmo do Cajuru,nao_verificado,,,,
3114303,MG,Carmo do Paranaíba,nao_verificado,,,,
3114402,MG,Carmo do Rio Claro,nao_verificado,,,,
3113800,MG,Carmésia,nao_verificado,,,,
3114501,MG,Carmópolis de Minas,nao_verificado,,,,
3114550,MG,Carneirinho,nao_verificado,,,,
3114600,MG,Carrancas,nao_verificado,,,,
3114808,MG,Carvalhos,nao_verificado,,,,
3114709,MG,Carvalhópolis,nao_verificado,,,,
3114907,MG,Casa Grande,nao_verificado,,,,
3115003,MG,Cascalho Rico,nao_verificado,,,,
3115300,MG,Cataguases,nao_verificado,,,,
3115359,MG,Catas Altas,nao_verificado,,,,
3115409,MG,Catas Altas da Noruega,nao_verificado,,,,
3115458,MG,Catuji,nao_verificado,,,,
3115474,MG,Catuti,nao_verificado,,,,
3115508,MG,Caxambu,nao_verificado,,,,
3115607,MG,Cedro do Abaeté,nao_verificado,,,,
3115706,MG,Central de Minas,nao_verificado,,,,
3115805,MG,Centralina,nao_verificado,,,,
3116001,MG,Chalé,nao_verificado,,,,
3116159,MG,Chapada Gaúcha,nao_verificado,,,,
3116100,MG,Chapada do Norte,nao_verificado,,,,
3116209,MG,Chiador,nao_verificado,,,,
3115904,MG,Chácara,nao_verificado,,,,
3116308,MG,Cipotânea,nao_verificado,,,,
3116407,MG,Claraval,nao_verificado,,,,
3116506,MG,Claro dos Poções,nao_verificado,,,,
3116605,MG,Cláudio,nao_verificado,,,,
3116704,MG,Coimbra,nao_verificado,,,,
3116803,MG,Coluna,nao_verificado,,,,
3116902,MG,Comendador Gomes,nao_verificado,,,,
3117009,MG,Comercinho,nao_verificado,,,,
3117108,MG,Conceição da Aparecida,nao_verificado,,,,
3115201,MG,Conceição da Barra de Minas,nao_verificado,,,,
3117306,MG,Conceição das Alagoas,nao_verificado,,,,
3117207,MG,Conceição das Pedras,nao_verificado,,,,
3117405,MG,Conceição de Ipanema,nao_verificado,,,,
3117504,MG,Conceição do Mato Dentro,nao_verificado,,,,
3117603,MG,Conceição do Pará,nao_verificado,,,,
3117702,MG,Conceição do Rio Verde,nao_verificado,,,,
3117801,MG,Conceição dos Ouros,nao_verificado,,,,
3117876,MG,Confins,nao_verificado,,,,
3117900,MG,Congonhal,nao_verificado,,,,
3118007,MG,Congonhas,nao_verificado,,,,
3118106,MG,Congonhas do Norte,nao_verificado,,,,
3118205,MG,Conquista,nao_verificado,,,,
3118304,MG,Conselheiro Lafaiete,nao_verificado,,,,
3118403,MG,Conselheiro Pena,nao_verificado,,,,
3118502,MG,Consolação,nao_verificado,,,,
3118601,MG,Contagem,nao_verificado,,,,
3118700,MG,Coqueiral,nao_verificado,,,,
3118809,MG,Coração de Jesus,nao_verificado,,,,
3118908,MG,Cordisburgo,nao_verificado,,,,
3119005,MG,Cordislândia,nao_verificado,,,,
3119104,MG,Corinto,nao_verificado,,,,
3119203,MG,Coroaci,nao_verificado,,,,
3119302,MG,Coromandel,nao_verificado,,,,
3119401,MG,Coronel Fabriciano,nao_verificado,,,,
3119500,MG,Coronel Murta,nao_verificado,,,,
3119609,MG,Coronel Pacheco,nao_verificado,,,,
3119708,MG,Coronel Xavier Chaves,nao_verificado,,,,
3120102,MG,Couto de Magalhães de Minas,nao_verificado,,,,
3120201,MG,Cristais,nao_verificado,,,,
3120409,MG,Cristiano Otoni,nao_verificado,,,,
3120508,MG,Cristina,nao_verificado,,,,
3120300,MG,Cristália,nao_verificado,,,,
3120151,MG,Crisólita,nao_verificado,,,,
3120607,MG,Crucilândia,nao_verificado,,,,
3120706,MG,Cruzeiro da Fortaleza,nao_verificado,,,,
3120805,MG,Cruzília,nao_verificado,,,,
3120839,MG,Cuparaque,nao_verificado,,,,
3120870,MG,Curral de Dentro,nao_verificado,,,,
3120904,MG,Curvelo,nao_verificado,,,,
3115102,MG,Cássia,nao_verificado,,,,
3119807,MG,Córrego Danta,nao_verificado,,,,
3119955,MG,Córrego Fundo,nao_verificado,,,,
3120003,MG,Córrego Novo,nao_verificado,,,,
3119906,MG,Córrego do Bom Jesus,nao_verificado,,,,
3117836,MG,Cônego Marinho,nao_verificado,,,,
3121001,MG,Datas,nao_verificado,,,,
3121100,MG,Delfim Moreira,nao_verificado,,,,
3121209,MG,Delfinópolis,nao_verificado,,,,
3121258,MG,Delta,nao_verificado,,,,
3121308,MG,Descoberto,nao_verificado,,,,
3121407,MG,Desterro de Entre Rios,nao_verificado,,,,
3121506,MG,Desterro do Melo,nao_verificado,,,,
3121605,MG,Diamantina,nao_verificado,,,,
3121704,MG,Diogo de Vasconcelos,nao_verificado,,,,
3121803,MG,Dionísio,nao_verificado,,,,
3122009,MG,Divino,nao_verificado,,,,
3122108,MG,Divino das Laranjeiras,nao_verificado,,,,
3122207,MG,Divinolândia de Minas,nao_verificado,,,,
3121902,MG,Divinésia,nao_verificado,,,,
3122306,MG,Divinópolis,nao_verificado,,,,
3122355,MG,Divisa Alegre,nao_verificado,,,,
3122405,MG,Divisa Nova,nao_verificado,,,,
3122454,MG,Divisópolis,nao_verificado,,,,
3122470,MG,Dom Bosco,nao_verificado,,,,
3122504,MG,Dom Cavati,nao_verificado,,,,
3122603,MG,Dom Joaquim,nao_verificado,,,,
3122702,MG,Dom Silvério,nao_verificado,,,,
3122801,MG,Dom Viçoso,nao_verificado,,,,
3122900,MG,Dona Eusébia,nao_verificado,,,,
3123007,MG,Dores de Campos,nao_verificado,,,,
3123106,MG,Dores de Guanhães,nao_verificado,,,,
3123205,MG,Dores do Indaiá,nao_verificado,,,,
3123304,MG,Dores do Turvo,nao_verificado,,,,
3123403,MG,Doresópolis,nao_verificado,,,,
3123502,MG,Douradoquara,nao_verificado,,,,
3123528,MG,Durandé,nao_verificado,,,,
3123601,MG,Elói Mendes,nao_verificado,,,,
3123700,MG,Engenheiro Caldas,nao_verificado,,,,
3123809,MG,Engenheiro Navarro,nao_verificado,,,,
3123858,MG,Entre Folhas,nao_verificado,,,,
3123908,MG,Entre Rios de Minas,nao_verificado,,,,
3124005,MG,Ervália,nao_verificado,,,,
3124104,MG,Esmeraldas,nao_verificado,,,,
3124203,MG,Espera Feliz,nao_verificado,,,,
3124302,MG,Espinosa,nao_verificado,,,,
3124401,MG,Espírito Santo do Dourado,nao_verificado,,,,
3124500,MG,Estiva,nao_verificado,,,,
3124609,MG,Estrela Dalva,nao_verificado,,,,
3124708,MG,Estrela do Indaiá,nao_verificado,,,,
3124807,MG,Estrela do Sul,nao_verificado,,,,
3124906,MG,Eugenópolis,nao_verificado,,,,
3125002,MG,Ewbank da Câmara,nao_verificado,,,,
3125101,MG,Extrema,nao_verificado,,,,
3125200,MG,Fama,nao_verificado,,,,
3125309,MG,Faria Lemos,nao_verificado,,,,
3125606,MG,Felisburgo,nao_verificado,,,,
3125705,MG,Felixlândia,nao_verificado,,,,
3125408,MG,Felício dos Santos,nao_verificado,,,,
3125804,MG,Fernandes Tourinho,nao_verificado,,,,
3125903,MG,Ferros,nao_verificado,,,,
3125952,MG,Fervedouro,nao_verificado,,,,
3126000,MG,Florestal,nao_verificado,,,,
3126109,MG,Formiga,nao_verificado,,,,
3126208,MG,Formoso,nao_verificado,,,,
3126307,MG,Fortaleza de Minas,nao_verificado,,,,
3126406,MG,Fortuna de Minas,nao_verificado,,,,
3126505,MG,Francisco Badaró,nao_verificado,,,,
3126604,MG,Francisco Dumont,nao_verificado,,,,
3126703,MG,Francisco Sá,nao_verificado,,,,
3126752,MG,Franciscópolis,nao_verificado,,,,
3126802,MG,Frei Gaspar,nao_verificado,,,,
3126901,MG,Frei Inocêncio,nao_verificado,,,,
3126950,MG,Frei Lagonegro,nao_verificado,,,,
3127008,MG,Fronteira,nao_verificado,,,,
3127057,MG,Fronteira dos Vales,nao_verificado,,,,
3127073,MG,Fruta de Leite,nao_verificado,,,,
3127107,MG,Frutal,nao_verificado,,,,
3127206,MG,Funilândia,nao_verificado,,,,
3127305,MG,Galiléia,nao_verificado,,,,
3127339,MG,Gameleiras,nao_verificado,,,,
3127354,MG,Glaucilândia,nao_verificado,,,,
3127370,MG,Goiabeira,nao_verificado,,,,
3127388,MG,Goianá,nao_verificado,,,,
3127503,MG,Gonzaga,nao_verificado,,,,
3127404,MG,Gonçalves,nao_verificado,,,,
3127602,MG,Gouveia,nao_verificado,,,,
3127701,MG,Governador Valadares,nao_verificado,,,,
3127909,MG,Grupiara,nao_verificado,,,,
3127800,MG,Grão Mogol,nao_verificado,,,,
3128006,MG,Guanhães,nao_verificado,,,,
3128105,MG,Guapé,nao_verificado,,,,
3128204,MG,Guaraciaba,nao_verificado,,,,
3128253,MG,Guaraciama,nao_verificado,,,,
3128402,MG,Guarani,nao_verificado,,,,
3128303,MG,Guaranésia,nao_verificado,,,,
3128501,MG,Guarará,nao_verificado,,,,
3128600,MG,Guarda-Mor,nao_verificado,,,,
3128709,MG,Guaxupé,nao_verificado,,,,
3128808,MG,Guidoval,nao_verificado,,,,
3128907,MG,Guimarânia,nao_verificado,,,,
3129004,MG,Guiricema,nao_verificado,,,,
3129103,MG,Gurinhatã,nao_verificado,,,,
3129202,MG,Heliodora,nao_verificado,,,,
3129301,MG,Iapu,nao_verificado,,,,
3129400,MG,Ibertioga,nao_verificado,,,,
3129608,MG,Ibiaí,nao_verificado,,,,
3129657,MG,Ibiracatu,nao_verificado,,,,
3129707,MG,Ibiraci,nao_verificado,,,,
3129806,MG,Ibirité,nao_verificado,,,,
3129905,MG,Ibitiúra de Minas,nao_verificado,,,,
3130002,MG,Ibituruna,nao_verificado,,,,
3129509,MG,Ibiá,nao_verificado,,,,
3130051,MG,Icaraí de Minas,nao_verificado,,,,
3130101,MG,Igarapé,nao_verificado,,,,
3130200,MG,Igaratinga,nao_verificado,,,,
3130309,MG,Iguatama,nao_verificado,,,,
3130408,MG,Ijaci,nao_verificado,,,,
3130507,MG,Ilicínea,nao_verificado,,,,
3130556,MG,Imbé de Minas,nao_verificado,,,,
3130606,MG,Inconfidentes,nao_verificado,,,,
3130655,MG,Indaiabira,nao_verificado,,,,
3130705,MG,Indianópolis,nao_verificado,,,,
3130804,MG,Ingaí,nao_verificado,,,,
3130903,MG,Inhapim,nao_verificado,,,,
3131000,MG,Inhaúma,nao_verificado,,,,
3131109,MG,Inimutaba,nao_verificado,,,,
3131158,MG,Ipaba,nao_verificado,,,,
3131208,MG,Ipanema,nao_verificado,,,,
3131307,MG,Ipatinga,nao_verificado,,,,
3131406,MG,Ipiaçu,nao_verificado,,,,
3131505,MG,Ipuiúna,nao_verificado,,,,
3131604,MG,Iraí de Minas,nao_verificado,,,,
3131703,MG,Itabira,nao_verificado,,,,
3131802,MG,Itabirinha,nao_verificado,,,,
3131901,MG,Itabirito,nao_verificado,,,,
3132008,MG,Itacambira,nao_verificado,,,,
3132107,MG,Itacarambi,nao_verificado,,,,
3132206,MG,Itaguara,nao_verificado,,,,
3132305,MG,Itaipé,nao_verificado,,,,
3132404,MG,Itajubá,nao_verificado,,,,
3132503,MG,Itamarandiba,nao_verificado,,,,
3132602,MG,Itamarati de Minas,nao_verificado,,,,
3132701,MG,Itambacuri,nao_verificado,,,,
3132800,MG,Itambé do Mato Dentro,nao_verificado,,,,
3132909,MG,Itamogi,nao_verificado,,,,
3133006,MG,Itamonte,nao_verificado,,,,
3133105,MG,Itanhandu,nao_verificado,,,,
3133204,MG,Itanhomi,nao_verificado,,,,
3133303,MG,Itaobim,nao_verificado,,,,
3133402,MG,Itapagipe,nao_verificado,,,,
3133501,MG,Itapecerica,nao_verificado,,,,
3133600,MG,Itapeva,nao_verificado,,,,
3133709,MG,Itatiaiuçu,nao_verificado,,,,
3133907,MG,Itaverava,nao_verificado,,,,
3133758,MG,Itaú de Minas,nao_verificado,,,,
3133808,MG,Itaúna,nao_verificado,,,,
3134004,MG,Itinga,nao_verificado,,,,
3134103,MG,Itueta,nao_verificado,,,,
3134202,MG,Ituiutaba,nao_verificado,,,,
3134301,MG,Itumirim,nao_verificado,,,,
3134400,MG,Iturama,nao_verificado,,,,
3134509,MG,Itutinga,nao_verificado,,,,
3134608,MG,Jaboticatubas,nao_verificado,,,,
3134707,MG,Jacinto,nao_verificado,,,,
3134905,MG,Jacutinga,nao_verificado,,,,
3134806,MG,Jacuí,nao_verificado,,,,
3135001,MG,Jaguaraçu,nao_verificado,,,,
3135076,MG,Jampruca,nao_verificado,,,,
3135100,MG,Janaúba,nao_verificado,,,,
3135209,MG,Januária,nao_verificado,,,,
3135308,MG,Japaraíba,nao_verificado,,,,
3135357,MG,Japonvar,nao_verificado,,,,
3135050,MG,Jaíba,nao_verificado,,,,
3135407,MG,Jeceaba,nao_verificado,,,,
3135456,MG,Jenipapo de Minas,nao_verificado,,,,
3135506,MG,Jequeri,nao_verificado,,,,
3135605,MG,Jequitaí,nao_verificado,,,,
3135704,MG,Jequitibá,nao_verificado,,,,
3135803,MG,Jequitinhonha,nao_verificado,,,,
3135902,MG,Jesuânia,nao_verificado,,,,
3136108,MG,Joanésia,nao_verificado,,,,
3136405,MG,Joaquim Felício,nao_verificado,,,,
3136009,MG,Joaíma,nao_verificado,,,,
3136504,MG,Jordânia,nao_verificado,,,,
3136579,MG,Josenópolis,nao_verificado,,,,
3136520,MG,José Gonçalves de Minas,nao_verificado,,,,
3136553,MG,José Raydan,nao_verificado,,,,
3136207,MG,João Monlevade,nao_verificado,,,,
3136306,MG,João Pinheiro,nao_verificado,,,,
3136652,MG,Juatuba,nao_verificado,,,,
3136702,MG,Juiz de Fora,nao_verificado,,,,
3136801,MG,Juramento,nao_verificado,,,,
3136900,MG,Juruaia,nao_verificado,,,,
3136959,MG,Juvenília,nao_verificado,,,,
3137007,MG,Ladainha,nao_verificado,,,,
3137106,MG,Lagamar,nao_verificado,,,,
3137403,MG,Lagoa Dourada,nao_verificado,,,,
3137502,MG,Lagoa Formosa,nao_verificado,,,,
3137536,MG,Lagoa Grande,nao_verificado,,,,
3137601,MG,Lagoa Santa,nao_verificado,,,,
3137205,MG,Lagoa da Prata,nao_verificado,,,,
3137304,MG,Lagoa dos Patos,nao_verificado,,,,
3137700,MG,Lajinha,nao_verificado,,,,
3137809,MG,Lambari,nao_verificado,,,,
3137908,MG,Lamim,nao_verificado,,,,
3138005,MG,Laranjal,nao_verificado,,,,
3138104,MG,Lassance,nao_verificado,,,,
3138203,MG,Lavras,nao_verificado,,,,
3138302,MG,Leandro Ferreira,nao_verificado,,,,
3138351,MG,Leme do Prado,nao_verificado,,,,
3138401,MG,Leopoldina,nao_verificado,,,,
3138500,MG,Liberdade,nao_verificado,,,,
3138609,MG,Lima Duarte,nao_verificado,,,,
3138625,MG,Limeira do Oeste,nao_verificado,,,,
3138658,MG,Lontra,nao_verificado,,,,
3138674,MG,Luisburgo,nao_verificado,,,,
3138682,MG,Luislândia,nao_verificado,,,,
3138708,MG,Luminárias,nao_verificado,,,,
3138807,MG,Luz,nao_verificado,,,,
3138906,MG,Machacalis,nao_verificado,,,,
3139003,MG,Machado,nao_verificado,,,,
3139102,MG,Madre de Deus de Minas,nao_verificado,,,,
3139201,MG,Malacacheta,nao_verificado,,,,
3139250,MG,Mamonas,nao_verificado,,,,
3139300,MG,Manga,nao_verificado,,,,
3139409,MG,Manhuaçu,nao_verificado,,,,
3139508,MG,Manhumirim,nao_verificado,,,,
3139607,MG,Mantena,nao_verificado,,,,
3139805,MG,Mar de Espanha,nao_verificado,,,,
3139706,MG,Maravilhas,nao_verificado,,,,
3139904,MG,Maria da Fé,nao_verificado,,,,
3140001,MG,Mariana,nao_verificado,,,,
3140100,MG,Marilac,nao_verificado,,,,
3140209,MG,Maripá de Minas,nao_verificado,,,,
3140308,MG,Marliéria,nao_verificado,,,,
3140407,MG,Marmelópolis,nao_verificado,,,,
3140506,MG,Martinho Campos,nao_verificado,,,,
3140530,MG,Martins Soares,nao_verificado,,,,
3140555,MG,Mata Verde,nao_verificado,,,,
3140605,MG,Materlândia,nao_verificado,,,,
3140704,MG,Mateus Leme,nao_verificado,,,,
3171501,MG,Mathias Lobato,nao_verificado,,,,
3140803,MG,Matias Barbosa,nao_verificado,,,,
3140852,MG,Matias Cardoso,nao_verificado,,,,
3140902,MG,Matipó,nao_verificado,,,,
3141009,MG,Mato Verde,nao_verificado,,,,
3141108,MG,Matozinhos,nao_verificado,,,,
3141207,MG,Matutina,nao_verificado,,,,
3141306,MG,Medeiros,nao_verificado,,,,
3141405,MG,Medina,nao_verificado,,,,
3141504,MG,Mendes Pimentel,nao_verificado,,,,
3141603,MG,Mercês,nao_verificado,,,,
3141702,MG,Mesquita,nao_verificado,,,,
3141801,MG,Minas Novas,nao_verificado,,,,
3141900,MG,Minduri,nao_verificado,,,,
3142007,MG,Mirabela,nao_verificado,,,,
3142106,MG,Miradouro,nao_verificado,,,,
3142254,MG,Miravânia,nao_verificado,,,,
3142205,MG,Miraí,nao_verificado,,,,
3142304,MG,Moeda,nao_verificado,,,,
3142403,MG,Moema,nao_verificado,,,,
3142502,MG,Monjolos,nao_verificado,,,,
3142601,MG,Monsenhor Paulo,nao_verificado,,,,
3142700,MG,Montalvânia,nao_verificado,,,,
3142809,MG,Monte Alegre de Minas,nao_verificado,,,,
3142908,MG,Monte Azul,nao_verificado,,,,
3143005,MG,Monte Belo,nao_verificado,,,,
3143104,MG,Monte Carmelo,nao_verificado,,,,
3143153,MG,Monte Formoso,nao_verificado,,,,
3143203,MG,Monte Santo de Minas,nao_verificado,,,,
3143401,MG,Monte Sião,nao_verificado,,,,
3143302,MG,Montes Claros,nao_verificado,,,,
3143450,MG,Montezuma,nao_verificado,,,,
3143500,MG,Morada Nova de Minas,nao_verificado,,,,
3143609,MG,Morro da Garça,nao_verificado,,,,
3143708,MG,Morro do Pilar,nao_verificado,,,,
3143807,MG,Munhoz,nao_verificado,,,,
3143906,MG,Muriaé,nao_verificado,,,,
3144003,MG,Mutum,nao_verificado,,,,
3144102,MG,Muzambinho,nao_verificado,,,,
3140159,MG,Mário Campos,nao_verificado,,,,
3144201,MG,Nacip Raydan,nao_verificado,,,,
3144300,MG,Nanuque,nao_verificado,,,,
3144359,MG,Naque,nao_verificado,,,,
3144375,MG,Natalândia,nao_verificado,,,,
3144409,MG,Natércia,nao_verificado,,,,
3144508,MG,Nazareno,nao_verificado,,,,
3144607,MG,Nepomuceno,nao_verificado,,,,
3144656,MG,Ninheira,nao_verificado,,,,
3144672,MG,Nova Belém,nao_verificado,,,,
3144706,MG,Nova Era,nao_verificado,,,,
3144805,MG,Nova Lima,nao_verificado,,,,
3144904,MG,Nova Módica,nao_verificado,,,,
3145000,MG,Nova Ponte,nao_verificado,,,,
3145059,MG,Nova Porteirinha,nao_verificado,,,,
3145109,MG,Nova Resende,nao_verificado,,,,
3145208,MG,Nova Serrana,nao_verificado,,,,
3136603,MG,Nova União,nao_verificado,,,,
3145307,MG,Novo Cruzeiro,nao_verificado,,,,
3145356,MG,Novo Oriente de Minas,nao_verificado,,,,
3145372,MG,Novorizonte,nao_verificado,,,,
3145406,MG,Olaria,nao_verificado,,,,
3145455,MG,Olhos d'Água,nao_verificado,,,,
3145604,MG,Oliveira,nao_verificado,,,,
3145703,MG,Oliveira Fortes,nao_verificado,,,,
3145505,MG,Olímpio Noronha,nao_verificado,,,,
3145802,MG,Onça de Pitangui,nao_verificado,,,,
3145851,MG,Oratórios,nao_verificado,,,,
3145877,MG,Orizânia,nao_verificado,,,,
3145901,MG,Ouro Branco,nao_verificado,,,,
3146008,MG,Ouro Fino,nao_verificado,,,,
3146107,MG,Ouro Preto,nao_verificado,,,,
3146206,MG,Ouro Verde de Minas,nao_verificado,,,,
3146255,MG,Padre Carvalho,nao_verificado,,,,
3146305,MG,Padre Paraíso,nao_verificado,,,,
3146552,MG,Pai Pedro,nao_verificado,,,,
3146404,MG,Paineiras,nao_verificado,,,,
3146503,MG,Pains,nao_verificado,,,,
3146602,MG,Paiva,nao_verificado,,,,
3146701,MG,Palma,nao_verificado,,,,
3146750,MG,Palmópolis,nao_verificado,,,,
3146909,MG,Papagaios,nao_verificado,,,,
3147006,MG,Paracatu,nao_verificado,,,,
3147204,MG,Paraguaçu,nao_verificado,,,,
3147303,MG,Paraisópolis,nao_verificado,,,,
3147402,MG,Paraopeba,nao_verificado,,,,
3147105,MG,Pará de Minas,nao_verificado,,,,
3147600,MG,Passa Quatro,nao_verificado,,,,
3147709,MG,Passa Tempo,nao_verificado,,,,
3147808,MG,Passa-Vinte,nao_verificado,,,,
3147501,MG,Passabém,nao_verificado,,,,
3147907,MG,Passos,nao_verificado,,,,
3147956,MG,Patis,nao_verificado,,,,
3148004,MG,Patos de Minas,nao_verificado,,,,
3148103,MG,Patrocínio,nao_verificado,,,,
3148202,MG,Patrocínio do Muriaé,nao_verificado,,,,
3148301,MG,Paula Cândido,nao_verificado,,,,
3148400,MG,Paulistas,nao_verificado,,,,
3148509,MG,Pavão,nao_verificado,,,,
3148707,MG,Pedra Azul,nao_verificado,,,,
3148756,MG,Pedra Bonita,nao_verificado,,,,
3149002,MG,Pedra Dourada,nao_verificado,,,,
3148806,MG,Pedra do Anta,nao_verificado,,,,
3148905,MG,Pedra do Indaiá,nao_verificado,,,,
3149101,MG,Pedralva,nao_verificado,,,,
3149150,MG,Pedras de Maria da Cruz,nao_verificado,,,,
3149200,MG,Pedrinópolis,nao_verificado,,,,
3149309,MG,Pedro Leopoldo,nao_verificado,,,,
3149408,MG,Pedro Teixeira,nao_verificado,,,,
3149507,MG,Pequeri,nao_verificado,,,,
3149606,MG,Pequi,nao_verificado,,,,
3149705,MG,Perdigão,nao_verificado,,,,
3149804,MG,Perdizes,nao_verificado,,,,
3149903,MG,Perdões,nao_verificado,,,,
3149952,MG,Periquito,nao_verificado,,,,
3150000,MG,Pescador,nao_verificado,,,,
3148608,MG,Peçanha,nao_verificado,,,,
3150109,MG,Piau,nao_verificado,,,,
3150158,MG,Piedade de Caratinga,nao_verificado,,,,
3150208,MG,Piedade de Ponte Nova,nao_verificado,,,,
3150307,MG,Piedade do Rio Grande,nao_verificado,,,,
3150406,MG,Piedade dos Gerais,nao_verificado,,,,
3150505,MG,Pimenta,nao_verificado,,,,
3150539,MG,Pingo-d'Água,nao_verificado,,,,
3150570,MG,Pintópolis,nao_verificado,,,,
3150604,MG,Piracema,nao_verificado,,,,
3150703,MG,Pirajuba,nao_verificado,,,,
3150802,MG,Piranga,nao_verificado,,,,
3151008,MG,Piranguinho,nao_verificado,,,,
3150901,MG,Piranguçu,nao_verificado,,,,
3151107,MG,Pirapetinga,nao_verificado,,,,
3151206,MG,Pirapora,nao_verificado,,,,
3151305,MG,Piraúba,nao_verificado,,,,
3151404,MG,Pitangui,nao_verificado,,,,
3151503,MG,Piumhi,nao_verificado,,,,
3151602,MG,Planura,nao_verificado,,,,
3151909,MG,Pocrane,nao_verificado,,,,
3152006,MG,Pompéu,nao_verificado,,,,
3152105,MG,Ponte Nova,nao_verificado,,,,
3152131,MG,Ponto Chique,nao_verificado,,,,
3152170,MG,Ponto dos Volantes,nao_verificado,,,,
3152204,MG,Porteirinha,nao_verificado,,,,
3152303,MG,Porto Firme,nao_verificado,,,,
3152402,MG,Poté,nao_verificado,,,,
3152501,MG,Pouso Alegre,nao_verificado,,,,
3152600,MG,Pouso Alto,nao_verificado,,,,
3151701,MG,Poço Fundo,nao_verificado,,,,
3151800,MG,Poços de Caldas,nao_verificado,,,,
3152709,MG,Prados,nao_verificado,,,,
3152808,MG,Prata,nao_verificado,,,,
3153004,MG,Pratinha,nao_verificado,,,,
3152907,MG,Pratápolis,nao_verificado,,,,
3153103,MG,Presidente Bernardes,nao_verificado,,,,
3153202,MG,Presidente Juscelino,nao_verificado,,,,
3153301,MG,Presidente Kubitschek,nao_verificado,,,,
3153400,MG,Presidente Olegário,nao_verificado,,,,
3153608,MG,Prudente de Morais,nao_verificado,,,,
3153707,MG,Quartel Geral,nao_verificado,,,,
3153806,MG,Queluzito,nao_verificado,,,,
3153905,MG,Raposos,nao_verificado,,,,
3154002,MG,Raul Soares,nao_verificado,,,,
3154101,MG,Recreio,nao_verificado,,,,
3154150,MG,Reduto,nao_verificado,,,,
3154200,MG,Resende Costa,nao_verificado,,,,
3154309,MG,Resplendor,nao_verificado,,,,
3154408,MG,Ressaquinha,nao_verificado,,,,
3154457,MG,Riachinho,nao_verificado,,,,
3154507,MG,Riacho dos Machados,nao_verificado,,,,
3154705,MG,Ribeirão Vermelho,nao_verificado,,,,
3154606,MG,Ribeirão das Neves,nao_verificado,,,,
3154804,MG,Rio Acima,nao_verificado,,,,
3154903,MG,Rio Casca,nao_verificado,,,,
3155009,MG,Rio Doce,nao_verificado,,,,
3155207,MG,Rio Espera,nao_verificado,,,,
3155306,MG,Rio Manso,nao_verificado,,,,
3155405,MG,Rio Novo,nao_verificado,,,,
3155504,MG,Rio Paranaíba,nao_verificado,,,,
3155603,MG,Rio Pardo de Minas,nao_verificado,,,,
3155702,MG,Rio Piracicaba,nao_verificado,,,,
3155801,MG,Rio Pomba,nao_verificado,,,,
3155900,MG,Rio Preto,nao_verificado,,,,
3156007,MG,Rio Vermelho,nao_verificado,,,,
3155108,MG,Rio do Prado,nao_verificado,,,,
3156106,MG,Ritápolis,nao_verificado,,,,
3156205,MG,Rochedo de Minas,nao_verificado,,,,
3156304,MG,Rodeiro,nao_verificado,,,,
3156403,MG,Romaria,nao_verificado,,,,
3156452,MG,Rosário da Limeira,nao_verificado,,,,
3156502,MG,Rubelita,nao_verificado,,,,
3156601,MG,Rubim,nao_verificado,,,,
3156700,MG,Sabará,nao_verificado,,,,
3156809,MG,Sabinópolis,nao_verificado,,,,
3156908,MG,Sacramento,nao_verificado,,,,
3157005,MG,Salinas,nao_verificado,,,,
3157104,MG,Salto da Divisa,nao_verificado,,,,
3157203,MG,Santa Bárbara,nao_verificado,,,,
3157252,MG,Santa Bárbara do Leste,nao_verificado,,,,
3157278,MG,Santa Bárbara do Monte Verde,nao_verificado,,,,
3157302,MG,Santa Bárbara do Tugúrio,nao_verificado,,,,
3157336,MG,Santa Cruz de Minas,nao_verificado,,,,
3157377,MG,Santa Cruz de Salinas,nao_verificado,,,,
3157401,MG,Santa Cruz do Escalvado,nao_verificado,,,,
3157500,MG,Santa Efigênia de Minas,nao_verificado,,,,
3157609,MG,Santa Fé de Minas,nao_verificado,,,,
3157658,MG,Santa Helena de Minas,nao_verificado,,,,
3157708,MG,Santa Juliana,nao_verificado,,,,
3157807,MG,Santa Luzia,nao_verificado,,,,
3157906,MG,Santa Margarida,nao_verificado,,,,
3158003,MG,Santa Maria de Itabira,nao_verificado,,,,
3158102,MG,Santa Maria do Salto,nao_verificado,,,,
3158201,MG,Santa Maria do Suaçuí,nao_verificado,,,,
3159209,MG,Santa Rita de Caldas,nao_verificado,,,,
3159407,MG,Santa Rita de Ibitipoca,nao_verificado,,,,
3159308,MG,Santa Rita de Jacutinga,nao_verificado,,,,
3159357,MG,Santa Rita de Minas,nao_verificado,,,,
3159506,MG,Santa Rita do Itueto,nao_verificado,,,,
3159605,MG,Santa Rita do Sapucaí,nao_verificado,,,,
3159704,MG,Santa Rosa da Serra,nao_verificado,,,,
3159803,MG,Santa Vitória,nao_verificado,,,,
3158300,MG,Santana da Vargem,nao_verificado,,,,
3158409,MG,Santana de Cataguases,nao_verificado,,,,
3158508,MG,Santana de Pirapama,nao_verificado,,,,
3158607,MG,Santana do Deserto,nao_verificado,,,,
3158706,MG,Santana do Garambéu,nao_verificado,,,,
3158805,MG,Santana do Jacaré,nao_verificado,,,,
3158904,MG,Santana do Manhuaçu,nao_verificado,,,,
3158953,MG,Santana do Paraíso,nao_verificado,,,,
3159001,MG,Santana do Riacho,nao_verificado,,,,
3159100,MG,Santana dos Montes,nao_verificado,,,,
3159902,MG,Santo Antônio do Amparo,nao_verificado,,,,
3160009,MG,Santo Antônio do Aventureiro,nao_verificado,,,,
3160108,MG,Santo Antônio do Grama,nao_verificado,,,,
3160207,MG,Santo Antônio do Itambé,nao_verificado,,,,
3160306,MG,Santo Antônio do Jacinto,nao_verificado,,,,
3160405,MG,Santo Antônio do Monte,nao_verificado,,,,
3160454,MG,Santo Antônio do Retiro,nao_verificado,,,,
3160504,MG,Santo Antônio do Rio Abaixo,nao_verificado,,,,
3160603,MG,Santo Hipólito,nao_verificado,,,,
3160702,MG,Santos Dumont,nao_verificado,,,,
3165404,MG,Sapucaí-Mirim,nao_verificado,,,,
3165503,MG,Sardoá,nao_verificado,,,,
3165537,MG,Sarzedo,nao_verificado,,,,
3165560,MG,Sem-Peixe,nao_verificado,,,,
3165578,MG,Senador Amaral,nao_verificado,,,,
3165602,MG,Senador Cortes,nao_verificado,,,,
3165701,MG,Senador Firmino,nao_verificado,,,,
3165800,MG,Senador José Bento,nao_verificado,,,,
3165909,MG,Senador Modestino Gonçalves,nao_verificado,,,,
3166006,MG,Senhora de Oliveira,nao_verificado,,,,
3166105,MG,Senhora do Porto,nao_verificado,,,,
3166204,MG,Senhora dos Remédios,nao_verificado,,,,
3166303,MG,Sericita,nao_verificado,,,,
3166402,MG,Seritinga,nao_verificado,,,,
3166501,MG,Serra Azul de Minas,nao_verificado,,,,
3166600,MG,Serra da Saudade,nao_verificado,,,,
3166808,MG,Serra do Salitre,nao_verificado,,,,
3166709,MG,Serra dos Aimorés,nao_verificado,,,,
3166907,MG,Serrania,nao_verificado,,,,
3167004,MG,Serranos,nao_verificado,,,,
3166956,MG,Serranópolis de Minas,nao_verificado,,,,
3167103,MG,Serro,nao_verificado,,,,
3167202,MG,Sete Lagoas,nao_verificado,,,,
3165552,MG,Setubinha,nao_verificado,,,,
3167301,MG,Silveirânia,nao_verificado,,,,
3167400,MG,Silvianópolis,nao_verificado,,,,
3167608,MG,Simonésia,nao_verificado,,,,
3167509,MG,Simão Pereira,nao_verificado,,,,
3167707,MG,Sobrália,nao_verificado,,,,
3167806,MG,Soledade de Minas,nao_verificado,,,,
3160801,MG,São Bento Abade,nao_verificado,,,,
3160900,MG,São Brás do Suaçuí,nao_verificado,,,,
3160959,MG,São Domingos das Dores,nao_verificado,,,,
3161007,MG,São Domingos do Prata,nao_verificado,,,,
3161106,MG,São Francisco,nao_verificado,,,,
3161205,MG,São Francisco de Paula,nao_verificado,,,,
3161304,MG,São Francisco de Sales,nao_verificado,,,,
3161403,MG,São Francisco do Glória,nao_verificado,,,,
3161056,MG,São Félix de Minas,nao_verificado,,,,
3161502,MG,São Geraldo,nao_verificado,,,,
3161601,MG,São Geraldo da Piedade,nao_verificado,,,,
3161650,MG,São Geraldo do Baixio,nao_verificado,,,,
3161700,MG,São Gonçalo do Abaeté,nao_verificado,,,,
3161809,MG,São Gonçalo do Pará,nao_verificado,,,,
3161908,MG,São Gonçalo do Rio Abaixo,nao_verificado,,,,
3125507,MG,São Gonçalo do Rio Preto,nao_verificado,,,,
3162005,MG,São Gonçalo do Sapucaí,nao_verificado,,,,
3162104,MG,São Gotardo,nao_verificado,,,,
3162922,MG,São Joaquim de Bicas,nao_verificado,,,,
3162948,MG,São José da Barra,nao_verificado,,,,
3162955,MG,São José da Lapa,nao_verificado,,,,
3163003,MG,São José da Safira,nao_verificado,,,,
3163102,MG,São José da Varginha,nao_verificado,,,,
3163201,MG,São José do Alegre,nao_verificado,,,,
3163300,MG,São José do Divino,nao_verificado,,,,
3163409,MG,São José do Goiabal,nao_verificado,,,,
3163508,MG,São José do Jacuri,nao_verificado,,,,
3163607,MG,São José do Mantimento,nao_verificado,,,,
3162203,MG,São João Batista do Glória,nao_verificado,,,,
3162807,MG,São João Evangelista,nao_verificado,,,,
3162906,MG,São João Nepomuceno,nao_verificado,,,,
3162252,MG,São João da Lagoa,nao_verificado,,,,
3162302,MG,São João da Mata,nao_verificado,,,,
3162401,MG,São João da Ponte,nao_verificado,,,,
3162450,MG,São João das Missões,nao_verificado,,,,
3162500,MG,São João del Rei,nao_verificado,,,,
3162559,MG,São João do Manhuaçu,nao_verificado,,,,
3162575,MG,São João do Manteninha,nao_verificado,,,,
3162609,MG,São João do Oriente,nao_verificado,,,,
3162658,MG,São João do Pacuí,nao_verificado,,,,
3162708,MG,São João do Paraíso,nao_verificado,,,,
3163706,MG,São Lourenço,nao_verificado,,,,
3163805,MG,São Miguel do Anta,nao_verificado,,,,
3163904,MG,São Pedro da União,nao_verificado,,,,
3164100,MG,São Pedro do Suaçuí,nao_verificado,,,,
3164001,MG,São Pedro dos Ferros,nao_verificado,,,,
3164209,MG,São Romão,nao_verificado,,,,
3164308,MG,São Roque de Minas,nao_verificado,,,,
3164407,MG,São Sebastião da Bela Vista,nao_verificado,,,,
3164431,MG,São Sebastião da Vargem Alegre,nao_verificado,,,,
3164472,MG,São Sebastião do Anta,nao_verificado,,,,
3164506,MG,São Sebastião do Maranhão,nao_verificado,,,,
3164605,MG,São Sebastião do Oeste,nao_verificado,,,,
3164704,MG,São Sebastião do Paraíso,nao_verificado,,,,
3164803,MG,São Sebastião do Rio Preto,nao_verificado,,,,
3164902,MG,São Sebastião do Rio Verde,nao_verificado,,,,
3165206,MG,São Thomé das Letras,nao_verificado,,,,
3165008,MG,São Tiago,nao_verificado,,,,
3165107,MG,São Tomás de Aquino,nao_verificado,,,,
3165305,MG,São Vicente de Minas,nao_verificado,,,,
3167905,MG,Tabuleiro,nao_verificado,,,,
3168002,MG,Taiobeiras,nao_verificado,,,,
3168051,MG,Taparuba,nao_verificado,,,,
3168101,MG,Tapira,nao_verificado,,,,
3168200,MG,Tapiraí,nao_verificado,,,,
3168309,MG,Taquaraçu de Minas,nao_verificado,,,,
3168408,MG,Tarumirim,nao_verificado,,,,
3168507,MG,Teixeiras,nao_verificado,,,,
3168606,MG,Teófilo Otoni,nao_verificado,,,,
3168705,MG,Timóteo,nao_verificado,,,,
3168804,MG,Tiradentes,nao_verificado,,,,
3168903,MG,Tiros,nao_verificado,,,,
3169000,MG,Tocantins,nao_verificado,,,,
3169059,MG,Tocos do Moji,nao_verificado,,,,
3169109,MG,Toledo,nao_verificado,,,,
3169208,MG,Tombos,nao_verificado,,,,
3169307,MG,Três Corações,nao_verificado,,,,
3169356,MG,Três Marias,nao_verificado,,,,
3169406,MG,Três Pontas,nao_verificado,,,,
3169505,MG,Tumiritinga,nao_verificado,,,,
3169604,MG,Tupaciguara,nao_verificado,,,,
3169703,MG,Turmalina,nao_verificado,,,,
3169802,MG,Turvolândia,nao_verificado,,,,
3170057,MG,Ubaporanga,nao_verificado,,,,
3170008,MG,Ubaí,nao_verificado,,,,
3170107,MG,Uberaba,nao_verificado,,,,
3170206,MG,Uberlândia,nao_verificado,,,,
3169901,MG,Ubá,nao_verificado,,,,
3170305,MG,Umburatiba,nao_verificado,,,,
3170404,MG,Unaí,nao_verificado,,,,
3170438,MG,União de Minas,nao_verificado,,,,
3170479,MG,Uruana de Minas,nao_verificado,,,,
3170529,MG,Urucuia,nao_verificado,,,,
3170503,MG,Urucânia,nao_verificado,,,,
3170578,MG,Vargem Alegre,nao_verificado,,,,
3170602,MG,Vargem Bonita,nao_verificado,,,,
3170651,MG,Vargem Grande do Rio Pardo,nao_verificado,,,,
3170701,MG,Varginha,nao_verificado,,,,
3170750,MG,Varjão de Minas,nao_verificado,,,,
3170909,MG,Varzelândia,nao_verificado,,,,
3171006,MG,Vazante,nao_verificado,,,,
3171030,MG,Verdelândia,nao_verificado,,,,
3171071,MG,Veredinha,nao_verificado,,,,
3171154,MG,Vermelho Novo,nao_verificado,,,,
3171105,MG,Veríssimo,nao_verificado,,,,
3171204,MG,Vespasiano,nao_verificado,,,,
3171402,MG,Vieiras,nao_verificado,,,,
3171600,MG,Virgem da Lapa,nao_verificado,,,,
3171808,MG,Virginópolis,nao_verificado,,,,
3171907,MG,Virgolândia,nao_verificado,,,,
3171709,MG,Virgínia,nao_verificado,,,,
3172004,MG,Visconde do Rio Branco,nao_verificado,,,,
3171303,MG,Viçosa,nao_verificado,,,,
3172103,MG,Volta Grande,nao_verificado,,,,
3170800,MG,Várzea da Palma,nao_verificado,,,,
3172202,MG,Wenceslau Braz,nao_verificado,,,,
3100609,MG,Água Boa,nao_verificado,,,,
3100708,MG,Água Comprida,nao_verificado,,,,
3100906,MG,Águas Formosas,nao_verificado,,,,
3101003,MG,Águas Vermelhas,nao_verificado,,,,
5000252,MS,Alcinópolis,nao_verificado,,,,
5000609,MS,Amambai,nao_verificado,,,,
5000708,MS,Anastácio,nao_verificado,,,,
5000807,MS,Anaurilândia,nao_verificado,,,,
5000856,MS,Angélica,nao_verificado,,,,
5000906,MS,Antônio João,nao_verificado,,,,
5001003,MS,Aparecida do Taboado,nao_verificado,,,,
5001102,MS,Aquidauana,nao_verificado,,decreto,,
5001243,MS,Aral Moreira,nao_verificado,,,,
5001508,MS,Bandeirantes,nao_verificado,,,,
5001904,MS,Bataguassu,nao_verificado,,,,
5002001,MS,Batayporã,nao_verificado,,,,
5002100,MS,Bela Vista,nao_verificado,,,,
5002159,MS,Bodoquena,nao_verificado,,,,
5002209,MS,Bonito,nao_verificado,,,,
5002308,MS,Brasilândia,nao_verificado,,,,
5002407,MS,Caarapó,nao_verificado,,,,
5002605,MS,Camapuã,nao_verificado,,,,
5002704,MS,Campo Grande,nao_verificado,,,,
5002803,MS,Caracol,nao_verificado,,,,
5002902,MS,Cassilândia,nao_verificado,,,,
5002951,MS,Chapadão do Sul,nao_verificado,,,,
5003108,MS,Corguinho,nao_verificado,,,,
5003157,MS,Coronel Sapucaia,nao_verificado,,,,
5003207,MS,Corumbá,nao_verificado,,decreto,,
5003256,MS,Costa Rica,nao_verificado,,,,
5003306,MS,Coxim,nao_verificado,,,,
5003454,MS,Deodápolis,nao_verificado,,,,
5003488,MS,Dois Irmãos do Buriti,nao_verificado,,,,
5003504,MS,Douradina,nao_verificado,,,,
5003702,MS,Dourados,nao_verificado,,,,
5003751,MS,Eldorado,nao_verificado,,,,
5003900,MS,Figueirão,nao_verificado,,,,
5003801,MS,Fátima do Sul,nao_verificado,,,,
5004007,MS,Glória de Dourados,nao_verificado,,,,
5004106,MS,Guia Lopes da Laguna,nao_verificado,,,,
5004304,MS,Iguatemi,nao_verificado,,,,
5004403,MS,Inocência,nao_verificado,,,,
5004502,MS,Itaporã,nao_verificado,,,,
5004601,MS,Itaquiraí,nao_verificado,,,,
5004700,MS,Ivinhema,nao_verificado,,,,
5004809,MS,Japorã,nao_verificado,,,,
5004908,MS,Jaraguari,nao_verificado,,,,
5005004,MS,Jardim,nao_verificado,,,,
5005103,MS,Jateí,nao_verificado,,,,
5005152,MS,Juti,nao_verificado,,,,
5005202,MS,Ladário,nao_verificado,,decreto,,
5005251,MS,Laguna Carapã,nao_verificado,,,,
5005400,MS,Maracaju,nao_verificado,,,,
5005608,MS,Miranda,nao_verificado,,decreto,,
5005681,MS,Mundo Novo,nao_verificado,,,,
5005707,MS,Naviraí,nao_verificado,,,,
5005806,MS,Nioaque,nao_verificado,,,,
5006002,MS,Nova Alvorada do Sul,nao_verificado,,,,
5006200,MS,Nova Andradina,nao_verificado,,,,
5006259,MS,Novo Horizonte do Sul,nao_verificado,,,,
5006309,MS,Paranaíba,nao_verificado,,,,
5006358,MS,Paranhos,nao_verificado,,,,
5006275,MS,Paraíso das Águas,nao_verificado,,,,
5006408,MS,Pedro Gomes,nao_verificado,,,,
5006606,MS,Ponta Porã,nao_verificado,,,,
5006903,MS,Porto Murtinho,nao_verificado,,decreto,,
5007109,MS,Ribas do Rio Pardo,nao_verificado,,,,
5007208,MS,Rio Brilhante,nao_verificado,,,,
5007307,MS,Rio Negro,nao_verificado,,,,
5007406,MS,Rio Verde de Mato Grosso,nao_verificado,,,,
5007505,MS,Rochedo,nao_verificado,,,,
5007554,MS,Santa Rita do Pardo,nao_verificado,,,,
5007802,MS,Selvíria,nao_verificado,,,,
5007703,MS,Sete Quedas,nao_verificado,,,,
5007901,MS,Sidrolândia,nao_verificado,,,,
5007935,MS,Sonora,nao_verificado,,,,
5007695,MS,São Gabriel do Oeste,nao_verificado,,,,
5007950,MS,Tacuru,nao_verificado,,,,
5007976,MS,Taquarussu,nao_verificado,,,,
5008008,MS,Terenos,nao_verificado,,,,
5008305,MS,Três Lagoas,nao_verificado,,,,
5008404,MS,Vicentina,nao_verificado,,,,
5000203,MS,Água Clara,nao_verificado,,,,
5100102,MT,Acorizal,nao_verificado,,,,
5100250,MT,Alta Floresta,nao_verificado,,,,
5100300,MT,Alto Araguaia,nao_verificado,,,,
5100359,MT,Alto Boa Vista,nao_verificado,,,,
5100409,MT,Alto Garças,nao_verificado,,,,
5100508,MT,Alto Paraguai,nao_verificado,,,,
5100607,MT,Alto Taquari,nao_verificado,,,,
5100805,MT,Apiacás,nao_verificado,,,,
5101001,MT,Araguaiana,nao_verificado,,,,
5101209,MT,Araguainha,nao_verificado,,,,
5101258,MT,Araputanga,nao_verificado,,,,
5101308,MT,Arenápolis,nao_verificado,,,,
5101407,MT,Aripuanã,nao_verificado,,,,
5101704,MT,Barra do Bugres,nao_verificado,,,,
5101803,MT,Barra do Garças,nao_verificado,,,,
5101605,MT,Barão de Melgaço,nao_verificado,,decreto,,
5101837,MT,Boa Esperança do Norte,nao_verificado,,,,
5101852,MT,Bom Jesus do Araguaia,nao_verificado,,,,
5101902,MT,Brasnorte,nao_verificado,,,,
5102603,MT,Campinápolis,nao_verificado,,,,
5102637,MT,Campo Novo do Parecis,nao_verificado,,,,
5102678,MT,Campo Verde,nao_verificado,,,,
5102686,MT,Campos de Júlio,nao_verificado,,,,
5102694,MT,Canabrava do Norte,nao_verificado,,,,
5102702,MT,Canarana,nao_verificado,,,,
5102793,MT,Carlinda,nao_verificado,,,,
5102850,MT,Castanheira,nao_verificado,,,,
5103007,MT,Chapada dos Guimarães,nao_verificado,,,,
5103056,MT,Cláudia,nao_verificado,,,,
5103106,MT,Cocalinho,nao_verificado,,,,
5103254,MT,Colniza,nao_verificado,,,,
5103205,MT,Colíder,nao_verificado,,,,
5103304,MT,Comodoro,nao_verificado,,,,
5103353,MT,Confresa,nao_verificado,,,,
5103361,MT,Conquista D'Oeste,nao_verificado,,,,
5103379,MT,Cotriguaçu,nao_verificado,,,,
5103403,MT,Cuiabá,nao_verificado,,plano_elaboracao,,
5103437,MT,Curvelândia,nao_verificado,,,,
5102504,MT,Cáceres,nao_verificado,,decreto,,
5103452,MT,Denise,nao_verificado,,,,
5103502,MT,Diamantino,nao_verificado,,,,
5103601,MT,Dom Aquino,nao_verificado,,,,
5103700,MT,Feliz Natal,nao_verificado,,,,
5103809,MT,Figueirópolis D'Oeste,nao_verificado,,,,
5103858,MT,Gaúcha do Norte,nao_verificado,,,,
5103908,MT,General Carneiro,nao_verificado,,,,
5103957,MT,Glória D'Oeste,nao_verificado,,,,
5104104,MT,Guarantã do Norte,nao_verificado,,,,
5104203,MT,Guiratinga,nao_verificado,,,,
5104500,MT,Indiavaí,nao_verificado,,,,
5104526,MT,Ipiranga do Norte,nao_verificado,,,,
5104542,MT,Itanhangá,nao_verificado,,,,
5104559,MT,Itaúba,nao_verificado,,,,
5104609,MT,Itiquira,nao_verificado,,,,
5104807,MT,Jaciara,nao_verificado,,,,
5104906,MT,Jangada,nao_verificado,,,,
5105002,MT,Jauru,nao_verificado,,,,
5105101,MT,Juara,nao_verificado,,,,
5105176,MT,Juruena,nao_verificado,,,,
5105200,MT,Juscimeira,nao_verificado,,,,
5105150,MT,Juína,nao_verificado,,,,
5105234,MT,Lambari D'Oeste,nao_verificado,,,,
5105259,MT,Lucas do Rio Verde,nao_verificado,,,,
5105309,MT,Luciara,nao_verificado,,,,
5105580,MT,Marcelândia,nao_verificado,,,,
5105606,MT,Matupá,nao_verificado,,,,
5105622,MT,Mirassol d'Oeste,nao_verificado,,,,
5105903,MT,Nobres,nao_verificado,,,,
5106000,MT,Nortelândia,nao_verificado,,,,
5106109,MT,Nossa Senhora do Livramento,nao_verificado,,,,
5106158,MT,Nova Bandeirantes,nao_verificado,,,,
5106208,MT,Nova Brasilândia,nao_verificado,,,,
5106216,MT,Nova Canaã do Norte,nao_verificado,,,,
5108808,MT,Nova Guarita,nao_verificado,,,,
5106182,MT,Nova Lacerda,nao_verificado,,,,
5108857,MT,Nova Marilândia,nao_verificado,,,,
5108907,MT,Nova Maringá,nao_verificado,,,,
5108956,MT,Nova Monte Verde,nao_verificado,,,,
5106224,MT,Nova Mutum,nao_verificado,,,,
5106174,MT,Nova Nazaré,nao_verificado,,,,
5106232,MT,Nova Olímpia,nao_verificado,,,,
5106190,MT,Nova Santa Helena,nao_verificado,,,,
5106240,MT,Nova Ubiratã,nao_verificado,,,,
5106257,MT,Nova Xavantina,nao_verificado,,,,
5106273,MT,Novo Horizonte do Norte,nao_verificado,,,,
5106265,MT,Novo Mundo,nao_verificado,,,,
5106315,MT,Novo Santo Antônio,nao_verificado,,,,
5106281,MT,Novo São Joaquim,nao_verificado,,,,
5106307,MT,Paranatinga,nao_verificado,,,,
5106299,MT,Paranaíta,nao_verificado,,,,
5106372,MT,Pedra Preta,nao_verificado,,,,
5106422,MT,Peixoto de Azevedo,nao_verificado,,,,
5106455,MT,Planalto da Serra,nao_verificado,,,,
5106505,MT,Poconé,nao_verificado,,decreto,,
5106653,MT,Pontal do Araguaia,nao_verificado,,,,
5106703,MT,Ponte Branca,nao_verificado,,,,
5106752,MT,Pontes e Lacerda,nao_verificado,,,,
5106778,MT,Porto Alegre do Norte,nao_verificado,,,,
5106828,MT,Porto Esperidião,nao_verificado,,,,
5106851,MT,Porto Estrela,nao_verificado,,,,
5106802,MT,Porto dos Gaúchos,nao_verificado,,,,
5107008,MT,Poxoréu,nao_verificado,,,,
5107040,MT,Primavera do Leste,nao_verificado,,,,
5107065,MT,Querência,nao_verificado,,,,
5107156,MT,Reserva do Cabaçal,nao_verificado,,,,
5107180,MT,Ribeirão Cascalheira,nao_verificado,,,,
5107198,MT,Ribeirãozinho,nao_verificado,,,,
5107206,MT,Rio Branco,nao_verificado,,,,
5107578,MT,Rondolândia,nao_verificado,,,,
5107602,MT,Rondonópolis,nao_verificado,,,,
5107701,MT,Rosário Oeste,nao_verificado,,,,
5107750,MT,Salto do Céu,nao_verificado,,,,
5107248,MT,Santa Carmem,nao_verificado,,,,
5107743,MT,Santa Cruz do Xingu,nao_verificado,,,,
5107768,MT,Santa Rita do Trivelato,nao_verificado,,,,
5107776,MT,Santa Terezinha,nao_verificado,,,,
5107263,MT,Santo Afonso,nao_verificado,,,,
5107792,MT,Santo Antônio do Leste,nao_verificado,,,,
5107800,MT,Santo Antônio do Leverger,nao_verificado,,,,
5107875,MT,Sapezal,nao_verificado,,,,
5107883,MT,Serra Nova Dourada,nao_verificado,,,,
5107909,MT,Sinop,nao_verificado,,,,
5107925,MT,Sorriso,nao_verificado,,,,
5107859,MT,São Félix do Araguaia,nao_verificado,,,,
5107297,MT,São José do Povo,nao_verificado,,,,
5107305,MT,São José do Rio Claro,nao_verificado,,,,
5107354,MT,São José do Xingu,nao_verificado,,,,
5107107,MT,São José dos Quatro Marcos,nao_verificado,,,,
5107404,MT,São Pedro da Cipa,nao_verificado,,,,
5107941,MT,Tabaporã,nao_verificado,,,,
5107958,MT,Tangará da Serra,nao_verificado,,,,
5108006,MT,Tapurah,nao_verificado,,,,
5108055,MT,Terra Nova do Norte,nao_verificado,,,,
5108105,MT,Tesouro,nao_verificado,,,,
5108204,MT,Torixoréu,nao_verificado,,,,
5108303,MT,União do Sul,nao_verificado,,,,
5108352,MT,Vale de São Domingos,nao_verificado,,,,
5108501,MT,Vera,nao_verificado,,,,
5105507,MT,Vila Bela da Santíssima Trindade,nao_verificado,,,,
5108600,MT,Vila Rica,nao_verificado,,,,
5108402,MT,Várzea Grande,nao_verificado,,,,
5100201,MT,Água Boa,nao_verificado,,,,
1500107,PA,Abaetetuba,nao_verificado,,,,
1500131,PA,Abel Figueiredo,nao_verificado,,,,
1500206,PA,Acará,nao_verificado,,,,
1500305,PA,Afuá,nao_verificado,,,,
1500404,PA,Alenquer,nao_verificado,,,,
1500503,PA,Almeirim,nao_verificado,,,,
1500602,PA,Altamira,nao_verificado,,,,
1500701,PA,Anajás,nao_verificado,,,,
1500800,PA,Ananindeua,nao_verificado,,,,
1500859,PA,Anapu,nao_verificado,,,,
1500909,PA,Augusto Corrêa,nao_verificado,,,,
1500958,PA,Aurora do Pará,nao_verificado,,,,
1501006,PA,Aveiro,nao_verificado,,,,
1501105,PA,Bagre,nao_verificado,,,,
1501204,PA,Baião,nao_verificado,,,,
1501253,PA,Bannach,nao_verificado,,,,
1501303,PA,Barcarena,nao_verificado,,,,
1501451,PA,Belterra,nao_verificado,,,,
1501402,PA,Belém,nao_verificado,,plano_elaboracao,,
1501501,PA,Benevides,nao_verificado,,,,
1501576,PA,Bom Jesus do Tocantins,nao_verificado,,,,
1501600,PA,Bonito,nao_verificado,,,,
1501709,PA,Bragança,nao_verificado,,,,
1501725,PA,Brasil Novo,nao_verificado,,,,
1501758,PA,Brejo Grande do Araguaia,nao_verificado,,,,
1501782,PA,Breu Branco,nao_verificado,,,,
1501808,PA,Breves,nao_verificado,,,,
1501907,PA,Bujaru,nao_verificado,,,,
1502004,PA,Cachoeira do Arari,nao_verificado,,,,
1501956,PA,Cachoeira do Piriá,nao_verificado,,,,
1502103,PA,Cametá,nao_verificado,,,,
1502152,PA,Canaã dos Carajás,nao_verificado,,,,
1502202,PA,Capanema,nao_verificado,,,,
1502301,PA,Capitão Poço,nao_verificado,,,,
1502400,PA,Castanhal,nao_verificado,,,,
1502509,PA,Chaves,nao_verificado,,,,
1502608,PA,Colares,nao_verificado,,,,
1502707,PA,Conceição do Araguaia,nao_verificado,,,,
1502756,PA,Concórdia do Pará,nao_verificado,,,,
1502764,PA,Cumaru do Norte,nao_verificado,,,,
1502772,PA,Curionópolis,nao_verificado,,,,
1502806,PA,Curralinho,nao_verificado,,,,
1502855,PA,Curuá,nao_verificado,,,,
1502905,PA,Curuçá,nao_verificado,,,,
1502939,PA,Dom Eliseu,nao_verificado,,,,
1502954,PA,Eldorado do Carajás,nao_verificado,,,,
1503002,PA,Faro,nao_verificado,,,,
1503044,PA,Floresta do Araguaia,nao_verificado,,,,
1503077,PA,Garrafão do Norte,nao_verificado,,,,
1503093,PA,Goianésia do Pará,nao_verificado,,,,
1503101,PA,Gurupá,nao_verificado,,,,
1503200,PA,Igarapé-Açu,nao_verificado,,,,
1503309,PA,Igarapé-Miri,nao_verificado,,,,
1503408,PA,Inhangapi,nao_verificado,,,,
1503457,PA,Ipixuna do Pará,nao_verificado,,,,
1503507,PA,Irituia,nao_verificado,,,,
1503606,PA,Itaituba,nao_verificado,,,,
1503705,PA,Itupiranga,nao_verificado,,,,
1503754,PA,Jacareacanga,nao_verificado,,,,
1503804,PA,Jacundá,nao_verificado,,,,
1503903,PA,Juruti,nao_verificado,,,,
1504000,PA,Limoeiro do Ajuru,nao_verificado,,,,
1504109,PA,Magalhães Barata,nao_verificado,,,,
1504208,PA,Marabá,nao_verificado,,,,
1504307,PA,Maracanã,nao_verificado,,,,
1504406,PA,Marapanim,nao_verificado,,,,
1504422,PA,Marituba,nao_verificado,,,,
1504455,PA,Medicilândia,nao_verificado,,,,
1504505,PA,Melgaço,nao_verificado,,,,
1504604,PA,Mocajuba,nao_verificado,,decreto,,
1504703,PA,Moju,nao_verificado,,,,
1504752,PA,Mojuí dos Campos,nao_verificado,,,,
1504802,PA,Monte Alegre,nao_verificado,,decreto,,
1504901,PA,Muaná,nao_verificado,,,,
1504059,PA,Mãe do Rio,nao_verificado,,,,
1504950,PA,Nova Esperança do Piriá,nao_verificado,,,,
1504976,PA,Nova Ipixuna,nao_verificado,,,,
1505007,PA,Nova Timboteua,nao_verificado,,,,
1505031,PA,Novo Progresso,nao_verificado,,,,
1505064,PA,Novo Repartimento,nao_verificado,,,,
1505205,PA,Oeiras do Pará,nao_verificado,,,,
1505304,PA,Oriximiná,nao_verificado,,,,
1505437,PA,Ourilândia do Norte,nao_verificado,,,,
1505403,PA,Ourém,nao_verificado,,,,
1505486,PA,Pacajá,nao_verificado,,,,
1505494,PA,Palestina do Pará,nao_verificado,,,,
1505502,PA,Paragominas,nao_verificado,,,,
1505536,PA,Parauapebas,nao_verificado,,,,
1505551,PA,Pau d'Arco,nao_verificado,,,,
1505601,PA,Peixe-Boi,nao_verificado,,,,
1505635,PA,Piçarra,nao_verificado,,,,
1505650,PA,Placas,nao_verificado,,,,
1505700,PA,Ponta de Pedras,nao_verificado,,,,
1505809,PA,Portel,nao_verificado,,,,
1505908,PA,Porto de Moz,nao_verificado,,,,
1506005,PA,Prainha,nao_verificado,,,,
1506104,PA,Primavera,nao_verificado,,,,
1506112,PA,Quatipuru,nao_verificado,,,,
1506138,PA,Redenção,nao_verificado,,,,
1506161,PA,Rio Maria,nao_verificado,,decreto,,
1506187,PA,Rondon do Pará,nao_verificado,,,,
1506195,PA,Rurópolis,nao_verificado,,,,
1506203,PA,Salinópolis,nao_verificado,,decreto,,
1506302,PA,Salvaterra,nao_verificado,,,,
1506351,PA,Santa Bárbara do Pará,nao_verificado,,,,
1506401,PA,Santa Cruz do Arari,nao_verificado,,,,
1506500,PA,Santa Izabel do Pará,nao_verificado,,,,
1506559,PA,Santa Luzia do Pará,nao_verificado,,,,
1506583,PA,Santa Maria das Barreiras,nao_verificado,,decreto,,
1506609,PA,Santa Maria do Pará,nao_verificado,,,,
1506708,PA,Santana do Araguaia,nao_verificado,,,,
1506807,PA,Santarém,nao_verificado,,,,
1506906,PA,Santarém Novo,nao_verificado,,,,
1507003,PA,Santo Antônio do Tauá,nao_verificado,,,,
1507755,PA,Sapucaia,nao_verificado,,,,
1507805,PA,Senador José Porfírio,nao_verificado,,,,
1507904,PA,Soure,nao_verificado,,,,
1507102,PA,São Caetano de Odivelas,nao_verificado,,,,
1507151,PA,São Domingos do Araguaia,nao_verificado,,,,
1507201,PA,São Domingos do Capim,nao_verificado,,,,
1507409,PA,São Francisco do Pará,nao_verificado,,,,
1507300,PA,São Félix do Xingu,nao_verificado,,,,
1507458,PA,São Geraldo do Araguaia,nao_verificado,,,,
1507466,PA,São João da Ponta,nao_verificado,,,,
1507474,PA,São João de Pirabas,nao_verificado,,,,
1507508,PA,São João do Araguaia,nao_verificado,,,,
1507607,PA,São Miguel do Guamá,nao_verificado,,,,
1507706,PA,São Sebastião da Boa Vista,nao_verificado,,,,
1507953,PA,Tailândia,nao_verificado,,,,
1507961,PA,Terra Alta,nao_verificado,,,,
1507979,PA,Terra Santa,nao_verificado,,,,
1508001,PA,Tomé-Açu,nao_verificado,,,,
1508035,PA,Tracuateua,nao_verificado,,,,
1508050,PA,Trairão,nao_verificado,,,,
1508084,PA,Tucumã,nao_verificado,,,,
1508100,PA,Tucuruí,nao_verificado,,,,
1508126,PA,Ulianópolis,nao_verificado,,,,
1508159,PA,Uruará,nao_verificado,,,,
1508209,PA,Vigia,nao_verificado,,,,
1508308,PA,Viseu,nao_verificado,,,,
1508357,PA,Vitória do Xingu,nao_verificado,,,,
1508407,PA,Xinguara,nao_verificado,,,,
1500347,PA,Água Azul do Norte,nao_verificado,,,,
1505106,PA,Óbidos,nao_verificado,,decreto,,
2500205,PB,Aguiar,nao_verificado,,,,
2500304,PB,Alagoa Grande,nao_verificado,,,,
2500403,PB,Alagoa Nova,nao_verificado,,,,
2500502,PB,Alagoinha,nao_verificado,,,,
2500536,PB,Alcantil,nao_verificado,,,,
2500577,PB,Algodão de Jandaíra,nao_verificado,,,,
2500601,PB,Alhandra,nao_verificado,,,,
2500734,PB,Amparo,nao_verificado,,,,
2500775,PB,Aparecida,nao_verificado,,,,
2500908,PB,Arara,nao_verificado,,,,
2501005,PB,Araruna,nao_verificado,,,,
2500809,PB,Araçagi,nao_verificado,,,,
2501104,PB,Areia,nao_verificado,,,,
2501153,PB,Areia de Baraúnas,nao_verificado,,,,
2501203,PB,Areial,nao_verificado,,,,
2501302,PB,Aroeiras,nao_verificado,,,,
2501351,PB,Assunção,nao_verificado,,,,
2501500,PB,Bananeiras,nao_verificado,,,,
2501534,PB,Baraúna,nao_verificado,,,,
2501609,PB,Barra de Santa Rosa,nao_verificado,,,,
2501575,PB,Barra de Santana,nao_verificado,,,,
2501708,PB,Barra de São Miguel,nao_verificado,,,,
2501807,PB,Bayeux,nao_verificado,,,,
2501401,PB,Baía da Traição,nao_verificado,,,,
2501906,PB,Belém,nao_verificado,,,,
2502003,PB,Belém do Brejo do Cruz,nao_verificado,,,,
2502052,PB,Bernardino Batista,nao_verificado,,,,
2502102,PB,Boa Ventura,nao_verificado,,decreto,,
2502151,PB,Boa Vista,nao_verificado,,,,
2502201,PB,Bom Jesus,nao_verificado,,,,
2502300,PB,Bom Sucesso,nao_verificado,,,,
2502409,PB,Bonito de Santa Fé,nao_verificado,,,,
2502508,PB,Boqueirão,nao_verificado,,,,
2502706,PB,Borborema,nao_verificado,,,,
2502805,PB,Brejo do Cruz,nao_verificado,,,,
2502904,PB,Brejo dos Santos,nao_verificado,,,,
2503001,PB,Caaporã,nao_verificado,,decreto,,
2503100,PB,Cabaceiras,nao_verificado,,,,
2503209,PB,Cabedelo,nao_verificado,,,,
2503308,PB,Cachoeira dos Índios,nao_verificado,,,,
2503407,PB,Cacimba de Areia,nao_verificado,,,,
2503506,PB,Cacimba de Dentro,nao_verificado,,,,
2503555,PB,Cacimbas,nao_verificado,,,,
2503605,PB,Caiçara,nao_verificado,,,,
2503704,PB,Cajazeiras,nao_verificado,,,,
2503753,PB,Cajazeirinhas,nao_verificado,,,,
2503803,PB,Caldas Brandão,nao_verificado,,,,
2503902,PB,Camalaú,nao_verificado,,,,
2504009,PB,Campina Grande,nao_verificado,,plano_elaboracao,,
2504033,PB,Capim,nao_verificado,,,,
2504074,PB,Caraúbas,nao_verificado,,,,
2504108,PB,Carrapateira,nao_verificado,,,,
2504157,PB,Casserengue,nao_verificado,,,,
2504207,PB,Catingueira,nao_verificado,,,,
2504306,PB,Catolé do Rocha,nao_verificado,,decreto,,
2504355,PB,Caturité,nao_verificado,,,,
2504405,PB,Conceição,nao_verificado,,,,
2504504,PB,Condado,nao_verificado,,,,
2504603,PB,Conde,nao_verificado,,,,
2504702,PB,Congo,nao_verificado,,decreto,,
2504801,PB,Coremas,nao_verificado,,,,
2504850,PB,Coxixola,nao_verificado,,,,
2504900,PB,Cruz do Espírito Santo,nao_verificado,,,,
2505006,PB,Cubati,nao_verificado,,,,
2505204,PB,Cuitegi,nao_verificado,,,,
2505105,PB,Cuité,nao_verificado,,,,
2505238,PB,Cuité de Mamanguape,nao_verificado,,,,
2505303,PB,Curral Velho,nao_verificado,,,,
2505279,PB,Curral de Cima,nao_verificado,,,,
2505352,PB,Damião,nao_verificado,,,,
2505402,PB,Desterro,nao_verificado,,,,
2505600,PB,Diamante,nao_verificado,,,,
2505709,PB,Dona Inês,nao_verificado,,,,
2505808,PB,Duas Estradas,nao_verificado,,,,
2505907,PB,Emas,nao_verificado,,,,
2506004,PB,Esperança,nao_verificado,,,,
2506103,PB,Fagundes,nao_verificado,,,,
2506202,PB,Frei Martinho,nao_verificado,,,,
2506251,PB,Gado Bravo,nao_verificado,,,,
2506301,PB,Guarabira,nao_verificado,,,,
2506400,PB,Gurinhém,nao_verificado,,,,
2506509,PB,Gurjão,nao_verificado,,,,
2506608,PB,Ibiara,nao_verificado,,,,
2502607,PB,Igaracy,nao_verificado,,,,
2506707,PB,Imaculada,nao_verificado,,decreto,,
2506806,PB,Ingá,nao_verificado,,,,
2506905,PB,Itabaiana,nao_verificado,,,,
2507002,PB,Itaporanga,nao_verificado,,,,
2507101,PB,Itapororoca,nao_verificado,,,,
2507200,PB,Itatuba,nao_verificado,,,,
2507309,PB,Jacaraú,nao_verificado,,,,
2507408,PB,Jericó,nao_verificado,,,,
2513653,PB,Joca Claudino,nao_verificado,,,,
2507507,PB,João Pessoa,nao_verificado,,plano,,
2507606,PB,Juarez Távora,nao_verificado,,,,
2507705,PB,Juazeirinho,nao_verificado,,,,
2507804,PB,Junco do Seridó,nao_verificado,,,,
2507903,PB,Juripiranga,nao_verificado,,,,
2508000,PB,Juru,nao_verificado,,,,
2508109,PB,Lagoa,nao_verificado,,,,
2508307,PB,Lagoa Seca,nao_verificado,,,,
2508208,PB,Lagoa de Dentro,nao_verificado,,,,
2508406,PB,Lastro,nao_verificado,,decreto,,
2508505,PB,Livramento,nao_verificado,,,,
2508554,PB,Logradouro,nao_verificado,,,,
2508604,PB,Lucena,nao_verificado,,,,
2508802,PB,Malta,nao_verificado,,,,
2508901,PB,Mamanguape,nao_verificado,,,,
2509008,PB,Manaíra,nao_verificado,,,,
2509057,PB,Marcação,nao_verificado,,,,
2509107,PB,Mari,nao_verificado,,,,
2509156,PB,Marizópolis,nao_verificado,,,,
2509206,PB,Massaranduba,nao_verificado,,,,
2509305,PB,Mataraca,nao_verificado,,,,
2509339,PB,Matinhas,nao_verificado,,,,
2509370,PB,Mato Grosso,nao_verificado,,,,
2509396,PB,Maturéia,nao_verificado,,,,
2509404,PB,Mogeiro,nao_verificado,,decreto,,
2509503,PB,Montadas,nao_verificado,,,,
2509602,PB,Monte Horebe,nao_verificado,,,,
2509701,PB,Monteiro,nao_verificado,,,,
2509800,PB,Mulungu,nao_verificado,,,,
2508703,PB,Mãe d'Água,nao_verificado,,,,
2509909,PB,Natuba,nao_verificado,,,,
2510006,PB,Nazarezinho,nao_verificado,,,,
2510105,PB,Nova Floresta,nao_verificado,,,,
2510204,PB,Nova Olinda,nao_verificado,,decreto,,
2510303,PB,Nova Palmeira,nao_verificado,,,,
2510402,PB,Olho d'Água,nao_verificado,,,,
2510501,PB,Olivedos,nao_verificado,,,,
2510600,PB,Ouro Velho,nao_verificado,,,,
2510659,PB,Parari,nao_verificado,,decreto,,
2510709,PB,Passagem,nao_verificado,,,,
2510808,PB,Patos,nao_verificado,,,,
2510907,PB,Paulista,nao_verificado,,,,
2511004,PB,Pedra Branca,nao_verificado,,,,
2511103,PB,Pedra Lavrada,nao_verificado,,,,
2511202,PB,Pedras de Fogo,nao_verificado,,,,
2512721,PB,Pedro Régis,nao_verificado,,,,
2511301,PB,Piancó,nao_verificado,,,,
2511400,PB,Picuí,nao_verificado,,,,
2511509,PB,Pilar,nao_verificado,,,,
2511608,PB,Pilões,nao_verificado,,,,
2511707,PB,Pilõezinhos,nao_verificado,,,,
2511806,PB,Pirpirituba,nao_verificado,,,,
2511905,PB,Pitimbu,nao_verificado,,,,
2512002,PB,Pocinhos,nao_verificado,,,,
2512101,PB,Pombal,nao_verificado,,,,
2512036,PB,Poço Dantas,nao_verificado,,,,
2512077,PB,Poço de José de Moura,nao_verificado,,,,
2512200,PB,Prata,nao_verificado,,,,
2512309,PB,Princesa Isabel,nao_verificado,,,,
2512408,PB,Puxinanã,nao_verificado,,,,
2512507,PB,Queimadas,nao_verificado,,,,
2512606,PB,Quixabá,nao_verificado,,,,
2512705,PB,Remígio,nao_verificado,,,,
2512788,PB,Riacho de Santo Antônio,nao_verificado,,,,
2512804,PB,Riacho dos Cavalos,nao_verificado,,,,
2512747,PB,Riachão,nao_verificado,,,,
2512754,PB,Riachão do Bacamarte,nao_verificado,,,,
2512762,PB,Riachão do Poço,nao_verificado,,,,
2512903,PB,Rio Tinto,nao_verificado,,,,
2513000,PB,Salgadinho,nao_verificado,,,,
2513109,PB,Salgado de São Félix,nao_verificado,,,,
2513158,PB,Santa Cecília,nao_verificado,,,,
2513208,PB,Santa Cruz,nao_verificado,,,,
2513307,PB,Santa Helena,nao_verificado,,,,
2513356,PB,Santa Inês,nao_verificado,,,,
2513406,PB,Santa Luzia,nao_verificado,,,,
2513703,PB,Santa Rita,nao_verificado,,decreto,,
2513802,PB,Santa Teresinha,nao_verificado,,,,
2513505,PB,Santana de Mangueira,nao_verificado,,,,
2513604,PB,Santana dos Garrotes,nao_verificado,,,,
2513851,PB,Santo André,nao_verificado,,decreto,,
2515302,PB,Sapé,nao_verificado,,,,
2515500,PB,Serra Branca,nao_verificado,,,,
2515708,PB,Serra Grande,nao_verificado,,,,
2515807,PB,Serra Redonda,nao_verificado,,,,
2515609,PB,Serra da Raiz,nao_verificado,,,,
2515906,PB,Serraria,nao_verificado,,,,
2515930,PB,Sertãozinho,nao_verificado,,,,
2515971,PB,Sobrado,nao_verificado,,,,
2516102,PB,Soledade,nao_verificado,,,,
2516003,PB,Solânea,nao_verificado,,,,
2516151,PB,Sossêgo,nao_verificado,,,,
2516201,PB,Sousa,nao_verificado,,decreto,,
2516300,PB,Sumé,nao_verificado,,,,
2513927,PB,São Bentinho,nao_verificado,,,,
2513901,PB,São Bento,nao_verificado,,,,
2513968,PB,São Domingos,nao_verificado,,,,
2513943,PB,São Domingos do Cariri,nao_verificado,,,,
2513984,PB,São Francisco,nao_verificado,,decreto,,
2514206,PB,São José da Lagoa Tapada,nao_verificado,,,,
2514305,PB,São José de Caiana,nao_verificado,,,,
2514404,PB,São José de Espinharas,nao_verificado,,,,
2514503,PB,São José de Piranhas,nao_verificado,,,,
2514552,PB,São José de Princesa,nao_verificado,,,,
2514602,PB,São José do Bonfim,nao_verificado,,,,
2514651,PB,São José do Brejo do Cruz,nao_verificado,,,,
2514701,PB,São José do Sabugi,nao_verificado,,decreto,,
2514800,PB,São José dos Cordeiros,nao_verificado,,,,
2514453,PB,São José dos Ramos,nao_verificado,,,,
2514008,PB,São João do Cariri,nao_verificado,,,,
2500700,PB,São João do Rio do Peixe,nao_verificado,,,,
2514107,PB,São João do Tigre,nao_verificado,,,,
2514909,PB,São Mamede,nao_verificado,,decreto,,
2515005,PB,São Miguel de Taipu,nao_verificado,,,,
2515104,PB,São Sebastião de Lagoa de Roça,nao_verificado,,,,
2515203,PB,São Sebastião do Umbuzeiro,nao_verificado,,,,
2515401,PB,São Vicente do Seridó,nao_verificado,,,,
2516409,PB,Tacima,nao_verificado,,,,
2516508,PB,Taperoá,nao_verificado,,,,
2516607,PB,Tavares,nao_verificado,,,,
2516706,PB,Teixeira,nao_verificado,,,,
2516755,PB,Tenório,nao_verificado,,,,
2516805,PB,Triunfo,nao_verificado,,,,
2516904,PB,Uiraúna,nao_verificado,,,,
2517001,PB,Umbuzeiro,nao_verificado,,decreto,,
2517209,PB,Vieirópolis,nao_verificado,,,,
2505501,PB,Vista Serrana,nao_verificado,,,,
2517100,PB,Várzea,nao_verificado,,,,
2517407,PB,Zabelê,nao_verificado,,,,
2500106,PB,Água Branca,nao_verificado,,,,
2600054,PE,Abreu e Lima,nao_verificado,,,,
2600104,PE,Afogados da Ingazeira,nao_verificado,,,,
2600203,PE,Afrânio,nao_verificado,,,,
2600302,PE,Agrestina,nao_verificado,,,,
2600609,PE,Alagoinha,nao_verificado,,,,
2600708,PE,Aliança,nao_verificado,,,,
2600807,PE,Altinho,nao_verificado,,,,
2600906,PE,Amaraji,nao_verificado,,,,
2601003,PE,Angelim,nao_verificado,,,,
2601102,PE,Araripina,nao_verificado,,,,
2601052,PE,Araçoiaba,nao_verificado,,,,
2601201,PE,Arcoverde,nao_verificado,,,,
2601300,PE,Barra de Guabiraba,nao_verificado,,,,
2601409,PE,Barreiros,nao_verificado,,,,
2601706,PE,Belo Jardim,nao_verificado,,,,
2601508,PE,Belém de Maria,nao_verificado,,,,
2601607,PE,Belém do São Francisco,nao_verificado,,,,
2601805,PE,Betânia,nao_verificado,,,,
2601904,PE,Bezerros,nao_verificado,,,,
2602001,PE,Bodocó,nao_verificado,,,,
2602100,PE,Bom Conselho,nao_verificado,,,,
2602209,PE,Bom Jardim,nao_verificado,,,,
2602308,PE,Bonito,nao_verificado,,,,
2602506,PE,Brejinho,nao_verificado,,,,
2602605,PE,Brejo da Madre de Deus,nao_verificado,,,,
2602407,PE,Brejão,nao_verificado,,,,
2602704,PE,Buenos Aires,nao_verificado,,,,
2602803,PE,Buíque,nao_verificado,,,,
2602902,PE,Cabo de Santo Agostinho,nao_verificado,,,,
2603009,PE,Cabrobó,nao_verificado,,,,
2603108,PE,Cachoeirinha,nao_verificado,,,,
2603207,PE,Caetés,nao_verificado,,,,
2603405,PE,Calumbi,nao_verificado,,,,
2603306,PE,Calçado,nao_verificado,,,,
2603454,PE,Camaragibe,nao_verificado,,,,
2603504,PE,Camocim de São Félix,nao_verificado,,,,
2603603,PE,Camutanga,nao_verificado,,,,
2603702,PE,Canhotinho,nao_verificado,,,,
2603801,PE,Capoeiras,nao_verificado,,,,
2603926,PE,Carnaubeira da Penha,nao_verificado,,,,
2603900,PE,Carnaíba,nao_verificado,,,,
2604007,PE,Carpina,nao_verificado,,,,
2604106,PE,Caruaru,nao_verificado,,,,
2604155,PE,Casinhas,nao_verificado,,,,
2604205,PE,Catende,nao_verificado,,,,
2604304,PE,Cedro,nao_verificado,,,,
2604502,PE,Chã Grande,nao_verificado,,,,
2604403,PE,Chã de Alegria,nao_verificado,,,,
2604601,PE,Condado,nao_verificado,,,,
2604700,PE,Correntes,nao_verificado,,,,
2604809,PE,Cortês,nao_verificado,,,,
2604908,PE,Cumaru,nao_verificado,,,,
2605004,PE,Cupira,nao_verificado,,,,
2605103,PE,Custódia,nao_verificado,,,,
2605152,PE,Dormentes,nao_verificado,,,,
2605202,PE,Escada,nao_verificado,,,,
2605301,PE,Exu,nao_verificado,,,,
2605400,PE,Feira Nova,nao_verificado,,,,
2605459,PE,Fernando de Noronha,nao_verificado,,,,
2605509,PE,Ferreiros,nao_verificado,,,,
2605608,PE,Flores,nao_verificado,,,,
2605707,PE,Floresta,nao_verificado,,,,
2605806,PE,Frei Miguelinho,nao_verificado,,,,
2605905,PE,Gameleira,nao_verificado,,,,
2606002,PE,Garanhuns,nao_verificado,,,,
2606101,PE,Glória do Goitá,nao_verificado,,,,
2606200,PE,Goiana,nao_verificado,,,,
2606309,PE,Granito,nao_verificado,,,,
2606408,PE,Gravatá,nao_verificado,,,,
2606507,PE,Iati,nao_verificado,,,,
2606606,PE,Ibimirim,nao_verificado,,,,
2606705,PE,Ibirajuba,nao_verificado,,,,
2606804,PE,Igarassu,nao_verificado,,,,
2606903,PE,Iguaracy,nao_verificado,,,,
2607604,PE,Ilha de Itamaracá,nao_verificado,,,,
2607000,PE,Inajá,nao_verificado,,,,
2607109,PE,Ingazeira,nao_verificado,,,,
2607208,PE,Ipojuca,nao_verificado,,,,
2607307,PE,Ipubi,nao_verificado,,,,
2607406,PE,Itacuruba,nao_verificado,,,,
2607653,PE,Itambé,nao_verificado,,,,
2607703,PE,Itapetim,nao_verificado,,,,
2607752,PE,Itapissuma,nao_verificado,,,,
2607802,PE,Itaquitinga,nao_verificado,,,,
2607505,PE,Itaíba,nao_verificado,,,,
2607901,PE,Jaboatão dos Guararapes,nao_verificado,,,,
2607950,PE,Jaqueira,nao_verificado,,,,
2608008,PE,Jataúba,nao_verificado,,,,
2608057,PE,Jatobá,nao_verificado,,,,
2608206,PE,Joaquim Nabuco,nao_verificado,,,,
2608107,PE,João Alfredo,nao_verificado,,,,
2608255,PE,Jucati,nao_verificado,,,,
2608305,PE,Jupi,nao_verificado,,,,
2608404,PE,Jurema,nao_verificado,,,,
2608750,PE,Lagoa Grande,nao_verificado,,,,
2608503,PE,Lagoa de Itaenga,nao_verificado,,,,
2608453,PE,Lagoa do Carro,nao_verificado,,,,
2608602,PE,Lagoa do Ouro,nao_verificado,,,,
2608701,PE,Lagoa dos Gatos,nao_verificado,,,,
2608800,PE,Lajedo,nao_verificado,,,,
2608909,PE,Limoeiro,nao_verificado,,,,
2609006,PE,Macaparana,nao_verificado,,,,
2609105,PE,Machados,nao_verificado,,,,
2609154,PE,Manari,nao_verificado,,,,
2609204,PE,Maraial,nao_verificado,,,,
2609303,PE,Mirandiba,nao_verificado,,,,
2614303,PE,Moreilândia,nao_verificado,,,,
2609402,PE,Moreno,nao_verificado,,,,
2609501,PE,Nazaré da Mata,nao_verificado,,,,
2609600,PE,Olinda,nao_verificado,,,,
2609709,PE,Orobó,nao_verificado,,,,
2609808,PE,Orocó,nao_verificado,,,,
2609907,PE,Ouricuri,nao_verificado,,,,
2610004,PE,Palmares,nao_verificado,,,,
2610103,PE,Palmeirina,nao_verificado,,,,
2610202,PE,Panelas,nao_verificado,,,,
2610301,PE,Paranatama,nao_verificado,,,,
2610400,PE,Parnamirim,nao_verificado,,,,
2610509,PE,Passira,nao_verificado,,,,
2610608,PE,Paudalho,nao_verificado,,,,
2610707,PE,Paulista,nao_verificado,,,,
2610806,PE,Pedra,nao_verificado,,,,
2610905,PE,Pesqueira,nao_verificado,,,,
2611101,PE,Petrolina,nao_verificado,,,,
2611002,PE,Petrolândia,nao_verificado,,,,
2611309,PE,Pombos,nao_verificado,,,,
2611200,PE,Poção,nao_verificado,,,,
2611408,PE,Primavera,nao_verificado,,,,
2611507,PE,Quipapá,nao_verificado,,,,
2611533,PE,Quixaba,nao_verificado,,,,
2611606,PE,Recife,nao_verificado,,plano,,
2611705,PE,Riacho das Almas,nao_verificado,,,,
2611804,PE,Ribeirão,nao_verificado,,,,
2611903,PE,Rio Formoso,nao_verificado,,,,
2612000,PE,Sairé,nao_verificado,,,,
2612109,PE,Salgadinho,nao_verificado,,,,
2612208,PE,Salgueiro,nao_verificado,,,,
2612307,PE,Saloá,nao_verificado,,,,
2612406,PE,Sanharó,nao_verificado,,,,
2612455,PE,Santa Cruz,nao_verificado,,,,
2612471,PE,Santa Cruz da Baixa Verde,nao_verificado,,,,
2612505,PE,Santa Cruz do Capibaribe,nao_verificado,,,,
2612554,PE,Santa Filomena,nao_verificado,,,,
2612604,PE,Santa Maria da Boa Vista,nao_verificado,,,,
2612703,PE,Santa Maria do Cambucá,nao_verificado,,,,
2612802,PE,Santa Terezinha,nao_verificado,,,,
2613909,PE,Serra Talhada,nao_verificado,,,,
2614006,PE,Serrita,nao_verificado,,,,
2614105,PE,Sertânia,nao_verificado,,,,
2614204,PE,Sirinhaém,nao_verificado,,,,
2614402,PE,Solidão,nao_verificado,,,,
2614501,PE,Surubim,nao_verificado,,,,
2612901,PE,São Benedito do Sul,nao_verificado,,,,
2613008,PE,São Bento do Una,nao_verificado,,,,
2613107,PE,São Caetano,nao_verificado,,,,
2613305,PE,São Joaquim do Monte,nao_verificado,,,,
2613404,PE,São José da Coroa Grande,nao_verificado,,,,
2613503,PE,São José do Belmonte,nao_verificado,,,,
2613602,PE,São José do Egito,nao_verificado,,,,
2613206,PE,São João,nao_verificado,,,,
2613701,PE,São Lourenço da Mata,nao_verificado,,,,
2613800,PE,São Vicente Ferrer,nao_verificado,,,,
2614600,PE,Tabira,nao_verificado,,,,
2614709,PE,Tacaimbó,nao_verificado,,,,
2614808,PE,Tacaratu,nao_verificado,,,,
2614857,PE,Tamandaré,nao_verificado,,,,
2615003,PE,Taquaritinga do Norte,nao_verificado,,,,
2615102,PE,Terezinha,nao_verificado,,,,
2615201,PE,Terra Nova,nao_verificado,,,,
2615300,PE,Timbaúba,nao_verificado,,,,
2615409,PE,Toritama,nao_verificado,,,,
2615508,PE,Tracunhaém,nao_verificado,,,,
2615607,PE,Trindade,nao_verificado,,,,
2615706,PE,Triunfo,nao_verificado,,,,
2615805,PE,Tupanatinga,nao_verificado,,,,
2615904,PE,Tuparetama,nao_verificado,,,,
2616001,PE,Venturosa,nao_verificado,,,,
2616100,PE,Verdejante,nao_verificado,,,,
2616183,PE,Vertente do Lério,nao_verificado,,,,
2616209,PE,Vertentes,nao_verificado,,,,
2616308,PE,Vicência,nao_verificado,,,,
2616407,PE,Vitória de Santo Antão,nao_verificado,,,,
2616506,PE,Xexéu,nao_verificado,,,,
2600401,PE,Água Preta,nao_verificado,,,,
2600500,PE,Águas Belas,nao_verificado,,,,
2200053,PI,Acauã,nao_verificado,,,,
2200103,PI,Agricolândia,nao_verificado,,,,
2200251,PI,Alagoinha do Piauí,nao_verificado,,,,
2200277,PI,Alegrete do Piauí,nao_verificado,,,,
2200301,PI,Alto Longá,nao_verificado,,,,
2200400,PI,Altos,nao_verificado,,,,
2200459,PI,Alvorada do Gurguéia,nao_verificado,,,,
2200509,PI,Amarante,nao_verificado,,,,
2200608,PI,Angical do Piauí,nao_verificado,,,,
2200806,PI,Antônio Almeida,nao_verificado,,,,
2200707,PI,Anísio de Abreu,nao_verificado,,,,
2200905,PI,Aroazes,nao_verificado,,,,
2200954,PI,Aroeiras do Itaim,nao_verificado,,,,
2201002,PI,Arraial,nao_verificado,,,,
2201051,PI,Assunção do Piauí,nao_verificado,,,,
2201101,PI,Avelino Lopes,nao_verificado,,,,
2201150,PI,Baixa Grande do Ribeiro,nao_verificado,,,,
2201176,PI,Barra D'Alcântara,nao_verificado,,,,
2201200,PI,Barras,nao_verificado,,,,
2201309,PI,Barreiras do Piauí,nao_verificado,,,,
2201408,PI,Barro Duro,nao_verificado,,,,
2201507,PI,Batalha,nao_verificado,,,,
2201556,PI,Bela Vista do Piauí,nao_verificado,,,,
2201572,PI,Belém do Piauí,nao_verificado,,,,
2201606,PI,Beneditinos,nao_verificado,,,,
2201705,PI,Bertolínia,nao_verificado,,,,
2201739,PI,Betânia do Piauí,nao_verificado,,,,
2201770,PI,Boa Hora,nao_verificado,,,,
2201804,PI,Bocaina,nao_verificado,,,,
2201903,PI,Bom Jesus,nao_verificado,,,,
2201919,PI,Bom Princípio do Piauí,nao_verificado,,,,
2201929,PI,Bonfim do Piauí,nao_verificado,,,,
2201945,PI,Boqueirão do Piauí,nao_verificado,,,,
2201960,PI,Brasileira,nao_verificado,,,,
2201988,PI,Brejo do Piauí,nao_verificado,,,,
2202000,PI,Buriti dos Lopes,nao_verificado,,,,
2202026,PI,Buriti dos Montes,nao_verificado,,,,
2202059,PI,Cabeceiras do Piauí,nao_verificado,,,,
2202075,PI,Cajazeiras do Piauí,nao_verificado,,,,
2202083,PI,Cajueiro da Praia,nao_verificado,,,,
2202091,PI,Caldeirão Grande do Piauí,nao_verificado,,,,
2202109,PI,Campinas do Piauí,nao_verificado,,,,
2202117,PI,Campo Alegre do Fidalgo,nao_verificado,,,,
2202133,PI,Campo Grande do Piauí,nao_verificado,,,,
2202174,PI,Campo Largo do Piauí,nao_verificado,,,,
2202208,PI,Campo Maior,nao_verificado,,,,
2202251,PI,Canavieira,nao_verificado,,,,
2202307,PI,Canto do Buriti,nao_verificado,,,,
2202455,PI,Capitão Gervásio Oliveira,nao_verificado,,,,
2202406,PI,Capitão de Campos,nao_verificado,,,,
2202505,PI,Caracol,nao_verificado,,,,
2202539,PI,Caraúbas do Piauí,nao_verificado,,,,
2202554,PI,Caridade do Piauí,nao_verificado,,,,
2202604,PI,Castelo do Piauí,nao_verificado,,,,
2202653,PI,Caxingó,nao_verificado,,,,
2202703,PI,Cocal,nao_verificado,,,,
2202711,PI,Cocal de Telha,nao_verificado,,,,
2202729,PI,Cocal dos Alves,nao_verificado,,,,
2202737,PI,Coivaras,nao_verificado,,,,
2202752,PI,Colônia do Gurguéia,nao_verificado,,,,
2202778,PI,Colônia do Piauí,nao_verificado,,,,
2202802,PI,Conceição do Canindé,nao_verificado,,,,
2202851,PI,Coronel José Dias,nao_verificado,,,,
2202901,PI,Corrente,nao_verificado,,,,
2203008,PI,Cristalândia do Piauí,nao_verificado,,,,
2203107,PI,Cristino Castro,nao_verificado,,,,
2203206,PI,Curimatá,nao_verificado,,,,
2203230,PI,Currais,nao_verificado,,,,
2203271,PI,Curral Novo do Piauí,nao_verificado,,,,
2203255,PI,Curralinhos,nao_verificado,,,,
2203305,PI,Demerval Lobão,nao_verificado,,,,
2203354,PI,Dirceu Arcoverde,nao_verificado,,,,
2203404,PI,Dom Expedito Lopes,nao_verificado,,,,
2203453,PI,Dom Inocêncio,nao_verificado,,,,
2203420,PI,Domingos Mourão,nao_verificado,,,,
2203503,PI,Elesbão Veloso,nao_verificado,,,,
2203602,PI,Eliseu Martins,nao_verificado,,,,
2203701,PI,Esperantina,nao_verificado,,,,
2203750,PI,Fartura do Piauí,nao_verificado,,,,
2203800,PI,Flores do Piauí,nao_verificado,,,,
2203859,PI,Floresta do Piauí,nao_verificado,,,,
2203909,PI,Floriano,nao_verificado,,,,
2204006,PI,Francinópolis,nao_verificado,,,,
2204105,PI,Francisco Ayres,nao_verificado,,,,
2204154,PI,Francisco Macedo,nao_verificado,,,,
2204204,PI,Francisco Santos,nao_verificado,,,,
2204303,PI,Fronteiras,nao_verificado,,,,
2204352,PI,Geminiano,nao_verificado,,,,
2204402,PI,Gilbués,nao_verificado,,,,
2204501,PI,Guadalupe,nao_verificado,,,,
2204550,PI,Guaribas,nao_verificado,,,,
2204600,PI,Hugo Napoleão,nao_verificado,,,,
2204659,PI,Ilha Grande,nao_verificado,,,,
2204709,PI,Inhuma,nao_verificado,,,,
2204808,PI,Ipiranga do Piauí,nao_verificado,,,,
2204907,PI,Isaías Coelho,nao_verificado,,,,
2205003,PI,Itainópolis,nao_verificado,,,,
2205102,PI,Itaueira,nao_verificado,,,,
2205151,PI,Jacobina do Piauí,nao_verificado,,,,
2205201,PI,Jaicós,nao_verificado,,,,
2205250,PI,Jardim do Mulato,nao_verificado,,,,
2205276,PI,Jatobá do Piauí,nao_verificado,,,,
2205300,PI,Jerumenha,nao_verificado,,,,
2205409,PI,Joaquim Pires,nao_verificado,,,,
2205458,PI,Joca Marques,nao_verificado,,,,
2205508,PI,José de Freitas,nao_verificado,,,,
2205359,PI,João Costa,nao_verificado,,,,
2205516,PI,Juazeiro do Piauí,nao_verificado,,,,
2205532,PI,Jurema,nao_verificado,,,,
2205524,PI,Júlio Borges,nao_verificado,,,,
2205557,PI,Lagoa Alegre,nao_verificado,,,,
2205573,PI,Lagoa de São Francisco,nao_verificado,,,,
2205565,PI,Lagoa do Barro do Piauí,nao_verificado,,,,
2205581,PI,Lagoa do Piauí,nao_verificado,,,,
2205599,PI,Lagoa do Sítio,nao_verificado,,,,
2205540,PI,Lagoinha do Piauí,nao_verificado,,,,
2205607,PI,Landri Sales,nao_verificado,,,,
2205805,PI,Luzilândia,nao_verificado,,,,
2205706,PI,Luís Correia,nao_verificado,,,,
2205854,PI,Madeiro,nao_verificado,,,,
2205904,PI,Manoel Emídio,nao_verificado,,,,
2205953,PI,Marcolândia,nao_verificado,,,,
2206001,PI,Marcos Parente,nao_verificado,,,,
2206050,PI,Massapê do Piauí,nao_verificado,,,,
2206100,PI,Matias Olímpio,nao_verificado,,,,
2206209,PI,Miguel Alves,nao_verificado,,,,
2206308,PI,Miguel Leão,nao_verificado,,,,
2206357,PI,Milton Brandão,nao_verificado,,,,
2206407,PI,Monsenhor Gil,nao_verificado,,,,
2206506,PI,Monsenhor Hipólito,nao_verificado,,,,
2206605,PI,Monte Alegre do Piauí,nao_verificado,,,,
2206654,PI,Morro Cabeça no Tempo,nao_verificado,,,,
2206670,PI,Morro do Chapéu do Piauí,nao_verificado,,,,
2206696,PI,Murici dos Portelas,nao_verificado,,,,
2206704,PI,Nazaré do Piauí,nao_verificado,,,,
2206720,PI,Nazária,nao_verificado,,,,
2206753,PI,Nossa Senhora de Nazaré,nao_verificado,,,,
2206803,PI,Nossa Senhora dos Remédios,nao_verificado,,,,
2207959,PI,Nova Santa Rita,nao_verificado,,,,
2206902,PI,Novo Oriente do Piauí,nao_verificado,,,,
2206951,PI,Novo Santo Antônio,nao_verificado,,,,
2207009,PI,Oeiras,nao_verificado,,,,
2207108,PI,Olho D'Água do Piauí,nao_verificado,,,,
2207207,PI,Padre Marcos,nao_verificado,,,,
2207306,PI,Paes Landim,nao_verificado,,,,
2207355,PI,Pajeú do Piauí,nao_verificado,,,,
2207405,PI,Palmeira do Piauí,nao_verificado,,,,
2207504,PI,Palmeirais,nao_verificado,,,,
2207553,PI,Paquetá,nao_verificado,,,,
2207603,PI,Parnaguá,nao_verificado,,,,
2207702,PI,Parnaíba,nao_verificado,,,,
2207751,PI,Passagem Franca do Piauí,nao_verificado,,,,
2207777,PI,Patos do Piauí,nao_verificado,,,,
2207793,PI,Pau D'Arco do Piauí,nao_verificado,,,,
2207801,PI,Paulistana,nao_verificado,,,,
2207850,PI,Pavussu,nao_verificado,,,,
2207900,PI,Pedro II,nao_verificado,,,,
2207934,PI,Pedro Laurentino,nao_verificado,,,,
2208007,PI,Picos,nao_verificado,,,,
2208106,PI,Pimenteiras,nao_verificado,,,,
2208205,PI,Pio IX,nao_verificado,,,,
2208304,PI,Piracuruca,nao_verificado,,,,
2208403,PI,Piripiri,nao_verificado,,,,
2208502,PI,Porto,nao_verificado,,,,
2208551,PI,Porto Alegre do Piauí,nao_verificado,,,,
2208601,PI,Prata do Piauí,nao_verificado,,,,
2208650,PI,Queimada Nova,nao_verificado,,,,
2208700,PI,Redenção do Gurguéia,nao_verificado,,,,
2208809,PI,Regeneração,nao_verificado,,,,
2208858,PI,Riacho Frio,nao_verificado,,,,
2208874,PI,Ribeira do Piauí,nao_verificado,,,,
2208908,PI,Ribeiro Gonçalves,nao_verificado,,,,
2209005,PI,Rio Grande do Piauí,nao_verificado,,,,
2209104,PI,Santa Cruz do Piauí,nao_verificado,,,,
2209153,PI,Santa Cruz dos Milagres,nao_verificado,,,,
2209203,PI,Santa Filomena,nao_verificado,,,,
2209302,PI,Santa Luz,nao_verificado,,,,
2209377,PI,Santa Rosa do Piauí,nao_verificado,,,,
2209351,PI,Santana do Piauí,nao_verificado,,,,
2209401,PI,Santo Antônio de Lisboa,nao_verificado,,,,
2209450,PI,Santo Antônio dos Milagres,nao_verificado,,,,
2209500,PI,Santo Inácio do Piauí,nao_verificado,,,,
2210623,PI,Sebastião Barros,nao_verificado,,,,
2210631,PI,Sebastião Leal,nao_verificado,,,,
2210656,PI,Sigefredo Pacheco,nao_verificado,,,,
2210805,PI,Simplício Mendes,nao_verificado,,,,
2210706,PI,Simões,nao_verificado,,,,
2210904,PI,Socorro do Piauí,nao_verificado,,,,
2210938,PI,Sussuapara,nao_verificado,,,,
2209559,PI,São Braz do Piauí,nao_verificado,,,,
2209658,PI,São Francisco de Assis do Piauí,nao_verificado,,,,
2209708,PI,São Francisco do Piauí,nao_verificado,,,,
2209609,PI,São Félix do Piauí,nao_verificado,,,,
2209757,PI,São Gonçalo do Gurguéia,nao_verificado,,,,
2209807,PI,São Gonçalo do Piauí,nao_verificado,,,,
2210052,PI,São José do Divino,nao_verificado,,,,
2210102,PI,São José do Peixe,nao_verificado,,,,
2210201,PI,São José do Piauí,nao_verificado,,,,
2209856,PI,São João da Canabrava,nao_verificado,,,,
2209872,PI,São João da Fronteira,nao_verificado,,,,
2209906,PI,São João da Serra,nao_verificado,,,,
2209955,PI,São João da Varjota,nao_verificado,,,,
2209971,PI,São João do Arraial,nao_verificado,,,,
2210003,PI,São João do Piauí,nao_verificado,,,,
2210300,PI,São Julião,nao_verificado,,,,
2210359,PI,São Lourenço do Piauí,nao_verificado,,,,
2210375,PI,São Luis do Piauí,nao_verificado,,,,
2210383,PI,São Miguel da Baixa Grande,nao_verificado,,,,
2210391,PI,São Miguel do Fidalgo,nao_verificado,,,,
2210409,PI,São Miguel do Tapuio,nao_verificado,,,,
2210508,PI,São Pedro do Piauí,nao_verificado,,,,
2210607,PI,São Raimundo Nonato,nao_verificado,,,,
2210953,PI,Tamboril do Piauí,nao_verificado,,,,
2210979,PI,Tanque do Piauí,nao_verificado,,,,
2211001,PI,Teresina,nao_verificado,,plano,,
2211100,PI,União,nao_verificado,,,,
2211209,PI,Uruçuí,nao_verificado,,,,
2211308,PI,Valença do Piauí,nao_verificado,,,,
2211506,PI,Vera Mendes,nao_verificado,,,,
2211605,PI,Vila Nova do Piauí,nao_verificado,,,,
2211357,PI,Várzea Branca,nao_verificado,,,,
2211407,PI,Várzea Grande,nao_verificado,,,,
2211704,PI,Wall Ferraz,nao_verificado,,,,
2200202,PI,Água Branca,nao_verificado,,,,
4100103,PR,Abatiá,nao_verificado,,,,
4100202,PR,Adrianópolis,nao_verificado,,,,
4100301,PR,Agudos do Sul,nao_verificado,,,,
4100400,PR,Almirante Tamandaré,nao_verificado,,plano_elaboracao,,
4100459,PR,Altamira do Paraná,nao_verificado,,,,
4100608,PR,Alto Paraná,nao_verificado,,,,
4128625,PR,Alto Paraíso,nao_verificado,,,,
4100707,PR,Alto Piquiri,nao_verificado,,,,
4100509,PR,Altônia,nao_verificado,,,,
4100806,PR,Alvorada do Sul,nao_verificado,,,,
4100905,PR,Amaporã,nao_verificado,,,,
4101002,PR,Ampére,nao_verificado,,,,
4101051,PR,Anahy,nao_verificado,,,,
4101101,PR,Andirá,nao_verificado,,,,
4101200,PR,Antonina,nao_verificado,,,,
4101309,PR,Antônio Olinto,nao_verificado,,,,
4101408,PR,Apucarana,nao_verificado,,,,
4101507,PR,Arapongas,nao_verificado,,,,
4101606,PR,Arapoti,nao_verificado,,,,
4101655,PR,Arapuã,nao_verificado,,,,
4101705,PR,Araruna,nao_verificado,,,,
4101804,PR,Araucária,nao_verificado,,plano_elaboracao,,
4101853,PR,Ariranha do Ivaí,nao_verificado,,,,
4101903,PR,Assaí,nao_verificado,,,,
4102000,PR,Assis Chateaubriand,nao_verificado,,,,
4102109,PR,Astorga,nao_verificado,,,,
4102208,PR,Atalaia,nao_verificado,,,,
4102307,PR,Balsa Nova,nao_verificado,,,,
4102406,PR,Bandeirantes,nao_verificado,,,,
4102505,PR,Barbosa Ferraz,nao_verificado,,,,
4102703,PR,Barra do Jacaré,nao_verificado,,,,
4102604,PR,Barracão,nao_verificado,,,,
4102752,PR,Bela Vista da Caroba,nao_verificado,,,,
4102802,PR,Bela Vista do Paraíso,nao_verificado,,,,
4102901,PR,Bituruna,nao_verificado,,,,
4103008,PR,Boa Esperança,nao_verificado,,,,
4103024,PR,Boa Esperança do Iguaçu,nao_verificado,,,,
4103040,PR,Boa Ventura de São Roque,nao_verificado,,,,
4103057,PR,Boa Vista da Aparecida,nao_verificado,,,,
4103107,PR,Bocaiúva do Sul,nao_verificado,,,,
4103156,PR,Bom Jesus do Sul,nao_verificado,,,,
4103206,PR,Bom Sucesso,nao_verificado,,,,
4103222,PR,Bom Sucesso do Sul,nao_verificado,,,,
4103305,PR,Borrazópolis,nao_verificado,,,,
4103354,PR,Braganey,nao_verificado,,,,
4103370,PR,Brasilândia do Sul,nao_verificado,,,,
4103404,PR,Cafeara,nao_verificado,,,,
4103453,PR,Cafelândia,nao_verificado,,,,
4103479,PR,Cafezal do Sul,nao_verificado,,,,
4103503,PR,Califórnia,nao_verificado,,,,
4103602,PR,Cambará,nao_verificado,,,,
4103800,PR,Cambira,nao_verificado,,,,
4103701,PR,Cambé,nao_verificado,,,,
4104006,PR,Campina Grande do Sul,nao_verificado,,,,
4103909,PR,Campina da Lagoa,nao_verificado,,,,
4103958,PR,Campina do Simão,nao_verificado,,,,
4104055,PR,Campo Bonito,nao_verificado,,,,
4104204,PR,Campo Largo,nao_verificado,,plano_elaboracao,,
4104253,PR,Campo Magro,nao_verificado,,plano_elaboracao,,
4104303,PR,Campo Mourão,nao_verificado,,,,
4104105,PR,Campo do Tenente,nao_verificado,,,,
4104428,PR,Candói,nao_verificado,,,,
4104451,PR,Cantagalo,nao_verificado,,,,
4104501,PR,Capanema,nao_verificado,,,,
4104600,PR,Capitão Leônidas Marques,nao_verificado,,,,
4104659,PR,Carambeí,nao_verificado,,,,
4104709,PR,Carlópolis,nao_verificado,,,,
4104808,PR,Cascavel,nao_verificado,,,,
4104907,PR,Castro,nao_verificado,,,,
4105003,PR,Catanduvas,nao_verificado,,,,
4105102,PR,Centenário do Sul,nao_verificado,,,,
4105201,PR,Cerro Azul,nao_verificado,,,,
4105409,PR,Chopinzinho,nao_verificado,,,,
4105508,PR,Cianorte,nao_verificado,,,,
4105607,PR,Cidade Gaúcha,nao_verificado,,,,
4105706,PR,Clevelândia,nao_verificado,,,,
4105805,PR,Colombo,nao_verificado,,plano_elaboracao,,
4105904,PR,Colorado,nao_verificado,,,,
4106001,PR,Congonhinhas,nao_verificado,,,,
4106100,PR,Conselheiro Mairinck,nao_verificado,,,,
4106209,PR,Contenda,nao_verificado,,,,
4106308,PR,Corbélia,nao_verificado,,,,
4106407,PR,Cornélio Procópio,nao_verificado,,,,
4106456,PR,Coronel Domingos Soares,nao_verificado,,,,
4106506,PR,Coronel Vivida,nao_verificado,,,,
4106555,PR,Corumbataí do Sul,nao_verificado,,,,
4106803,PR,Cruz Machado,nao_verificado,,,,
4106571,PR,Cruzeiro do Iguaçu,nao_verificado,,,,
4106605,PR,Cruzeiro do Oeste,nao_verificado,,,,
4106704,PR,Cruzeiro do Sul,nao_verificado,,,,
4106852,PR,Cruzmaltina,nao_verificado,,,,
4106902,PR,Curitiba,nao_verificado,,plano,,
4107009,PR,Curiúva,nao_verificado,,,,
4104402,PR,Cândido de Abreu,nao_verificado,,,,
4105300,PR,Céu Azul,nao_verificado,,,,
4107157,PR,Diamante D'Oeste,nao_verificado,,,,
4107108,PR,Diamante do Norte,nao_verificado,,,,
4107124,PR,Diamante do Sul,nao_verificado,,,,
4107207,PR,Dois Vizinhos,nao_verificado,,,,
4107256,PR,Douradina,nao_verificado,,,,
4107306,PR,Doutor Camargo,nao_verificado,,,,
4128633,PR,Doutor Ulysses,nao_verificado,,,,
4107504,PR,Engenheiro Beltrão,nao_verificado,,,,
4107538,PR,Entre Rios do Oeste,nao_verificado,,,,
4107405,PR,Enéas Marques,nao_verificado,,,,
4107520,PR,Esperança Nova,nao_verificado,,,,
4107546,PR,Espigão Alto do Iguaçu,nao_verificado,,,,
4107553,PR,Farol,nao_verificado,,,,
4107603,PR,Faxinal,nao_verificado,,,,
4107652,PR,Fazenda Rio Grande,nao_verificado,,,,
4107736,PR,Fernandes Pinheiro,nao_verificado,,,,
4107751,PR,Figueira,nao_verificado,,,,
4107850,PR,Flor da Serra do Sul,nao_verificado,,,,
4107801,PR,Floraí,nao_verificado,,,,
4107900,PR,Floresta,nao_verificado,,,,
4108007,PR,Florestópolis,nao_verificado,,,,
4108106,PR,Flórida,nao_verificado,,,,
4108205,PR,Formosa do Oeste,nao_verificado,,,,
4108304,PR,Foz do Iguaçu,nao_verificado,,,,
4108452,PR,Foz do Jordão,nao_verificado,,,,
4108320,PR,Francisco Alves,nao_verificado,,,,
4108403,PR,Francisco Beltrão,nao_verificado,,,,
4107702,PR,Fênix,nao_verificado,,,,
4108502,PR,General Carneiro,nao_verificado,,,,
4108551,PR,Godoy Moreira,nao_verificado,,,,
4108601,PR,Goioerê,nao_verificado,,,,
4108650,PR,Goioxim,nao_verificado,,,,
4108700,PR,Grandes Rios,nao_verificado,,,,
4108908,PR,Guairaçá,nao_verificado,,,,
4108957,PR,Guamiranga,nao_verificado,,,,
4109005,PR,Guapirama,nao_verificado,,,,
4109104,PR,Guaporema,nao_verificado,,,,
4109203,PR,Guaraci,nao_verificado,,,,
4109302,PR,Guaraniaçu,nao_verificado,,,,
4109401,PR,Guarapuava,nao_verificado,,,,
4109500,PR,Guaraqueçaba,nao_verificado,,,,
4109609,PR,Guaratuba,nao_verificado,,,,
4108809,PR,Guaíra,nao_verificado,,,,
4109658,PR,Honório Serpa,nao_verificado,,,,
4109708,PR,Ibaiti,nao_verificado,,,,
4109757,PR,Ibema,nao_verificado,,,,
4109807,PR,Ibiporã,nao_verificado,,,,
4109906,PR,Icaraíma,nao_verificado,,,,
4110003,PR,Iguaraçu,nao_verificado,,,,
4110052,PR,Iguatu,nao_verificado,,,,
4110078,PR,Imbaú,nao_verificado,,,,
4110102,PR,Imbituva,nao_verificado,,,,
4110300,PR,Inajá,nao_verificado,,,,
4110409,PR,Indianópolis,nao_verificado,,,,
4110201,PR,Inácio Martins,nao_verificado,,,,
4110508,PR,Ipiranga,nao_verificado,,,,
4110607,PR,Iporã,nao_verificado,,,,
4110656,PR,Iracema do Oeste,nao_verificado,,,,
4110706,PR,Irati,nao_verificado,,,,
4110805,PR,Iretama,nao_verificado,,,,
4110904,PR,Itaguajé,nao_verificado,,,,
4110953,PR,Itaipulândia,nao_verificado,,,,
4111001,PR,Itambaracá,nao_verificado,,,,
4111100,PR,Itambé,nao_verificado,,,,
4111209,PR,Itapejara d'Oeste,nao_verificado,,,,
4111258,PR,Itaperuçu,nao_verificado,,,,
4111308,PR,Itaúna do Sul,nao_verificado,,,,
4111506,PR,Ivaiporã,nao_verificado,,,,
4111605,PR,Ivatuba,nao_verificado,,,,
4111555,PR,Ivaté,nao_verificado,,,,
4111407,PR,Ivaí,nao_verificado,,,,
4111704,PR,Jaboti,nao_verificado,,,,
4111803,PR,Jacarezinho,nao_verificado,,,,
4111902,PR,Jaguapitã,nao_verificado,,,,
4112009,PR,Jaguariaíva,nao_verificado,,,,
4112108,PR,Jandaia do Sul,nao_verificado,,,,
4112207,PR,Janiópolis,nao_verificado,,,,
4112306,PR,Japira,nao_verificado,,,,
4112405,PR,Japurá,nao_verificado,,,,
4112504,PR,Jardim Alegre,nao_verificado,,,,
4112603,PR,Jardim Olinda,nao_verificado,,,,
4112702,PR,Jataizinho,nao_verificado,,,,
4112751,PR,Jesuítas,nao_verificado,,,,
4112801,PR,Joaquim Távora,nao_verificado,,,,
4112900,PR,Jundiaí do Sul,nao_verificado,,,,
4112959,PR,Juranda,nao_verificado,,,,
4113007,PR,Jussara,nao_verificado,,,,
4113106,PR,Kaloré,nao_verificado,,,,
4113205,PR,Lapa,nao_verificado,,,,
4113254,PR,Laranjal,nao_verificado,,,,
4113304,PR,Laranjeiras do Sul,nao_verificado,,,,
4113403,PR,Leópolis,nao_verificado,,,,
4113429,PR,Lidianópolis,nao_verificado,,,,
4113452,PR,Lindoeste,nao_verificado,,,,
4113502,PR,Loanda,nao_verificado,,,,
4113601,PR,Lobato,nao_verificado,,,,
4113700,PR,Londrina,nao_verificado,,,,
4113734,PR,Luiziana,nao_verificado,,,,
4113759,PR,Lunardelli,nao_verificado,,,,
4113809,PR,Lupionópolis,nao_verificado,,,,
4113908,PR,Mallet,nao_verificado,,,,
4114005,PR,Mamborê,nao_verificado,,,,
4114203,PR,Mandaguari,nao_verificado,,,,
4114104,PR,Mandaguaçu,nao_verificado,,,,
4114302,PR,Mandirituba,nao_verificado,,,,
4114351,PR,Manfrinópolis,nao_verificado,,,,
4114401,PR,Mangueirinha,nao_verificado,,,,
4114500,PR,Manoel Ribas,nao_verificado,,,,
4114609,PR,Marechal Cândido Rondon,nao_verificado,,,,
4114708,PR,Maria Helena,nao_verificado,,,,
4114807,PR,Marialva,nao_verificado,,,,
4115002,PR,Marilena,nao_verificado,,,,
4115101,PR,Mariluz,nao_verificado,,,,
4114906,PR,Marilândia do Sul,nao_verificado,,,,
4115200,PR,Maringá,nao_verificado,,,,
4115358,PR,Maripá,nao_verificado,,,,
4115309,PR,Mariópolis,nao_verificado,,,,
4115408,PR,Marmeleiro,nao_verificado,,,,
4115457,PR,Marquinho,nao_verificado,,,,
4115507,PR,Marumbi,nao_verificado,,,,
4115606,PR,Matelândia,nao_verificado,,,,
4115705,PR,Matinhos,nao_verificado,,,,
4115739,PR,Mato Rico,nao_verificado,,,,
4115754,PR,Mauá da Serra,nao_verificado,,,,
4115804,PR,Medianeira,nao_verificado,,,,
4115853,PR,Mercedes,nao_verificado,,,,
4115903,PR,Mirador,nao_verificado,,,,
4116000,PR,Miraselva,nao_verificado,,,,
4116059,PR,Missal,nao_verificado,,,,
4116109,PR,Moreira Sales,nao_verificado,,,,
4116208,PR,Morretes,nao_verificado,,,,
4116307,PR,Munhoz de Melo,nao_verificado,,,,
4116406,PR,Nossa Senhora das Graças,nao_verificado,,,,
4116505,PR,Nova Aliança do Ivaí,nao_verificado,,,,
4116604,PR,Nova América da Colina,nao_verificado,,,,
4116703,PR,Nova Aurora,nao_verificado,,,,
4116802,PR,Nova Cantu,nao_verificado,,,,
4116901,PR,Nova Esperança,nao_verificado,,,,
4116950,PR,Nova Esperança do Sudoeste,nao_verificado,,,,
4117008,PR,Nova Fátima,nao_verificado,,,,
4117057,PR,Nova Laranjeiras,nao_verificado,,,,
4117107,PR,Nova Londrina,nao_verificado,,,,
4117206,PR,Nova Olímpia,nao_verificado,,,,
4117255,PR,Nova Prata do Iguaçu,nao_verificado,,,,
4117214,PR,Nova Santa Bárbara,nao_verificado,,,,
4117222,PR,Nova Santa Rosa,nao_verificado,,,,
4117271,PR,Nova Tebas,nao_verificado,,,,
4117297,PR,Novo Itacolomi,nao_verificado,,,,
4117305,PR,Ortigueira,nao_verificado,,,,
4117404,PR,Ourizona,nao_verificado,,,,
4117453,PR,Ouro Verde do Oeste,nao_verificado,,,,
4117503,PR,Paiçandu,nao_verificado,,,,
4117602,PR,Palmas,nao_verificado,,,,
4117701,PR,Palmeira,nao_verificado,,,,
4117800,PR,Palmital,nao_verificado,,,,
4117909,PR,Palotina,nao_verificado,,,,
4118105,PR,Paranacity,nao_verificado,,,,
4118204,PR,Paranaguá,nao_verificado,,,,
4118303,PR,Paranapoema,nao_verificado,,,,
4118402,PR,Paranavaí,nao_verificado,,,,
4118006,PR,Paraíso do Norte,nao_verificado,,,,
4118451,PR,Pato Bragado,nao_verificado,,,,
4118501,PR,Pato Branco,nao_verificado,,,,
4118600,PR,Paula Freitas,nao_verificado,,,,
4118709,PR,Paulo Frontin,nao_verificado,,,,
4118808,PR,Peabiru,nao_verificado,,,,
4118857,PR,Perobal,nao_verificado,,,,
4119152,PR,Pinhais,nao_verificado,,plano_elaboracao,,
4119251,PR,Pinhal de São Bento,nao_verificado,,,,
4119202,PR,Pinhalão,nao_verificado,,,,
4119301,PR,Pinhão,nao_verificado,,,,
4119509,PR,Piraquara,nao_verificado,,plano_elaboracao,,
4119400,PR,Piraí do Sul,nao_verificado,,,,
4119608,PR,Pitanga,nao_verificado,,,,
4119657,PR,Pitangueiras,nao_verificado,,,,
4119103,PR,Piên,nao_verificado,,,,
4119707,PR,Planaltina do Paraná,nao_verificado,,,,
4119806,PR,Planalto,nao_verificado,,,,
4119905,PR,Ponta Grossa,nao_verificado,,,,
4119954,PR,Pontal do Paraná,nao_verificado,,,,
4120002,PR,Porecatu,nao_verificado,,,,
4120101,PR,Porto Amazonas,nao_verificado,,,,
4120150,PR,Porto Barreiro,nao_verificado,,,,
4120200,PR,Porto Rico,nao_verificado,,,,
4120309,PR,Porto Vitória,nao_verificado,,,,
4120333,PR,Prado Ferreira,nao_verificado,,,,
4120358,PR,Pranchita,nao_verificado,,,,
4120408,PR,Presidente Castelo Branco,nao_verificado,,,,
4120507,PR,Primeiro de Maio,nao_verificado,,,,
4120606,PR,Prudentópolis,nao_verificado,,,,
4118907,PR,Pérola,nao_verificado,,,,
4119004,PR,Pérola d'Oeste,nao_verificado,,,,
4120655,PR,Quarto Centenário,nao_verificado,,,,
4120705,PR,Quatiguá,nao_verificado,,,,
4120804,PR,Quatro Barras,nao_verificado,,plano_elaboracao,,
4120853,PR,Quatro Pontes,nao_verificado,,,,
4120903,PR,Quedas do Iguaçu,nao_verificado,,,,
4121000,PR,Querência do Norte,nao_verificado,,,,
4121109,PR,Quinta do Sol,nao_verificado,,,,
4121208,PR,Quitandinha,nao_verificado,,,,
4121257,PR,Ramilândia,nao_verificado,,,,
4121307,PR,Rancho Alegre,nao_verificado,,,,
4121356,PR,Rancho Alegre D'Oeste,nao_verificado,,,,
4121406,PR,Realeza,nao_verificado,,,,
4121505,PR,Rebouças,nao_verificado,,,,
4121604,PR,Renascença,nao_verificado,,,,
4121703,PR,Reserva,nao_verificado,,,,
4121752,PR,Reserva do Iguaçu,nao_verificado,,,,
4121802,PR,Ribeirão Claro,nao_verificado,,,,
4121901,PR,Ribeirão do Pinhal,nao_verificado,,,,
4122008,PR,Rio Azul,nao_verificado,,,,
4122107,PR,Rio Bom,nao_verificado,,,,
4122156,PR,Rio Bonito do Iguaçu,nao_verificado,,,,
4122172,PR,Rio Branco do Ivaí,nao_verificado,,,,
4122206,PR,Rio Branco do Sul,nao_verificado,,,,
4122305,PR,Rio Negro,nao_verificado,,,,
4122404,PR,Rolândia,nao_verificado,,,,
4122503,PR,Roncador,nao_verificado,,,,
4122602,PR,Rondon,nao_verificado,,,,
4122651,PR,Rosário do Ivaí,nao_verificado,,,,
4122701,PR,Sabáudia,nao_verificado,,,,
4122800,PR,Salgado Filho,nao_verificado,,,,
4122909,PR,Salto do Itararé,nao_verificado,,,,
4123006,PR,Salto do Lontra,nao_verificado,,,,
4123105,PR,Santa Amélia,nao_verificado,,,,
4123204,PR,Santa Cecília do Pavão,nao_verificado,,,,
4123303,PR,Santa Cruz de Monte Castelo,nao_verificado,,,,
4123402,PR,Santa Fé,nao_verificado,,,,
4123501,PR,Santa Helena,nao_verificado,,,,
4123600,PR,Santa Inês,nao_verificado,,,,
4123709,PR,Santa Isabel do Ivaí,nao_verificado,,,,
4123808,PR,Santa Izabel do Oeste,nao_verificado,,,,
4123824,PR,Santa Lúcia,nao_verificado,,,,
4123857,PR,Santa Maria do Oeste,nao_verificado,,,,
4123907,PR,Santa Mariana,nao_verificado,,,,
4123956,PR,Santa Mônica,nao_verificado,,,,
4124020,PR,Santa Tereza do Oeste,nao_verificado,,,,
4124053,PR,Santa Terezinha de Itaipu,nao_verificado,,,,
4124004,PR,Santana do Itararé,nao_verificado,,,,
4124103,PR,Santo Antônio da Platina,nao_verificado,,,,
4124202,PR,Santo Antônio do Caiuá,nao_verificado,,,,
4124301,PR,Santo Antônio do Paraíso,nao_verificado,,,,
4124400,PR,Santo Antônio do Sudoeste,nao_verificado,,,,
4124509,PR,Santo Inácio,nao_verificado,,,,
4126207,PR,Sapopema,nao_verificado,,,,
4126256,PR,Sarandi,nao_verificado,,,,
4126272,PR,Saudade do Iguaçu,nao_verificado,,,,
4126306,PR,Sengés,nao_verificado,,,,
4126355,PR,Serranópolis do Iguaçu,nao_verificado,,,,
4126405,PR,Sertaneja,nao_verificado,,,,
4126504,PR,Sertanópolis,nao_verificado,,,,
4126603,PR,Siqueira Campos,nao_verificado,,,,
4126652,PR,Sulina,nao_verificado,,,,
4124608,PR,São Carlos do Ivaí,nao_verificado,,,,
4124707,PR,São Jerônimo da Serra,nao_verificado,,,,
4125209,PR,São Jorge d'Oeste,nao_verificado,,,,
4125308,PR,São Jorge do Ivaí,nao_verificado,,,,
4125357,PR,São Jorge do Patrocínio,nao_verificado,,,,
4125407,PR,São José da Boa Vista,nao_verificado,,,,
4125456,PR,São José das Palmeiras,nao_verificado,,,,
4125506,PR,São José dos Pinhais,nao_verificado,,plano_elaboracao,,
4124806,PR,São João,nao_verificado,,,,
4124905,PR,São João do Caiuá,nao_verificado,,,,
4125001,PR,São João do Ivaí,nao_verificado,,,,
4125100,PR,São João do Triunfo,nao_verificado,,,,
4125555,PR,São Manoel do Paraná,nao_verificado,,,,
4125605,PR,São Mateus do Sul,nao_verificado,,,,
4125704,PR,São Miguel do Iguaçu,nao_verificado,,,,
4125753,PR,São Pedro do Iguaçu,nao_verificado,,,,
4125803,PR,São Pedro do Ivaí,nao_verificado,,,,
4125902,PR,São Pedro do Paraná,nao_verificado,,,,
4126009,PR,São Sebastião da Amoreira,nao_verificado,,,,
4126108,PR,São Tomé,nao_verificado,,,,
4126678,PR,Tamarana,nao_verificado,,,,
4126702,PR,Tamboara,nao_verificado,,,,
4126801,PR,Tapejara,nao_verificado,,,,
4126900,PR,Tapira,nao_verificado,,,,
4127007,PR,Teixeira Soares,nao_verificado,,,,
4127106,PR,Telêmaco Borba,nao_verificado,,,,
4127205,PR,Terra Boa,nao_verificado,,,,
4127304,PR,Terra Rica,nao_verificado,,,,
4127403,PR,Terra Roxa,nao_verificado,,,,
4127502,PR,Tibagi,nao_verificado,,,,
4127601,PR,Tijucas do Sul,nao_verificado,,,,
4127700,PR,Toledo,nao_verificado,,,,
4127809,PR,Tomazina,nao_verificado,,,,
4127858,PR,Três Barras do Paraná,nao_verificado,,,,
4127882,PR,Tunas do Paraná,nao_verificado,,,,
4127908,PR,Tuneiras do Oeste,nao_verificado,,,,
4127957,PR,Tupãssi,nao_verificado,,,,
4127965,PR,Turvo,nao_verificado,,,,
4128005,PR,Ubiratã,nao_verificado,,,,
4128104,PR,Umuarama,nao_verificado,,,,
4128302,PR,Uniflor,nao_verificado,,,,
4128203,PR,União da Vitória,nao_verificado,,,,
4128401,PR,Uraí,nao_verificado,,,,
4128534,PR,Ventania,nao_verificado,,,,
4128559,PR,Vera Cruz do Oeste,nao_verificado,,,,
4128609,PR,Verê,nao_verificado,,,,
4128658,PR,Virmond,nao_verificado,,,,
4128708,PR,Vitorino,nao_verificado,,,,
4128500,PR,Wenceslau Braz,nao_verificado,,,,
4128807,PR,Xambrê,nao_verificado,,,,
4101150,PR,Ângulo,nao_verificado,,,,
3300100,RJ,Angra dos Reis,nao_verificado,,,,
3300159,RJ,Aperibé,nao_verificado,,,,
3300209,RJ,Araruama,nao_verificado,,,,
3300225,RJ,Areal,nao_verificado,,,,
3300233,RJ,Armação dos Búzios,nao_verificado,,,,
3300258,RJ,Arraial do Cabo,nao_verificado,,,,
3300407,RJ,Barra Mansa,nao_verificado,,,,
3300308,RJ,Barra do Piraí,nao_verificado,,,,
3300456,RJ,Belford Roxo,nao_verificado,,,,
3300506,RJ,Bom Jardim,nao_verificado,,,,
3300605,RJ,Bom Jesus do Itabapoana,nao_verificado,,,,
3300704,RJ,Cabo Frio,nao_verificado,,,,
3300803,RJ,Cachoeiras de Macacu,nao_verificado,,,,
3300902,RJ,Cambuci,nao_verificado,,,,
3301009,RJ,Campos dos Goytacazes,nao_verificado,,,,
3301108,RJ,Cantagalo,nao_verificado,,,,
3300936,RJ,Carapebus,nao_verificado,,,,
3301157,RJ,Cardoso Moreira,nao_verificado,,,,
3301207,RJ,Carmo,nao_verificado,,,,
3301306,RJ,Casimiro de Abreu,nao_verificado,,,,
3300951,RJ,Comendador Levy Gasparian,nao_verificado,,,,
3301405,RJ,Conceição de Macabu,nao_verificado,,,,
3301504,RJ,Cordeiro,nao_verificado,,,,
3301603,RJ,Duas Barras,nao_verificado,,,,
3301702,RJ,Duque de Caxias,nao_verificado,,plano,,
3301801,RJ,Engenheiro Paulo de Frontin,nao_verificado,,,,
3301850,RJ,Guapimirim,nao_verificado,,,,
3301876,RJ,Iguaba Grande,nao_verificado,,,,
3301900,RJ,Itaboraí,nao_verificado,,,,
3302007,RJ,Itaguaí,nao_verificado,,,,
3302056,RJ,Italva,nao_verificado,,,,
3302106,RJ,Itaocara,nao_verificado,,,,
3302205,RJ,Itaperuna,nao_verificado,,,,
3302254,RJ,Itatiaia,nao_verificado,,,,
3302270,RJ,Japeri,nao_verificado,,,,
3302304,RJ,Laje do Muriaé,nao_verificado,,,,
3302403,RJ,Macaé,nao_verificado,,plano,,
3302452,RJ,Macuco,nao_verificado,,,,
3302502,RJ,Magé,nao_verificado,,,,
3302601,RJ,Mangaratiba,nao_verificado,,,,
3302700,RJ,Maricá,nao_verificado,,plano,,
3302809,RJ,Mendes,nao_verificado,,,,
3302858,RJ,Mesquita,nao_verificado,,,,
3302908,RJ,Miguel Pereira,nao_verificado,,,,
3303005,RJ,Miracema,nao_verificado,,,,
3303104,RJ,Natividade,nao_verificado,,,,
3303203,RJ,Nilópolis,nao_verificado,,,,
3303302,RJ,Niterói,nao_verificado,,,,
3303401,RJ,Nova Friburgo,nao_verificado,,,,
3303500,RJ,Nova Iguaçu,nao_verificado,,plano,,
3303609,RJ,Paracambi,nao_verificado,,,,
3303807,RJ,Paraty,nao_verificado,,,,
3303708,RJ,Paraíba do Sul,nao_verificado,,,,
3303856,RJ,Paty do Alferes,nao_verificado,,,,
3303906,RJ,Petrópolis,nao_verificado,,,,
3303955,RJ,Pinheiral,nao_verificado,,,,
3304003,RJ,Piraí,nao_verificado,,,,
3304102,RJ,Porciúncula,nao_verificado,,,,
3304110,RJ,Porto Real,nao_verificado,,,,
3304128,RJ,Quatis,nao_verificado,,,,
3304144,RJ,Queimados,nao_verificado,,,,
3304151,RJ,Quissamã,nao_verificado,,,,
3304201,RJ,Resende,nao_verificado,,,,
3304300,RJ,Rio Bonito,nao_verificado,,,,
3304409,RJ,Rio Claro,nao_verificado,,,,
3304508,RJ,Rio das Flores,nao_verificado,,,,
3304524,RJ,Rio das Ostras,nao_verificado,,,,
3304557,RJ,Rio de Janeiro,nao_verificado,,plano,,
3304607,RJ,Santa Maria Madalena,nao_verificado,,,,
3304706,RJ,Santo Antônio de Pádua,nao_verificado,,,,
3305406,RJ,Sapucaia,nao_verificado,,,,
3305505,RJ,Saquarema,nao_verificado,,,,
3305554,RJ,Seropédica,nao_verificado,,,,
3305604,RJ,Silva Jardim,nao_verificado,,,,
3305703,RJ,Sumidouro,nao_verificado,,,,
3304805,RJ,São Fidélis,nao_verificado,,,,
3304755,RJ,São Francisco de Itabapoana,nao_verificado,,,,
3304904,RJ,São Gonçalo,nao_verificado,,plano,,
3305133,RJ,São José de Ubá,nao_verificado,,,,
3305158,RJ,São José do Vale do Rio Preto,nao_verificado,,,,
3305000,RJ,São João da Barra,nao_verificado,,,,
3305109,RJ,São João de Meriti,nao_verificado,,,,
3305208,RJ,São Pedro da Aldeia,nao_verificado,,,,
3305307,RJ,São Sebastião do Alto,nao_verificado,,,,
3305752,RJ,Tanguá,nao_verificado,,,,
3305802,RJ,Teresópolis,nao_verificado,,,,
3305901,RJ,Trajano de Moraes,nao_verificado,,,,
3306008,RJ,Três Rios,nao_verificado,,,,
3306107,RJ,Valença,nao_verificado,,,,
3306156,RJ,Varre-Sai,nao_verificado,,,,
3306206,RJ,Vassouras,nao_verificado,,,,
3306305,RJ,Volta Redonda,nao_verificado,,,,
2400109,RN,Acari,nao_verificado,,,,
2400307,RN,Afonso Bezerra,nao_verificado,,,,
2400505,RN,Alexandria,nao_verificado,,,,
2400604,RN,Almino Afonso,nao_verificado,,,,
2400703,RN,Alto do Rodrigues,nao_verificado,,,,
2400802,RN,Angicos,nao_verificado,,,,
2400901,RN,Antônio Martins,nao_verificado,,,,
2401008,RN,Apodi,nao_verificado,,,,
2401107,RN,Areia Branca,nao_verificado,,,,
2401206,RN,Arês,nao_verificado,,,,
2401305,RN,Augusto Severo (Campo Grande),nao_verificado,,,,
2400208,RN,Açu,nao_verificado,,,,
2401453,RN,Baraúna,nao_verificado,,,,
2401503,RN,Barcelona,nao_verificado,,,,
2401404,RN,Baía Formosa,nao_verificado,,,,
2401602,RN,Bento Fernandes,nao_verificado,,,,
2401651,RN,Bodó,nao_verificado,,,,
2401701,RN,Bom Jesus,nao_verificado,,,,
2401800,RN,Brejinho,nao_verificado,,,,
2402006,RN,Caicó,nao_verificado,,,,
2401859,RN,Caiçara do Norte,nao_verificado,,,,
2401909,RN,Caiçara do Rio do Vento,nao_verificado,,,,
2402105,RN,Campo Redondo,nao_verificado,,,,
2402204,RN,Canguaretama,nao_verificado,,,,
2402303,RN,Caraúbas,nao_verificado,,,,
2402501,RN,Carnaubais,nao_verificado,,decreto,,
2402402,RN,Carnaúba dos Dantas,nao_verificado,,,,
2402600,RN,Ceará-Mirim,nao_verificado,,,,
2402709,RN,Cerro Corá,nao_verificado,,,,
2402808,RN,Coronel Ezequiel,nao_verificado,,,,
2402907,RN,Coronel João Pessoa,nao_verificado,,,,
2403004,RN,Cruzeta,nao_verificado,,,,
2403103,RN,Currais Novos,nao_verificado,,,,
2403202,RN,Doutor Severiano,nao_verificado,,,,
2403301,RN,Encanto,nao_verificado,,,,
2403400,RN,Equador,nao_verificado,,,,
2403509,RN,Espírito Santo,nao_verificado,,,,
2403608,RN,Extremoz,nao_verificado,,,,
2403707,RN,Felipe Guerra,nao_verificado,,,,
2403756,RN,Fernando Pedroza,nao_verificado,,,,
2403806,RN,Florânia,nao_verificado,,,,
2403905,RN,Francisco Dantas,nao_verificado,,,,
2404002,RN,Frutuoso Gomes,nao_verificado,,,,
2404101,RN,Galinhos,nao_verificado,,,,
2404200,RN,Goianinha,nao_verificado,,,,
2404309,RN,Governador Dix-Sept Rosado,nao_verificado,,decreto,,
2404408,RN,Grossos,nao_verificado,,,,
2404507,RN,Guamaré,nao_verificado,,,,
2404606,RN,Ielmo Marinho,nao_verificado,,,,
2404705,RN,Ipanguaçu,nao_verificado,,,,
2404804,RN,Ipueira,nao_verificado,,,,
2404853,RN,Itajá,nao_verificado,,,,
2404903,RN,Itaú,nao_verificado,,decreto,,
2405108,RN,Jandaíra,nao_verificado,,,,
2405207,RN,Janduís,nao_verificado,,,,
2405306,RN,Januário Cicco (Boa Saúde),nao_verificado,,,,
2405405,RN,Japi,nao_verificado,,,,
2405504,RN,Jardim de Angicos,nao_verificado,,,,
2405603,RN,Jardim de Piranhas,nao_verificado,,,,
2405702,RN,Jardim do Seridó,nao_verificado,,,,
2405009,RN,Jaçanã,nao_verificado,,,,
2406007,RN,José da Penha,nao_verificado,,,,
2405801,RN,João Câmara,nao_verificado,,,,
2405900,RN,João Dias,nao_verificado,,,,
2406106,RN,Jucurutu,nao_verificado,,,,
2406155,RN,Jundiá,nao_verificado,,,,
2406502,RN,Lagoa Nova,nao_verificado,,,,
2406601,RN,Lagoa Salgada,nao_verificado,,,,
2406205,RN,Lagoa d'Anta,nao_verificado,,,,
2406304,RN,Lagoa de Pedras,nao_verificado,,,,
2406403,RN,Lagoa de Velhos,nao_verificado,,,,
2406700,RN,Lajes,nao_verificado,,,,
2406809,RN,Lajes Pintadas,nao_verificado,,,,
2406908,RN,Lucrécia,nao_verificado,,,,
2407005,RN,Luís Gomes,nao_verificado,,,,
2407203,RN,Macau,nao_verificado,,,,
2407104,RN,Macaíba,nao_verificado,,,,
2407252,RN,Major Sales,nao_verificado,,,,
2407302,RN,Marcelino Vieira,nao_verificado,,,,
2407401,RN,Martins,nao_verificado,,,,
2407500,RN,Maxaranguape,nao_verificado,,,,
2407609,RN,Messias Targino,nao_verificado,,decreto,,
2407708,RN,Montanhas,nao_verificado,,,,
2407807,RN,Monte Alegre,nao_verificado,,,,
2407906,RN,Monte das Gameleiras,nao_verificado,,decreto,,
2408003,RN,Mossoró,nao_verificado,,,,
2408102,RN,Natal,nao_verificado,,plano,,
2408300,RN,Nova Cruz,nao_verificado,,,,
2408201,RN,Nísia Floresta,nao_verificado,,,,
2408409,RN,Olho-d'Água do Borges,nao_verificado,,,,
2408508,RN,Ouro Branco,nao_verificado,,,,
2408607,RN,Paraná,nao_verificado,,decreto,,
2408805,RN,Parazinho,nao_verificado,,,,
2408706,RN,Paraú,nao_verificado,,,,
2408904,RN,Parelhas,nao_verificado,,,,
2403251,RN,Parnamirim,nao_verificado,,,,
2409100,RN,Passa e Fica,nao_verificado,,,,
2409209,RN,Passagem,nao_verificado,,,,
2409308,RN,Patu,nao_verificado,,,,
2409407,RN,Pau dos Ferros,nao_verificado,,,,
2409506,RN,Pedra Grande,nao_verificado,,,,
2409605,RN,Pedra Preta,nao_verificado,,,,
2409704,RN,Pedro Avelino,nao_verificado,,,,
2409803,RN,Pedro Velho,nao_verificado,,,,
2409902,RN,Pendências,nao_verificado,,,,
2410009,RN,Pilões,nao_verificado,,,,
2410207,RN,Portalegre,nao_verificado,,,,
2410256,RN,Porto do Mangue,nao_verificado,,,,
2410108,RN,Poço Branco,nao_verificado,,,,
2410405,RN,Pureza,nao_verificado,,,,
2410504,RN,Rafael Fernandes,nao_verificado,,,,
2410603,RN,Rafael Godeiro,nao_verificado,,,,
2410702,RN,Riacho da Cruz,nao_verificado,,,,
2410801,RN,Riacho de Santana,nao_verificado,,,,
2410900,RN,Riachuelo,nao_verificado,,,,
2408953,RN,Rio do Fogo,nao_verificado,,,,
2411007,RN,Rodolfo Fernandes,nao_verificado,,,,
2411106,RN,Ruy Barbosa,nao_verificado,,,,
2411205,RN,Santa Cruz,nao_verificado,,,,
2409332,RN,Santa Maria,nao_verificado,,,,
2411403,RN,Santana do Matos,nao_verificado,,,,
2411429,RN,Santana do Seridó,nao_verificado,,,,
2411502,RN,Santo Antônio,nao_verificado,,decreto,,
2413102,RN,Senador Elói de Souza,nao_verificado,,,,
2413201,RN,Senador Georgino Avelino,nao_verificado,,,,
2410306,RN,Serra Caiada,nao_verificado,,,,
2413409,RN,Serra Negra do Norte,nao_verificado,,decreto,,
2413300,RN,Serra de São Bento,nao_verificado,,,,
2413359,RN,Serra do Mel,nao_verificado,,,,
2413508,RN,Serrinha,nao_verificado,,,,
2413557,RN,Serrinha dos Pintos,nao_verificado,,,,
2413607,RN,Severiano Melo,nao_verificado,,,,
2411601,RN,São Bento do Norte,nao_verificado,,,,
2411700,RN,São Bento do Trairí,nao_verificado,,,,
2411809,RN,São Fernando,nao_verificado,,decreto,,
2411908,RN,São Francisco do Oeste,nao_verificado,,,,
2412005,RN,São Gonçalo do Amarante,nao_verificado,,,,
2412203,RN,São José de Mipibu,nao_verificado,,,,
2412302,RN,São José do Campestre,nao_verificado,,,,
2412401,RN,São José do Seridó,nao_verificado,,,,
2412104,RN,São João do Sabugi,nao_verificado,,,,
2412500,RN,São Miguel,nao_verificado,,,,
2412559,RN,São Miguel do Gostoso,nao_verificado,,,,
2412609,RN,São Paulo do Potengi,nao_verificado,,,,
2412708,RN,São Pedro,nao_verificado,,,,
2412807,RN,São Rafael,nao_verificado,,,,
2412906,RN,São Tomé,nao_verificado,,,,
2413003,RN,São Vicente,nao_verificado,,,,
2413706,RN,Sítio Novo,nao_verificado,,,,
2413805,RN,Taboleiro Grande,nao_verificado,,,,
2413904,RN,Taipu,nao_verificado,,,,
2414001,RN,Tangará,nao_verificado,,,,
2414100,RN,Tenente Ananias,nao_verificado,,,,
2414159,RN,Tenente Laurentino Cruz,nao_verificado,,,,
2411056,RN,Tibau,nao_verificado,,,,
2414209,RN,Tibau do Sul,nao_verificado,,,,
2414308,RN,Timbaúba dos Batistas,nao_verificado,,,,
2414407,RN,Touros,nao_verificado,,,,
2414456,RN,Triunfo Potiguar,nao_verificado,,,,
2414506,RN,Umarizal,nao_verificado,,,,
2414605,RN,Upanema,nao_verificado,,,,
2414753,RN,Venha-Ver,nao_verificado,,,,
2414803,RN,Vera Cruz,nao_verificado,,,,
2415008,RN,Vila Flor,nao_verificado,,,,
2414902,RN,Viçosa,nao_verificado,,,,
2414704,RN,Várzea,nao_verificado,,,,
2400406,RN,Água Nova,nao_verificado,,,,
1100015,RO,Alta Floresta D'Oeste,nao_verificado,,,,
1100379,RO,Alto Alegre dos Parecis,nao_verificado,,,,
1100403,RO,Alto Paraíso,nao_verificado,,,,
1100346,RO,Alvorada D'Oeste,nao_verificado,,,,
1100023,RO,Ariquemes,nao_verificado,,,,
1100452,RO,Buritis,nao_verificado,,,,
1100031,RO,Cabixi,nao_verificado,,,,
1100601,RO,Cacaulândia,nao_verificado,,,,
1100049,RO,Cacoal,nao_verificado,,,,
1100700,RO,Campo Novo de Rondônia,nao_verificado,,,,
1100809,RO,Candeias do Jamari,nao_verificado,,,,
1100908,RO,Castanheiras,nao_verificado,,,,
1100056,RO,Cerejeiras,nao_verificado,,,,
1100924,RO,Chupinguaia,nao_verificado,,,,
1100064,RO,Colorado do Oeste,nao_verificado,,,,
1100072,RO,Corumbiara,nao_verificado,,,,
1100080,RO,Costa Marques,nao_verificado,,,,
1100940,RO,Cujubim,nao_verificado,,,,
1100098,RO,Espigão D'Oeste,nao_verificado,,,,
1101005,RO,Governador Jorge Teixeira,nao_verificado,,,,
1100106,RO,Guajará-Mirim,nao_verificado,,,,
1101104,RO,Itapuã do Oeste,nao_verificado,,,,
1100114,RO,Jaru,nao_verificado,,,,
1100122,RO,Ji-Paraná,nao_verificado,,,,
1100130,RO,Machadinho D'Oeste,nao_verificado,,,,
1101203,RO,Ministro Andreazza,nao_verificado,,,,
1101302,RO,Mirante da Serra,nao_verificado,,,,
1101401,RO,Monte Negro,nao_verificado,,,,
1100148,RO,Nova Brasilândia D'Oeste,nao_verificado,,,,
1100338,RO,Nova Mamoré,nao_verificado,,,,
1101435,RO,Nova União,nao_verificado,,,,
1100502,RO,Novo Horizonte do Oeste,nao_verificado,,,,
1100155,RO,Ouro Preto do Oeste,nao_verificado,,,,
1101450,RO,Parecis,nao_verificado,,,,
1100189,RO,Pimenta Bueno,nao_verificado,,,,
1101468,RO,Pimenteiras do Oeste,nao_verificado,,,,
1100205,RO,Porto Velho,nao_verificado,,plano,,
1100254,RO,Presidente Médici,nao_verificado,,,,
1101476,RO,Primavera de Rondônia,nao_verificado,,,,
1100262,RO,Rio Crespo,nao_verificado,,,,
1100288,RO,Rolim de Moura,nao_verificado,,,,
1100296,RO,Santa Luzia D'Oeste,nao_verificado,,,,
1101500,RO,Seringueiras,nao_verificado,,,,
1101484,RO,São Felipe D'Oeste,nao_verificado,,,,
1101492,RO,São Francisco do Guaporé,nao_verificado,,,,
1100320,RO,São Miguel do Guaporé,nao_verificado,,,,
1101559,RO,Teixeirópolis,nao_verificado,,,,
1101609,RO,Theobroma,nao_verificado,,,,
1101708,RO,Urupá,nao_verificado,,,,
1101757,RO,Vale do Anari,nao_verificado,,,,
1101807,RO,Vale do Paraíso,nao_verificado,,,,
1100304,RO,Vilhena,nao_verificado,,,,
1400050,RR,Alto Alegre,nao_verificado,,decreto,,
1400027,RR,Amajari,nao_verificado,,decreto,,
1400100,RR,Boa Vista,nao_verificado,,plano,,
1400159,RR,Bonfim,nao_verificado,,plano_elaboracao,,
1400175,RR,Cantá,nao_verificado,,,,
1400209,RR,Caracaraí,nao_verificado,,,,
1400233,RR,Caroebe,nao_verificado,,,,
1400282,RR,Iracema,nao_verificado,,decreto,,
1400308,RR,Mucajaí,nao_verificado,,decreto,,
1400407,RR,Normandia,nao_verificado,,decreto,,
1400456,RR,Pacaraima,nao_verificado,,,,
1400472,RR,Rorainópolis,nao_verificado,,decreto,,
1400506,RR,São João da Baliza,nao_verificado,,,,
1400605,RR,São Luiz,nao_verificado,,decreto,,
1400704,RR,Uiramutã,nao_verificado,,decreto,,
4300034,RS,Aceguá,nao_verificado,,,,
4300109,RS,Agudo,nao_verificado,,,,
4300208,RS,Ajuricaba,nao_verificado,,,,
4300307,RS,Alecrim,nao_verificado,,,,
4300406,RS,Alegrete,nao_verificado,,,,
4300455,RS,Alegria,nao_verificado,,,,
4300471,RS,Almirante Tamandaré do Sul,nao_verificado,,,,
4300505,RS,Alpestre,nao_verificado,,,,
4300554,RS,Alto Alegre,nao_verificado,,,,
4300570,RS,Alto Feliz,nao_verificado,,,,
4300604,RS,Alvorada,nao_verificado,,,,
4300638,RS,Amaral Ferrador,nao_verificado,,,,
4300646,RS,Ametista do Sul,nao_verificado,,,,
4300661,RS,André da Rocha,nao_verificado,,,,
4300703,RS,Anta Gorda,nao_verificado,,,,
4300802,RS,Antônio Prado,nao_verificado,,,,
4300851,RS,Arambaré,nao_verificado,,,,
4300877,RS,Araricá,nao_verificado,,,,
4300901,RS,Aratiba,nao_verificado,,,,
4301305,RS,Arroio Grande,nao_verificado,,,,
4301008,RS,Arroio do Meio,nao_verificado,,,,
4301073,RS,Arroio do Padre,nao_verificado,,,,
4301057,RS,Arroio do Sal,nao_verificado,,,,
4301206,RS,Arroio do Tigre,nao_verificado,,,,
4301107,RS,Arroio dos Ratos,nao_verificado,,,,
4301404,RS,Arvorezinha,nao_verificado,,,,
4301503,RS,Augusto Pestana,nao_verificado,,,,
4301602,RS,Bagé,nao_verificado,,,,
4301636,RS,Balneário Pinhal,nao_verificado,,,,
4301958,RS,Barra Funda,nao_verificado,,,,
4301859,RS,Barra do Guarita,nao_verificado,,,,
4301875,RS,Barra do Quaraí,nao_verificado,,,,
4301909,RS,Barra do Ribeiro,nao_verificado,,,,
4301925,RS,Barra do Rio Azul,nao_verificado,,,,
4301800,RS,Barracão,nao_verificado,,,,
4302006,RS,Barros Cassal,nao_verificado,,,,
4301651,RS,Barão,nao_verificado,,,,
4301701,RS,Barão de Cotegipe,nao_verificado,,,,
4301750,RS,Barão do Triunfo,nao_verificado,,,,
4302055,RS,Benjamin Constant do Sul,nao_verificado,,,,
4302105,RS,Bento Gonçalves,nao_verificado,,,,
4302154,RS,Boa Vista das Missões,nao_verificado,,,,
4302204,RS,Boa Vista do Buricá,nao_verificado,,,,
4302220,RS,Boa Vista do Cadeado,nao_verificado,,,,
4302238,RS,Boa Vista do Incra,nao_verificado,,,,
4302253,RS,Boa Vista do Sul,nao_verificado,,,,
4302303,RS,Bom Jesus,nao_verificado,,,,
4302352,RS,Bom Princípio,nao_verificado,,,,
4302378,RS,Bom Progresso,nao_verificado,,,,
4302402,RS,Bom Retiro do Sul,nao_verificado,,,,
4302451,RS,Boqueirão do Leão,nao_verificado,,,,
4302501,RS,Bossoroca,nao_verificado,,,,
4302584,RS,Bozano,nao_verificado,,,,
4302600,RS,Braga,nao_verificado,,,,
4302659,RS,Brochier,nao_verificado,,,,
4302709,RS,Butiá,nao_verificado,,,,
4302907,RS,Cacequi,nao_verificado,,,,
4303004,RS,Cachoeira do Sul,nao_verificado,,,,
4303103,RS,Cachoeirinha,nao_verificado,,,,
4303202,RS,Cacique Doble,nao_verificado,,,,
4303301,RS,Caibaté,nao_verificado,,,,
4303400,RS,Caiçara,nao_verificado,,,,
4303509,RS,Camaquã,nao_verificado,,,,
4303558,RS,Camargo,nao_verificado,,,,
4303608,RS,Cambará do Sul,nao_verificado,,,,
4303673,RS,Campestre da Serra,nao_verificado,,,,
4303707,RS,Campina das Missões,nao_verificado,,,,
4303806,RS,Campinas do Sul,nao_verificado,,,,
4303905,RS,Campo Bom,nao_verificado,,,,
4304002,RS,Campo Novo,nao_verificado,,,,
4304101,RS,Campos Borges,nao_verificado,,,,
4304200,RS,Candelária,nao_verificado,,,,
4304358,RS,Candiota,nao_verificado,,,,
4304408,RS,Canela,nao_verificado,,,,
4304507,RS,Canguçu,nao_verificado,,,,
4304606,RS,Canoas,nao_verificado,,,,
4304614,RS,Canudos do Vale,nao_verificado,,,,
4304689,RS,Capela de Santana,nao_verificado,,,,
4304697,RS,Capitão,nao_verificado,,,,
4304671,RS,Capivari do Sul,nao_verificado,,,,
4304622,RS,Capão Bonito do Sul,nao_verificado,,,,
4304630,RS,Capão da Canoa,nao_verificado,,,,
4304655,RS,Capão do Cipó,nao_verificado,,,,
4304663,RS,Capão do Leão,nao_verificado,,,,
4304705,RS,Carazinho,nao_verificado,,,,
4304713,RS,Caraá,nao_verificado,,,,
4304804,RS,Carlos Barbosa,nao_verificado,,,,
4304853,RS,Carlos Gomes,nao_verificado,,,,
4304903,RS,Casca,nao_verificado,,,,
4304952,RS,Caseiros,nao_verificado,,,,
4305009,RS,Catuípe,nao_verificado,,,,
4305108,RS,Caxias do Sul,nao_verificado,,,,
4302808,RS,Caçapava do Sul,nao_verificado,,,,
4305116,RS,Centenário,nao_verificado,,,,
4305124,RS,Cerrito,nao_verificado,,,,
4305132,RS,Cerro Branco,nao_verificado,,,,
4305157,RS,Cerro Grande,nao_verificado,,,,
4305173,RS,Cerro Grande do Sul,nao_verificado,,,,
4305207,RS,Cerro Largo,nao_verificado,,,,
4305306,RS,Chapada,nao_verificado,,,,
4305355,RS,Charqueadas,nao_verificado,,,,
4305371,RS,Charrua,nao_verificado,,,,
4305405,RS,Chiapetta,nao_verificado,,,,
4305447,RS,Chuvisca,nao_verificado,,,,
4305439,RS,Chuí,nao_verificado,,,,
4305454,RS,Cidreira,nao_verificado,,,,
4305504,RS,Ciríaco,nao_verificado,,,,
4305587,RS,Colinas,nao_verificado,,,,
4305603,RS,Colorado,nao_verificado,,,,
4305702,RS,Condor,nao_verificado,,,,
4305801,RS,Constantina,nao_verificado,,,,
4305835,RS,Coqueiro Baixo,nao_verificado,,,,
4305850,RS,Coqueiros do Sul,nao_verificado,,,,
4305871,RS,Coronel Barros,nao_verificado,,,,
4305900,RS,Coronel Bicaco,nao_verificado,,,,
4305934,RS,Coronel Pilar,nao_verificado,,,,
4305959,RS,Cotiporã,nao_verificado,,,,
4305975,RS,Coxilha,nao_verificado,,,,
4306007,RS,Crissiumal,nao_verificado,,,,
4306056,RS,Cristal,nao_verificado,,,,
4306072,RS,Cristal do Sul,nao_verificado,,,,
4306106,RS,Cruz Alta,nao_verificado,,,,
4306130,RS,Cruzaltense,nao_verificado,,,,
4306205,RS,Cruzeiro do Sul,nao_verificado,,,,
4304309,RS,Cândido Godói,nao_verificado,,,,
4306304,RS,David Canabarro,nao_verificado,,,,
4306320,RS,Derrubadas,nao_verificado,,,,
4306353,RS,Dezesseis de Novembro,nao_verificado,,,,
4306379,RS,Dilermando de Aguiar,nao_verificado,,,,
4306403,RS,Dois Irmãos,nao_verificado,,,,
4306429,RS,Dois Irmãos das Missões,nao_verificado,,,,
4306452,RS,Dois Lajeados,nao_verificado,,,,
4306502,RS,Dom Feliciano,nao_verificado,,,,
4306601,RS,Dom Pedrito,nao_verificado,,,,
4306551,RS,Dom Pedro de Alcântara,nao_verificado,,,,
4306700,RS,Dona Francisca,nao_verificado,,,,
4306734,RS,Doutor Maurício Cardoso,nao_verificado,,,,
4306759,RS,Doutor Ricardo,nao_verificado,,,,
4306767,RS,Eldorado do Sul,nao_verificado,,,,
4306809,RS,Encantado,nao_verificado,,,,
4306908,RS,Encruzilhada do Sul,nao_verificado,,,,
4306924,RS,Engenho Velho,nao_verificado,,,,
4306957,RS,Entre Rios do Sul,nao_verificado,,,,
4306932,RS,Entre-Ijuís,nao_verificado,,,,
4306973,RS,Erebango,nao_verificado,,,,
4307005,RS,Erechim,nao_verificado,,,,
4307054,RS,Ernestina,nao_verificado,,,,
4307203,RS,Erval Grande,nao_verificado,,,,
4307302,RS,Erval Seco,nao_verificado,,,,
4307401,RS,Esmeralda,nao_verificado,,,,
4307450,RS,Esperança do Sul,nao_verificado,,,,
4307500,RS,Espumoso,nao_verificado,,,,
4307559,RS,Estação,nao_verificado,,,,
4307708,RS,Esteio,nao_verificado,,,,
4307807,RS,Estrela,nao_verificado,,,,
4307815,RS,Estrela Velha,nao_verificado,,,,
4307609,RS,Estância Velha,nao_verificado,,,,
4307831,RS,Eugênio de Castro,nao_verificado,,,,
4307864,RS,Fagundes Varela,nao_verificado,,,,
4307906,RS,Farroupilha,nao_verificado,,,,
4308003,RS,Faxinal do Soturno,nao_verificado,,,,
4308052,RS,Faxinalzinho,nao_verificado,,,,
4308078,RS,Fazenda Vilanova,nao_verificado,,,,
4308102,RS,Feliz,nao_verificado,,,,
4308201,RS,Flores da Cunha,nao_verificado,,,,
4308250,RS,Floriano Peixoto,nao_verificado,,,,
4308300,RS,Fontoura Xavier,nao_verificado,,,,
4308409,RS,Formigueiro,nao_verificado,,,,
4308433,RS,Forquetinha,nao_verificado,,,,
4308458,RS,Fortaleza dos Valos,nao_verificado,,,,
4308508,RS,Frederico Westphalen,nao_verificado,,,,
4308607,RS,Garibaldi,nao_verificado,,,,
4308656,RS,Garruchos,nao_verificado,,,,
4308706,RS,Gaurama,nao_verificado,,,,
4308805,RS,General Câmara,nao_verificado,,,,
4308854,RS,Gentil,nao_verificado,,,,
4308904,RS,Getúlio Vargas,nao_verificado,,,,
4309001,RS,Giruá,nao_verificado,,,,
4309050,RS,Glorinha,nao_verificado,,,,
4309100,RS,Gramado,nao_verificado,,,,
4309159,RS,Gramado Xavier,nao_verificado,,,,
4309126,RS,Gramado dos Loureiros,nao_verificado,,,,
4309209,RS,Gravataí,nao_verificado,,,,
4309258,RS,Guabiju,nao_verificado,,,,
4309407,RS,Guaporé,nao_verificado,,,,
4309506,RS,Guarani das Missões,nao_verificado,,,,
4309308,RS,Guaíba,nao_verificado,,,,
4309555,RS,Harmonia,nao_verificado,,,,
4307104,RS,Herval,nao_verificado,,,,
4309571,RS,Herveiras,nao_verificado,,,,
4309605,RS,Horizontina,nao_verificado,,,,
4309654,RS,Hulha Negra,nao_verificado,,,,
4309704,RS,Humaitá,nao_verificado,,,,
4309753,RS,Ibarama,nao_verificado,,,,
4309803,RS,Ibiaçá,nao_verificado,,,,
4309902,RS,Ibiraiaras,nao_verificado,,,,
4309951,RS,Ibirapuitã,nao_verificado,,,,
4310009,RS,Ibirubá,nao_verificado,,,,
4310108,RS,Igrejinha,nao_verificado,,,,
4310207,RS,Ijuí,nao_verificado,,,,
4310306,RS,Ilópolis,nao_verificado,,,,
4310330,RS,Imbé,nao_verificado,,,,
4310363,RS,Imigrante,nao_verificado,,,,
4310405,RS,Independência,nao_verificado,,,,
4310413,RS,Inhacorá,nao_verificado,,,,
4310462,RS,Ipiranga do Sul,nao_verificado,,,,
4310439,RS,Ipê,nao_verificado,,,,
4310504,RS,Iraí,nao_verificado,,,,
4310538,RS,Itaara,nao_verificado,,,,
4310553,RS,Itacurubi,nao_verificado,,,,
4310579,RS,Itapuca,nao_verificado,,,,
4310603,RS,Itaqui,nao_verificado,,,,
4310652,RS,Itati,nao_verificado,,,,
4310702,RS,Itatiba do Sul,nao_verificado,,,,
4310751,RS,Ivorá,nao_verificado,,,,
4310801,RS,Ivoti,nao_verificado,,,,
4310850,RS,Jaboticaba,nao_verificado,,,,
4310876,RS,Jacuizinho,nao_verificado,,,,
4310900,RS,Jacutinga,nao_verificado,,,,
4311106,RS,Jaguari,nao_verificado,,,,
4311007,RS,Jaguarão,nao_verificado,,,,
4311122,RS,Jaquirana,nao_verificado,,,,
4311130,RS,Jari,nao_verificado,,,,
4311155,RS,Jóia,nao_verificado,,,,
4311205,RS,Júlio de Castilhos,nao_verificado,,,,
4311239,RS,Lagoa Bonita do Sul,nao_verificado,,,,
4311304,RS,Lagoa Vermelha,nao_verificado,,,,
4311270,RS,Lagoa dos Três Cantos,nao_verificado,,,,
4311254,RS,Lagoão,nao_verificado,,,,
4311403,RS,Lajeado,nao_verificado,,,,
4311429,RS,Lajeado do Bugre,nao_verificado,,,,
4311502,RS,Lavras do Sul,nao_verificado,,,,
4311601,RS,Liberato Salzano,nao_verificado,,,,
4311627,RS,Lindolfo Collor,nao_verificado,,,,
4311643,RS,Linha Nova,nao_verificado,,,,
4311700,RS,Machadinho,nao_verificado,,,,
4311734,RS,Mampituba,nao_verificado,,,,
4311759,RS,Manoel Viana,nao_verificado,,,,
4311775,RS,Maquiné,nao_verificado,,,,
4311791,RS,Maratá,nao_verificado,,,,
4311809,RS,Marau,nao_verificado,,,,
4311908,RS,Marcelino Ramos,nao_verificado,,,,
4311981,RS,Mariana Pimentel,nao_verificado,,,,
4312005,RS,Mariano Moro,nao_verificado,,,,
4312054,RS,Marques de Souza,nao_verificado,,,,
4312104,RS,Mata,nao_verificado,,,,
4312138,RS,Mato Castelhano,nao_verificado,,,,
4312153,RS,Mato Leitão,nao_verificado,,,,
4312179,RS,Mato Queimado,nao_verificado,,,,
4312203,RS,Maximiliano de Almeida,nao_verificado,,,,
4311718,RS,Maçambará,nao_verificado,,,,
4312252,RS,Minas do Leão,nao_verificado,,,,
4312302,RS,Miraguaí,nao_verificado,,,,
4312351,RS,Montauri,nao_verificado,,,,
4312377,RS,Monte Alegre dos Campos,nao_verificado,,,,
4312385,RS,Monte Belo do Sul,nao_verificado,,,,
4312401,RS,Montenegro,nao_verificado,,,,
4312427,RS,Mormaço,nao_verificado,,,,
4312443,RS,Morrinhos do Sul,nao_verificado,,,,
4312450,RS,Morro Redondo,nao_verificado,,,,
4312476,RS,Morro Reuter,nao_verificado,,,,
4312500,RS,Mostardas,nao_verificado,,,,
4312617,RS,Muitos Capões,nao_verificado,,,,
4312625,RS,Muliterno,nao_verificado,,,,
4312609,RS,Muçum,nao_verificado,,,,
4312674,RS,Nicolau Vergueiro,nao_verificado,,,,
4312708,RS,Nonoai,nao_verificado,,,,
4312757,RS,Nova Alvorada,nao_verificado,,,,
4312807,RS,Nova Araçá,nao_verificado,,,,
4312906,RS,Nova Bassano,nao_verificado,,,,
4312955,RS,Nova Boa Vista,nao_verificado,,,,
4313003,RS,Nova Bréscia,nao_verificado,,,,
4313011,RS,Nova Candelária,nao_verificado,,,,
4313037,RS,Nova Esperança do Sul,nao_verificado,,,,
4313060,RS,Nova Hartz,nao_verificado,,,,
4313102,RS,Nova Palma,nao_verificado,,,,
4313201,RS,Nova Petrópolis,nao_verificado,,,,
4313300,RS,Nova Prata,nao_verificado,,,,
4313086,RS,Nova Pádua,nao_verificado,,,,
4313334,RS,Nova Ramada,nao_verificado,,,,
4313359,RS,Nova Roma do Sul,nao_verificado,,,,
4313375,RS,Nova Santa Rita,nao_verificado,,,,
4313490,RS,Novo Barreiro,nao_verificado,,,,
4313391,RS,Novo Cabrais,nao_verificado,,,,
4313409,RS,Novo Hamburgo,nao_verificado,,,,
4313425,RS,Novo Machado,nao_verificado,,,,
4313441,RS,Novo Tiradentes,nao_verificado,,,,
4313466,RS,Novo Xingu,nao_verificado,,,,
4312658,RS,Não-Me-Toque,nao_verificado,,,,
4313508,RS,Osório,nao_verificado,,,,
4313607,RS,Paim Filho,nao_verificado,,,,
4313656,RS,Palmares do Sul,nao_verificado,,,,
4313706,RS,Palmeira das Missões,nao_verificado,,,,
4313805,RS,Palmitinho,nao_verificado,,,,
4313904,RS,Panambi,nao_verificado,,,,
4313953,RS,Pantano Grande,nao_verificado,,,,
4314001,RS,Paraí,nao_verificado,,,,
4314027,RS,Paraíso do Sul,nao_verificado,,,,
4314035,RS,Pareci Novo,nao_verificado,,,,
4314050,RS,Parobé,nao_verificado,,,,
4314068,RS,Passa Sete,nao_verificado,,,,
4314100,RS,Passo Fundo,nao_verificado,,,,
4314076,RS,Passo do Sobrado,nao_verificado,,,,
4314134,RS,Paulo Bento,nao_verificado,,,,
4314159,RS,Paverama,nao_verificado,,,,
4314175,RS,Pedras Altas,nao_verificado,,,,
4314209,RS,Pedro Osório,nao_verificado,,,,
4314308,RS,Pejuçara,nao_verificado,,,,
4314407,RS,Pelotas,nao_verificado,,,,
4314423,RS,Picada Café,nao_verificado,,,,
4314456,RS,Pinhal,nao_verificado,,,,
4314472,RS,Pinhal Grande,nao_verificado,,,,
4314464,RS,Pinhal da Serra,nao_verificado,,,,
4314498,RS,Pinheirinho do Vale,nao_verificado,,,,
4314506,RS,Pinheiro Machado,nao_verificado,,,,
4314548,RS,Pinto Bandeira,nao_verificado,,,,
4314555,RS,Pirapó,nao_verificado,,,,
4314605,RS,Piratini,nao_verificado,,,,
4314704,RS,Planalto,nao_verificado,,,,
4314787,RS,Ponte Preta,nao_verificado,,,,
4314779,RS,Pontão,nao_verificado,,,,
4314902,RS,Porto Alegre,nao_verificado,,plano,,
4315008,RS,Porto Lucena,nao_verificado,,,,
4315057,RS,Porto Mauá,nao_verificado,,,,
4315073,RS,Porto Vera Cruz,nao_verificado,,,,
4315107,RS,Porto Xavier,nao_verificado,,,,
4314803,RS,Portão,nao_verificado,,,,
4315131,RS,Pouso Novo,nao_verificado,,,,
4314753,RS,Poço das Antas,nao_verificado,,,,
4315149,RS,Presidente Lucena,nao_verificado,,,,
4315156,RS,Progresso,nao_verificado,,,,
4315172,RS,Protásio Alves,nao_verificado,,,,
4315206,RS,Putinga,nao_verificado,,,,
4315305,RS,Quaraí,nao_verificado,,,,
4315313,RS,Quatro Irmãos,nao_verificado,,,,
4315321,RS,Quevedos,nao_verificado,,,,
4315354,RS,Quinze de Novembro,nao_verificado,,,,
4315404,RS,Redentora,nao_verificado,,,,
4315453,RS,Relvado,nao_verificado,,,,
4315503,RS,Restinga Sêca,nao_verificado,,,,
4315602,RS,Rio Grande,nao_verificado,,,,
4315701,RS,Rio Pardo,nao_verificado,,,,
4315552,RS,Rio dos Índios,nao_verificado,,,,
4315750,RS,Riozinho,nao_verificado,,,,
4315800,RS,Roca Sales,nao_verificado,,,,
4315909,RS,Rodeio Bonito,nao_verificado,,,,
4315958,RS,Rolador,nao_verificado,,,,
4316006,RS,Rolante,nao_verificado,,,,
4316105,RS,Ronda Alta,nao_verificado,,,,
4316204,RS,Rondinha,nao_verificado,,,,
4316303,RS,Roque Gonzales,nao_verificado,,,,
4316402,RS,Rosário do Sul,nao_verificado,,,,
4316428,RS,Sagrada Família,nao_verificado,,,,
4316436,RS,Saldanha Marinho,nao_verificado,,,,
4316451,RS,Salto do Jacuí,nao_verificado,,,,
4316477,RS,Salvador das Missões,nao_verificado,,,,
4316501,RS,Salvador do Sul,nao_verificado,,,,
4316600,RS,Sananduva,nao_verificado,,,,
4317103,RS,Sant'Ana do Livramento,nao_verificado,,,,
4316709,RS,Santa Bárbara do Sul,nao_verificado,,,,
4316733,RS,Santa Cecília do Sul,nao_verificado,,,,
4316758,RS,Santa Clara do Sul,nao_verificado,,,,
4316808,RS,Santa Cruz do Sul,nao_verificado,,,,
4316972,RS,Santa Margarida do Sul,nao_verificado,,,,
4316907,RS,Santa Maria,nao_verificado,,,,
4316956,RS,Santa Maria do Herval,nao_verificado,,,,
4317202,RS,Santa Rosa,nao_verificado,,,,
4317251,RS,Santa Tereza,nao_verificado,,,,
4317301,RS,Santa Vitória do Palmar,nao_verificado,,,,
4317004,RS,Santana da Boa Vista,nao_verificado,,,,
4317400,RS,Santiago,nao_verificado,,,,
4317608,RS,Santo Antônio da Patrulha,nao_verificado,,,,
4317707,RS,Santo Antônio das Missões,nao_verificado,,,,
4317558,RS,Santo Antônio do Palma,nao_verificado,,,,
4317756,RS,Santo Antônio do Planalto,nao_verificado,,,,
4317806,RS,Santo Augusto,nao_verificado,,,,
4317905,RS,Santo Cristo,nao_verificado,,,,
4317954,RS,Santo Expedito do Sul,nao_verificado,,,,
4317509,RS,Santo Ângelo,nao_verificado,,,,
4319901,RS,Sapiranga,nao_verificado,,,,
4320008,RS,Sapucaia do Sul,nao_verificado,,,,
4320107,RS,Sarandi,nao_verificado,,,,
4320206,RS,Seberi,nao_verificado,,,,
4320230,RS,Sede Nova,nao_verificado,,,,
4320263,RS,Segredo,nao_verificado,,,,
4320305,RS,Selbach,nao_verificado,,,,
4320321,RS,Senador Salgado Filho,nao_verificado,,,,
4320354,RS,Sentinela do Sul,nao_verificado,,,,
4320404,RS,Serafina Corrêa,nao_verificado,,,,
4320503,RS,Sertão,nao_verificado,,,,
4320552,RS,Sertão Santana,nao_verificado,,,,
4320578,RS,Sete de Setembro,nao_verificado,,,,
4320602,RS,Severiano de Almeida,nao_verificado,,,,
4320651,RS,Silveira Martins,nao_verificado,,,,
4320677,RS,Sinimbu,nao_verificado,,,,
4320701,RS,Sobradinho,nao_verificado,,,,
4320800,RS,Soledade,nao_verificado,,,,
4318002,RS,São Borja,nao_verificado,,,,
4318051,RS,São Domingos do Sul,nao_verificado,,,,
4318101,RS,São Francisco de Assis,nao_verificado,,,,
4318200,RS,São Francisco de Paula,nao_verificado,,,,
4318309,RS,São Gabriel,nao_verificado,,,,
4318408,RS,São Jerônimo,nao_verificado,,,,
4318440,RS,São Jorge,nao_verificado,,,,
4318457,RS,São José das Missões,nao_verificado,,,,
4318465,RS,São José do Herval,nao_verificado,,,,
4318481,RS,São José do Hortêncio,nao_verificado,,,,
4318499,RS,São José do Inhacorá,nao_verificado,,,,
4318507,RS,São José do Norte,nao_verificado,,,,
4318606,RS,São José do Ouro,nao_verificado,,,,
4318614,RS,São José do Sul,nao_verificado,,,,
4318622,RS,São José dos Ausentes,nao_verificado,,,,
4318424,RS,São João da Urtiga,nao_verificado,,,,
4318432,RS,São João do Polêsine,nao_verificado,,,,
4318705,RS,São Leopoldo,nao_verificado,,plano,,
4318804,RS,São Lourenço do Sul,nao_verificado,,,,
4318903,RS,São Luiz Gonzaga,nao_verificado,,,,
4319000,RS,São Marcos,nao_verificado,,,,
4319109,RS,São Martinho,nao_verificado,,,,
4319125,RS,São Martinho da Serra,nao_verificado,,,,
4319158,RS,São Miguel das Missões,nao_verificado,,,,
4319208,RS,São Nicolau,nao_verificado,,,,
4319307,RS,São Paulo das Missões,nao_verificado,,,,
4319356,RS,São Pedro da Serra,nao_verificado,,,,
4319364,RS,São Pedro das Missões,nao_verificado,,,,
4319372,RS,São Pedro do Butiá,nao_verificado,,,,
4319406,RS,São Pedro do Sul,nao_verificado,,,,
4319505,RS,São Sebastião do Caí,nao_verificado,,,,
4319604,RS,São Sepé,nao_verificado,,,,
4319703,RS,São Valentim,nao_verificado,,,,
4319711,RS,São Valentim do Sul,nao_verificado,,,,
4319737,RS,São Valério do Sul,nao_verificado,,,,
4319752,RS,São Vendelino,nao_verificado,,,,
4319802,RS,São Vicente do Sul,nao_verificado,,,,
4320453,RS,Sério,nao_verificado,,,,
4320859,RS,Tabaí,nao_verificado,,,,
4320909,RS,Tapejara,nao_verificado,,,,
4321006,RS,Tapera,nao_verificado,,,,
4321105,RS,Tapes,nao_verificado,,,,
4321204,RS,Taquara,nao_verificado,,,,
4321303,RS,Taquari,nao_verificado,,,,
4321329,RS,Taquaruçu do Sul,nao_verificado,,,,
4321352,RS,Tavares,nao_verificado,,,,
4321402,RS,Tenente Portela,nao_verificado,,,,
4321436,RS,Terra de Areia,nao_verificado,,,,
4321451,RS,Teutônia,nao_verificado,,,,
4321469,RS,Tio Hugo,nao_verificado,,,,
4321477,RS,Tiradentes do Sul,nao_verificado,,,,
4321493,RS,Toropi,nao_verificado,,,,
4321501,RS,Torres,nao_verificado,,,,
4321600,RS,Tramandaí,nao_verificado,,,,
4321626,RS,Travesseiro,nao_verificado,,,,
4321956,RS,Trindade do Sul,nao_verificado,,,,
4322004,RS,Triunfo,nao_verificado,,,,
4321634,RS,Três Arroios,nao_verificado,,,,
4321667,RS,Três Cachoeiras,nao_verificado,,,,
4321709,RS,Três Coroas,nao_verificado,,,,
4321832,RS,Três Forquilhas,nao_verificado,,,,
4321857,RS,Três Palmeiras,nao_verificado,,,,
4321907,RS,Três Passos,nao_verificado,,,,
4321808,RS,Três de Maio,nao_verificado,,,,
4322103,RS,Tucunduva,nao_verificado,,,,
4322152,RS,Tunas,nao_verificado,,,,
4322186,RS,Tupanci do Sul,nao_verificado,,,,
4322202,RS,Tupanciretã,nao_verificado,,,,
4322251,RS,Tupandi,nao_verificado,,,,
4322301,RS,Tuparendi,nao_verificado,,,,
4322327,RS,Turuçu,nao_verificado,,,,
4322343,RS,Ubiretama,nao_verificado,,,,
4322376,RS,Unistalda,nao_verificado,,,,
4322350,RS,União da Serra,nao_verificado,,,,
4322400,RS,Uruguaiana,nao_verificado,,,,
4322509,RS,Vacaria,nao_verificado,,,,
4322541,RS,Vale Real,nao_verificado,,,,
4322525,RS,Vale Verde,nao_verificado,,,,
4322533,RS,Vale do Sol,nao_verificado,,,,
4322558,RS,Vanini,nao_verificado,,,,
4322608,RS,Venâncio Aires,nao_verificado,,,,
4322707,RS,Vera Cruz,nao_verificado,,,,
4322806,RS,Veranópolis,nao_verificado,,,,
4322855,RS,Vespasiano Corrêa,nao_verificado,,,,
4322905,RS,Viadutos,nao_verificado,,,,
4323002,RS,Viamão,nao_verificado,,,,
4323101,RS,Vicente Dutra,nao_verificado,,,,
4323200,RS,Victor Graeff,nao_verificado,,,,
4323309,RS,Vila Flores,nao_verificado,,,,
4323358,RS,Vila Lângaro,nao_verificado,,,,
4323408,RS,Vila Maria,nao_verificado,,,,
4323457,RS,Vila Nova do Sul,nao_verificado,,,,
4323507,RS,Vista Alegre,nao_verificado,,,,
4323606,RS,Vista Alegre do Prata,nao_verificado,,,,
4323705,RS,Vista Gaúcha,nao_verificado,,,,
4323754,RS,Vitória das Missões,nao_verificado,,,,
4323770,RS,Westfália,nao_verificado,,,,
4323804,RS,Xangri-lá,nao_verificado,,,,
4300059,RS,Água Santa,nao_verificado,,,,
4301552,RS,Áurea,nao_verificado,,,,
4200051,SC,Abdon Batista,nao_verificado,,,,
4200101,SC,Abelardo Luz,nao_verificado,,,,
4200200,SC,Agrolândia,nao_verificado,,,,
4200309,SC,Agronômica,nao_verificado,,,,
4200705,SC,Alfredo Wagner,nao_verificado,,,,
4200754,SC,Alto Bela Vista,nao_verificado,,,,
4200804,SC,Anchieta,nao_verificado,,,,
4200903,SC,Angelina,nao_verificado,,,,
4201000,SC,Anita Garibaldi,nao_verificado,,,,
4201109,SC,Anitápolis,nao_verificado,,,,
4201208,SC,Antônio Carlos,nao_verificado,,,,
4201257,SC,Apiúna,nao_verificado,,,,
4201273,SC,Arabutã,nao_verificado,,,,
4201307,SC,Araquari,nao_verificado,,,,
4201406,SC,Araranguá,nao_verificado,,,,
4201505,SC,Armazém,nao_verificado,,,,
4201604,SC,Arroio Trinta,nao_verificado,,,,
4201653,SC,Arvoredo,nao_verificado,,,,
4201703,SC,Ascurra,nao_verificado,,,,
4201802,SC,Atalanta,nao_verificado,,,,
4201901,SC,Aurora,nao_verificado,,,,
4201950,SC,Balneário Arroio do Silva,nao_verificado,,,,
4202057,SC,Balneário Barra do Sul,nao_verificado,,,,
4202008,SC,Balneário Camboriú,nao_verificado,,,,
4202073,SC,Balneário Gaivota,nao_verificado,,,,
4212809,SC,Balneário Piçarras,nao_verificado,,,,
4220000,SC,Balneário Rincão,nao_verificado,,,,
4202081,SC,Bandeirante,nao_verificado,,,,
4202099,SC,Barra Bonita,nao_verificado,,,,
4202107,SC,Barra Velha,nao_verificado,,,,
4202131,SC,Bela Vista do Toldo,nao_verificado,,,,
4202156,SC,Belmonte,nao_verificado,,,,
4202206,SC,Benedito Novo,nao_verificado,,,,
4202305,SC,Biguaçu,nao_verificado,,,,
4202404,SC,Blumenau,nao_verificado,,plano,,
4202438,SC,Bocaina do Sul,nao_verificado,,,,
4202503,SC,Bom Jardim da Serra,nao_verificado,,,,
4202537,SC,Bom Jesus,nao_verificado,,,,
4202578,SC,Bom Jesus do Oeste,nao_verificado,,,,
4202602,SC,Bom Retiro,nao_verificado,,decreto,,
4202453,SC,Bombinhas,nao_verificado,,,,
4202701,SC,Botuverá,nao_verificado,,,,
4202800,SC,Braço do Norte,nao_verificado,,,,
4202859,SC,Braço do Trombudo,nao_verificado,,,,
4202875,SC,Brunópolis,nao_verificado,,,,
4202909,SC,Brusque,nao_verificado,,plano,,
4203105,SC,Caibi,nao_verificado,,,,
4203154,SC,Calmon,nao_verificado,,,,
4203204,SC,Camboriú,nao_verificado,,,,
4203303,SC,Campo Alegre,nao_verificado,,,,
4203402,SC,Campo Belo do Sul,nao_verificado,,,,
4203501,SC,Campo Erê,nao_verificado,,,,
4203600,SC,Campos Novos,nao_verificado,,,,
4203709,SC,Canelinha,nao_verificado,,,,
4203808,SC,Canoinhas,nao_verificado,,,,
4203907,SC,Capinzal,nao_verificado,,,,
4203956,SC,Capivari de Baixo,nao_verificado,,,,
4203253,SC,Capão Alto,nao_verificado,,,,
4204004,SC,Catanduvas,nao_verificado,,,,
4204103,SC,Caxambu do Sul,nao_verificado,,,,
4203006,SC,Caçador,nao_verificado,,,,
4204152,SC,Celso Ramos,nao_verificado,,,,
4204178,SC,Cerro Negro,nao_verificado,,,,
4204194,SC,Chapadão do Lageado,nao_verificado,,,,
4204202,SC,Chapecó,nao_verificado,,,,
4204251,SC,Cocal do Sul,nao_verificado,,,,
4204301,SC,Concórdia,nao_verificado,,,,
4204350,SC,Cordilheira Alta,nao_verificado,,,,
4204400,SC,Coronel Freitas,nao_verificado,,,,
4204459,SC,Coronel Martins,nao_verificado,,,,
4204558,SC,Correia Pinto,nao_verificado,,,,
4204509,SC,Corupá,nao_verificado,,,,
4204608,SC,Criciúma,nao_verificado,,,,
4204707,SC,Cunha Porã,nao_verificado,,,,
4204756,SC,Cunhataí,nao_verificado,,,,
4204806,SC,Curitibanos,nao_verificado,,,,
4204905,SC,Descanso,nao_verificado,,,,
4205001,SC,Dionísio Cerqueira,nao_verificado,,,,
4205100,SC,Dona Emma,nao_verificado,,,,
4205159,SC,Doutor Pedrinho,nao_verificado,,,,
4205175,SC,Entre Rios,nao_verificado,,,,
4205191,SC,Ermo,nao_verificado,,,,
4205209,SC,Erval Velho,nao_verificado,,,,
4205308,SC,Faxinal dos Guedes,nao_verificado,,,,
4205357,SC,Flor do Sertão,nao_verificado,,,,
4205407,SC,Florianópolis,nao_verificado,,plano_elaboracao,,
4205431,SC,Formosa do Sul,nao_verificado,,,,
4205456,SC,Forquilhinha,nao_verificado,,,,
4205506,SC,Fraiburgo,nao_verificado,,,,
4205555,SC,Frei Rogério,nao_verificado,,,,
4205605,SC,Galvão,nao_verificado,,,,
4205704,SC,Garopaba,nao_verificado,,,,
4205803,SC,Garuva,nao_verificado,,,,
4205902,SC,Gaspar,nao_verificado,,,,
4206009,SC,Governador Celso Ramos,nao_verificado,,,,
4206207,SC,Gravatal,nao_verificado,,,,
4206108,SC,Grão Pará,nao_verificado,,,,
4206306,SC,Guabiruba,nao_verificado,,,,
4206405,SC,Guaraciaba,nao_verificado,,,,
4206504,SC,Guaramirim,nao_verificado,,decreto,,
4206603,SC,Guarujá do Sul,nao_verificado,,,,
4206652,SC,Guatambú,nao_verificado,,,,
4206702,SC,Herval d'Oeste,nao_verificado,,,,
4206751,SC,Ibiam,nao_verificado,,,,
4206801,SC,Ibicaré,nao_verificado,,,,
4206900,SC,Ibirama,nao_verificado,,,,
4207106,SC,Ilhota,nao_verificado,,,,
4207205,SC,Imaruí,nao_verificado,,,,
4207304,SC,Imbituba,nao_verificado,,,,
4207403,SC,Imbuia,nao_verificado,,,,
4207502,SC,Indaial,nao_verificado,,plano_elaboracao,,
4207577,SC,Iomerê,nao_verificado,,,,
4207601,SC,Ipira,nao_verificado,,,,
4207650,SC,Iporã do Oeste,nao_verificado,,,,
4207684,SC,Ipuaçu,nao_verificado,,,,
4207700,SC,Ipumirim,nao_verificado,,,,
4207759,SC,Iraceminha,nao_verificado,,,,
4207809,SC,Irani,nao_verificado,,,,
4207858,SC,Irati,nao_verificado,,,,
4207908,SC,Irineópolis,nao_verificado,,,,
4208104,SC,Itaiópolis,nao_verificado,,,,
4208203,SC,Itajaí,nao_verificado,,plano,,
4208302,SC,Itapema,nao_verificado,,,,
4208401,SC,Itapiranga,nao_verificado,,,,
4208450,SC,Itapoá,nao_verificado,,,,
4208500,SC,Ituporanga,nao_verificado,,,,
4208005,SC,Itá,nao_verificado,,,,
4207007,SC,Içara,nao_verificado,,,,
4208609,SC,Jaborá,nao_verificado,,,,
4208708,SC,Jacinto Machado,nao_verificado,,,,
4208807,SC,Jaguaruna,nao_verificado,,,,
4208906,SC,Jaraguá do Sul,nao_verificado,,plano,,
4208955,SC,Jardinópolis,nao_verificado,,,,
4209003,SC,Joaçaba,nao_verificado,,,,
4209102,SC,Joinville,nao_verificado,,plano,,
4209151,SC,José Boiteux,nao_verificado,,,,
4209177,SC,Jupiá,nao_verificado,,,,
4209201,SC,Lacerdópolis,nao_verificado,,,,
4209300,SC,Lages,nao_verificado,,,,
4209409,SC,Laguna,nao_verificado,,,,
4209458,SC,Lajeado Grande,nao_verificado,,,,
4209508,SC,Laurentino,nao_verificado,,,,
4209607,SC,Lauro Muller,nao_verificado,,,,
4209706,SC,Lebon Régis,nao_verificado,,,,
4209805,SC,Leoberto Leal,nao_verificado,,,,
4209854,SC,Lindóia do Sul,nao_verificado,,,,
4209904,SC,Lontras,nao_verificado,,,,
4210001,SC,Luiz Alves,nao_verificado,,,,
4210035,SC,Luzerna,nao_verificado,,,,
4210050,SC,Macieira,nao_verificado,,,,
4210100,SC,Mafra,nao_verificado,,,,
4210209,SC,Major Gercino,nao_verificado,,,,
4210308,SC,Major Vieira,nao_verificado,,decreto,,
4210407,SC,Maracajá,nao_verificado,,,,
4210506,SC,Maravilha,nao_verificado,,,,
4210555,SC,Marema,nao_verificado,,,,
4210605,SC,Massaranduba,nao_verificado,,,,
4210704,SC,Matos Costa,nao_verificado,,,,
4210803,SC,Meleiro,nao_verificado,,,,
4210852,SC,Mirim Doce,nao_verificado,,,,
4210902,SC,Modelo,nao_verificado,,,,
4211009,SC,Mondaí,nao_verificado,,,,
4211058,SC,Monte Carlo,nao_verificado,,,,
4211108,SC,Monte Castelo,nao_verificado,,,,
4211256,SC,Morro Grande,nao_verificado,,,,
4211207,SC,Morro da Fumaça,nao_verificado,,,,
4211306,SC,Navegantes,nao_verificado,,,,
4211405,SC,Nova Erechim,nao_verificado,,,,
4211454,SC,Nova Itaberaba,nao_verificado,,,,
4211504,SC,Nova Trento,nao_verificado,,,,
4211603,SC,Nova Veneza,nao_verificado,,,,
4211652,SC,Novo Horizonte,nao_verificado,,,,
4211702,SC,Orleans,nao_verificado,,,,
4211751,SC,Otacílio Costa,nao_verificado,,,,
4211801,SC,Ouro,nao_verificado,,,,
4211850,SC,Ouro Verde,nao_verificado,,,,
4211876,SC,Paial,nao_verificado,,,,
4211892,SC,Painel,nao_verificado,,,,
4211900,SC,Palhoça,nao_verificado,,,,
4212007,SC,Palma Sola,nao_verificado,,,,
4212056,SC,Palmeira,nao_verificado,,,,
4212106,SC,Palmitos,nao_verificado,,,,
4212205,SC,Papanduva,nao_verificado,,decreto,,
4212239,SC,Paraíso,nao_verificado,,,,
4212254,SC,Passo de Torres,nao_verificado,,,,
4212270,SC,Passos Maia,nao_verificado,,,,
4212304,SC,Paulo Lopes,nao_verificado,,,,
4212403,SC,Pedras Grandes,nao_verificado,,,,
4212502,SC,Penha,nao_verificado,,,,
4212601,SC,Peritiba,nao_verificado,,,,
4212650,SC,Pescaria Brava,nao_verificado,,,,
4212700,SC,Petrolândia,nao_verificado,,,,
4212908,SC,Pinhalzinho,nao_verificado,,,,
4213005,SC,Pinheiro Preto,nao_verificado,,,,
4213104,SC,Piratuba,nao_verificado,,,,
4213153,SC,Planalto Alegre,nao_verificado,,,,
4213203,SC,Pomerode,nao_verificado,,,,
4213302,SC,Ponte Alta,nao_verificado,,,,
4213351,SC,Ponte Alta do Norte,nao_verificado,,,,
4213401,SC,Ponte Serrada,nao_verificado,,,,
4213500,SC,Porto Belo,nao_verificado,,,,
4213609,SC,Porto União,nao_verificado,,,,
4213708,SC,Pouso Redondo,nao_verificado,,,,
4213807,SC,Praia Grande,nao_verificado,,,,
4213906,SC,Presidente Castello Branco,nao_verificado,,,,
4214003,SC,Presidente Getúlio,nao_verificado,,,,
4214102,SC,Presidente Nereu,nao_verificado,,,,
4214151,SC,Princesa,nao_verificado,,,,
4214201,SC,Quilombo,nao_verificado,,,,
4214300,SC,Rancho Queimado,nao_verificado,,,,
4214904,SC,Rio Fortuna,nao_verificado,,,,
4215000,SC,Rio Negrinho,nao_verificado,,,,
4215059,SC,Rio Rufino,nao_verificado,,,,
4214409,SC,Rio das Antas,nao_verificado,,,,
4214508,SC,Rio do Campo,nao_verificado,,,,
4214607,SC,Rio do Oeste,nao_verificado,,,,
4214805,SC,Rio do Sul,nao_verificado,,plano_elaboracao,,
4214706,SC,Rio dos Cedros,nao_verificado,,,,
4215075,SC,Riqueza,nao_verificado,,,,
4215109,SC,Rodeio,nao_verificado,,,,
4215208,SC,Romelândia,nao_verificado,,,,
4215307,SC,Salete,nao_verificado,,,,
4215356,SC,Saltinho,nao_verificado,,,,
4215406,SC,Salto Veloso,nao_verificado,,,,
4215455,SC,Sangão,nao_verificado,,,,
4215505,SC,Santa Cecília,nao_verificado,,,,
4215554,SC,Santa Helena,nao_verificado,,,,
4215604,SC,Santa Rosa de Lima,nao_verificado,,,,
4215653,SC,Santa Rosa do Sul,nao_verificado,,,,
4215679,SC,Santa Terezinha,nao_verificado,,,,
4215687,SC,Santa Terezinha do Progresso,nao_verificado,,,,
4215695,SC,Santiago do Sul,nao_verificado,,,,
4215703,SC,Santo Amaro da Imperatriz,nao_verificado,,,,
4217303,SC,Saudades,nao_verificado,,,,
4217402,SC,Schroeder,nao_verificado,,decreto,,
4217501,SC,Seara,nao_verificado,,,,
4217550,SC,Serra Alta,nao_verificado,,,,
4217600,SC,Siderópolis,nao_verificado,,,,
4217709,SC,Sombrio,nao_verificado,,,,
4217758,SC,Sul Brasil,nao_verificado,,,,
4215802,SC,São Bento do Sul,nao_verificado,,,,
4215752,SC,São Bernardino,nao_verificado,,,,
4215901,SC,São Bonifácio,nao_verificado,,,,
4216008,SC,São Carlos,nao_verificado,,,,
4216057,SC,São Cristovão do Sul,nao_verificado,,,,
4216107,SC,São Domingos,nao_verificado,,,,
4216206,SC,São Francisco do Sul,nao_verificado,,,,
4216503,SC,São Joaquim,nao_verificado,,,,
4216602,SC,São José,nao_verificado,,,,
4216701,SC,São José do Cedro,nao_verificado,,,,
4216800,SC,São José do Cerrito,nao_verificado,,,,
4216305,SC,São João Batista,nao_verificado,,,,
4216354,SC,São João do Itaperiú,nao_verificado,,,,
4216255,SC,São João do Oeste,nao_verificado,,,,
4216404,SC,São João do Sul,nao_verificado,,,,
4216909,SC,São Lourenço do Oeste,nao_verificado,,,,
4217006,SC,São Ludgero,nao_verificado,,,,
4217105,SC,São Martinho,nao_verificado,,,,
4217154,SC,São Miguel da Boa Vista,nao_verificado,,,,
4217204,SC,São Miguel do Oeste,nao_verificado,,,,
4217253,SC,São Pedro de Alcântara,nao_verificado,,,,
4217808,SC,Taió,nao_verificado,,,,
4217907,SC,Tangará,nao_verificado,,,,
4217956,SC,Tigrinhos,nao_verificado,,,,
4218004,SC,Tijucas,nao_verificado,,,,
4218103,SC,Timbé do Sul,nao_verificado,,,,
4218202,SC,Timbó,nao_verificado,,,,
4218251,SC,Timbó Grande,nao_verificado,,decreto,,
4218350,SC,Treviso,nao_verificado,,,,
4218509,SC,Treze Tílias,nao_verificado,,,,
4218400,SC,Treze de Maio,nao_verificado,,,,
4218608,SC,Trombudo Central,nao_verificado,,,,
4218301,SC,Três Barras,nao_verificado,,,,
4218707,SC,Tubarão,nao_verificado,,,,
4218756,SC,Tunápolis,nao_verificado,,,,
4218806,SC,Turvo,nao_verificado,,,,
4218855,SC,União do Oeste,nao_verificado,,,,
4218905,SC,Urubici,nao_verificado,,,,
4218954,SC,Urupema,nao_verificado,,,,
4219002,SC,Urussanga,nao_verificado,,,,
4219150,SC,Vargem,nao_verificado,,,,
4219176,SC,Vargem Bonita,nao_verificado,,,,
4219101,SC,Vargeão,nao_verificado,,,,
4219200,SC,Vidal Ramos,nao_verificado,,,,
4219309,SC,Videira,nao_verificado,,,,
4219358,SC,Vitor Meireles,nao_verificado,,,,
4219408,SC,Witmarsum,nao_verificado,,,,
4219507,SC,Xanxerê,nao_verificado,,,,
4219606,SC,Xavantina,nao_verificado,,,,
4219705,SC,Xaxim,nao_verificado,,,,
4219853,SC,Zortéa,nao_verificado,,,,
4200408,SC,Água Doce,nao_verificado,,,,
4200556,SC,Águas Frias,nao_verificado,,,,
4200606,SC,Águas Mornas,nao_verificado,,,,
4200507,SC,Águas de Chapecó,nao_verificado,,,,
2800100,SE,Amparo de São Francisco,nao_verificado,,,,
2800209,SE,Aquidabã,nao_verificado,,,,
2800308,SE,Aracaju,nao_verificado,,plano,,
2800407,SE,Arauá,nao_verificado,,plano_antigo,,
2800506,SE,Areia Branca,nao_verificado,,,,
2800605,SE,Barra dos Coqueiros,nao_verificado,,,,
2800670,SE,Boquim,nao_verificado,,,,
2800704,SE,Brejo Grande,nao_verificado,,,,
2801009,SE,Campo do Brito,nao_verificado,,plano,,
2801108,SE,Canhoba,nao_verificado,,,,
2801207,SE,Canindé de São Francisco,nao_verificado,,decreto,,
2801306,SE,Capela,nao_verificado,,,,
2801405,SE,Carira,nao_verificado,,decreto,,
2801504,SE,Carmópolis,nao_verificado,,,,
2801603,SE,Cedro de São João,nao_verificado,,plano,,
2801702,SE,Cristinápolis,nao_verificado,,,,
2801900,SE,Cumbe,nao_verificado,,,,
2802007,SE,Divina Pastora,nao_verificado,,plano_antigo,,
2802106,SE,Estância,nao_verificado,,plano,,
2802205,SE,Feira Nova,nao_verificado,,,,
2802304,SE,Frei Paulo,nao_verificado,,decreto,,
2802403,SE,Gararu,nao_verificado,,,,
2802502,SE,General Maynard,nao_verificado,,,,
2802601,SE,Gracho Cardoso,nao_verificado,,,,
2802700,SE,Ilha das Flores,nao_verificado,,,,
2802809,SE,Indiaroba,nao_verificado,,,,
2802908,SE,Itabaiana,nao_verificado,,plano_antigo,,
2803005,SE,Itabaianinha,nao_verificado,,plano_antigo,,
2803104,SE,Itabi,nao_verificado,,,,
2803203,SE,Itaporanga d'Ajuda,nao_verificado,,,,
2803302,SE,Japaratuba,nao_verificado,,,,
2803401,SE,Japoatã,nao_verificado,,,,
2803500,SE,Lagarto,nao_verificado,,plano,,
2803609,SE,Laranjeiras,nao_verificado,,,,
2803708,SE,Macambira,nao_verificado,,,,
2803807,SE,Malhada dos Bois,nao_verificado,,plano,,
2803906,SE,Malhador,nao_verificado,,,,
2804003,SE,Maruim,nao_verificado,,plano,,
2804102,SE,Moita Bonita,nao_verificado,,,,
2804201,SE,Monte Alegre de Sergipe,nao_verificado,,decreto,,
2804300,SE,Muribeca,nao_verificado,,,,
2804409,SE,Neópolis,nao_verificado,,,,
2804458,SE,Nossa Senhora Aparecida,nao_verificado,,decreto,,
2804508,SE,Nossa Senhora da Glória,nao_verificado,,decreto,,
2804607,SE,Nossa Senhora das Dores,nao_verificado,,,,
2804706,SE,Nossa Senhora de Lourdes,nao_verificado,,,,
2804805,SE,Nossa Senhora do Socorro,nao_verificado,,plano_antigo,,
2804904,SE,Pacatuba,nao_verificado,,,,
2805000,SE,Pedra Mole,nao_verificado,,,,
2805109,SE,Pedrinhas,nao_verificado,,,,
2805208,SE,Pinhão,nao_verificado,,plano_antigo,,
2805307,SE,Pirambu,nao_verificado,,,,
2805604,SE,Porto da Folha,nao_verificado,,decreto,,
2805406,SE,Poço Redondo,nao_verificado,,decreto,,
2805505,SE,Poço Verde,nao_verificado,,decreto,,
2805703,SE,Propriá,nao_verificado,,,,
2805901,SE,Riachuelo,nao_verificado,,plano_antigo,,
2805802,SE,Riachão do Dantas,nao_verificado,,,,
2806008,SE,Ribeirópolis,nao_verificado,,,,
2806107,SE,Rosário do Catete,nao_verificado,,,,
2806206,SE,Salgado,nao_verificado,,,,
2806305,SE,Santa Luzia do Itanhy,nao_verificado,,,,
2806503,SE,Santa Rosa de Lima,nao_verificado,,,,
2806404,SE,Santana do São Francisco,nao_verificado,,plano_antigo,,
2806602,SE,Santo Amaro das Brotas,nao_verificado,,plano_antigo,,
2807105,SE,Simão Dias,nao_verificado,,,,
2807204,SE,Siriri,nao_verificado,,,,
2806701,SE,São Cristóvão,nao_verificado,,plano_antigo,,
2806800,SE,São Domingos,nao_verificado,,,,
2806909,SE,São Francisco,nao_verificado,,plano,,
2807006,SE,São Miguel do Aleixo,nao_verificado,,,,
2807303,SE,Telha,nao_verificado,,plano_antigo,,
2807402,SE,Tobias Barreto,nao_verificado,,decreto,,
2807501,SE,Tomar do Geru,nao_verificado,,,,
2807600,SE,Umbaúba,nao_verificado,,,,
3500105,SP,Adamantina,nao_verificado,,,,
3500204,SP,Adolfo,nao_verificado,,,,
3500303,SP,Aguaí,nao_verificado,,,,
3500709,SP,Agudos,nao_verificado,,,,
3500758,SP,Alambari,nao_verificado,,,,
3500808,SP,Alfredo Marcondes,nao_verificado,,,,
3500907,SP,Altair,nao_verificado,,,,
3501004,SP,Altinópolis,nao_verificado,,,,
3501103,SP,Alto Alegre,nao_verificado,,,,
3501152,SP,Alumínio,nao_verificado,,,,
3501509,SP,Alvinlândia,nao_verificado,,,,
3501608,SP,Americana,nao_verificado,,,,
3501905,SP,Amparo,nao_verificado,,,,
3501707,SP,Américo Brasiliense,nao_verificado,,,,
3501806,SP,Américo de Campos,nao_verificado,,,,
3502002,SP,Analândia,nao_verificado,,,,
3502101,SP,Andradina,nao_verificado,,,,
3502200,SP,Angatuba,nao_verificado,,,,
3502309,SP,Anhembi,nao_verificado,,,,
3502408,SP,Anhumas,nao_verificado,,,,
3502507,SP,Aparecida,nao_verificado,,,,
3502606,SP,Aparecida d'Oeste,nao_verificado,,,,
3502705,SP,Apiaí,nao_verificado,,,,
3503000,SP,Aramina,nao_verificado,,,,
3503109,SP,Arandu,nao_verificado,,,,
3503158,SP,Arapeí,nao_verificado,,,,
3503208,SP,Araraquara,nao_verificado,,,,
3503307,SP,Araras,nao_verificado,,,,
3502754,SP,Araçariguama,nao_verificado,,,,
3502804,SP,Araçatuba,nao_verificado,,,,
3502903,SP,Araçoiaba da Serra,nao_verificado,,,,
3503356,SP,Arco-Íris,nao_verificado,,,,
3503406,SP,Arealva,nao_verificado,,,,
3503505,SP,Areias,nao_verificado,,,,
3503604,SP,Areiópolis,nao_verificado,,,,
3503703,SP,Ariranha,nao_verificado,,,,
3503802,SP,Artur Nogueira,nao_verificado,,,,
3503901,SP,Arujá,nao_verificado,,,,
3503950,SP,Aspásia,nao_verificado,,,,
3504008,SP,Assis,nao_verificado,,,,
3504107,SP,Atibaia,nao_verificado,,,,
3504206,SP,Auriflama,nao_verificado,,,,
3504404,SP,Avanhandava,nao_verificado,,,,
3504503,SP,Avaré,nao_verificado,,,,
3504305,SP,Avaí,nao_verificado,,,,
3504602,SP,Bady Bassitt,nao_verificado,,,,
3504701,SP,Balbinos,nao_verificado,,,,
3504909,SP,Bananal,nao_verificado,,,,
3505104,SP,Barbosa,nao_verificado,,,,
3505203,SP,Bariri,nao_verificado,,,,
3505302,SP,Barra Bonita,nao_verificado,,,,
3505351,SP,Barra do Chapéu,nao_verificado,,,,
3505401,SP,Barra do Turvo,nao_verificado,,,,
3505500,SP,Barretos,nao_verificado,,,,
3505609,SP,Barrinha,nao_verificado,,,,
3505708,SP,Barueri,nao_verificado,,,,
3505005,SP,Barão de Antonina,nao_verificado,,,,
3505807,SP,Bastos,nao_verificado,,,,
3505906,SP,Batatais,nao_verificado,,,,
3506003,SP,Bauru,nao_verificado,,,,
3506102,SP,Bebedouro,nao_verificado,,,,
3506201,SP,Bento de Abreu,nao_verificado,,,,
3506300,SP,Bernardino de Campos,nao_verificado,,,,
3506359,SP,Bertioga,nao_verificado,,,,
3506409,SP,Bilac,nao_verificado,,,,
3506508,SP,Birigui,nao_verificado,,,,
3506607,SP,Biritiba-Mirim,nao_verificado,,,,
3506706,SP,Boa Esperança do Sul,nao_verificado,,,,
3506805,SP,Bocaina,nao_verificado,,,,
3506904,SP,Bofete,nao_verificado,,,,
3507001,SP,Boituva,nao_verificado,,,,
3507100,SP,Bom Jesus dos Perdões,nao_verificado,,,,
3507159,SP,Bom Sucesso de Itararé,nao_verificado,,,,
3507308,SP,Boracéia,nao_verificado,,,,
3507407,SP,Borborema,nao_verificado,,,,
3507456,SP,Borebi,nao_verificado,,,,
3507209,SP,Borá,nao_verificado,,,,
3507506,SP,Botucatu,nao_verificado,,,,
3507605,SP,Bragança Paulista,nao_verificado,,,,
3507704,SP,Braúna,nao_verificado,,,,
3507753,SP,Brejo Alegre,nao_verificado,,,,
3507803,SP,Brodowski,nao_verificado,,,,
3507902,SP,Brotas,nao_verificado,,,,
3508009,SP,Buri,nao_verificado,,,,
3508108,SP,Buritama,nao_verificado,,,,
3508207,SP,Buritizal,nao_verificado,,,,
3504800,SP,Bálsamo,nao_verificado,,,,
3508405,SP,Cabreúva,nao_verificado,,,,
3508306,SP,Cabrália Paulista,nao_verificado,,,,
3508603,SP,Cachoeira Paulista,nao_verificado,,,,
3508702,SP,Caconde,nao_verificado,,,,
3508801,SP,Cafelândia,nao_verificado,,,,
3508900,SP,Caiabu,nao_verificado,,,,
3509007,SP,Caieiras,nao_verificado,,,,
3509106,SP,Caiuá,nao_verificado,,,,
3509205,SP,Cajamar,nao_verificado,,,,
3509254,SP,Cajati,nao_verificado,,,,
3509304,SP,Cajobi,nao_verificado,,,,
3509403,SP,Cajuru,nao_verificado,,,,
3509452,SP,Campina do Monte Alegre,nao_verificado,,,,
3509502,SP,Campinas,nao_verificado,,plano,,
3509601,SP,Campo Limpo Paulista,nao_verificado,,,,
3509809,SP,Campos Novos Paulista,nao_verificado,,,,
3509700,SP,Campos do Jordão,nao_verificado,,,,
3509908,SP,Cananéia,nao_verificado,,,,
3509957,SP,Canas,nao_verificado,,,,
3510153,SP,Canitar,nao_verificado,,,,
3510302,SP,Capela do Alto,nao_verificado,,,,
3510401,SP,Capivari,nao_verificado,,,,
3510203,SP,Capão Bonito,nao_verificado,,,,
3510500,SP,Caraguatatuba,nao_verificado,,,,
3510609,SP,Carapicuíba,nao_verificado,,,,
3510708,SP,Cardoso,nao_verificado,,,,
3510807,SP,Casa Branca,nao_verificado,,,,
3511003,SP,Castilho,nao_verificado,,,,
3511102,SP,Catanduva,nao_verificado,,,,
3511201,SP,Catiguá,nao_verificado,,,,
3508504,SP,Caçapava,nao_verificado,,,,
3511300,SP,Cedral,nao_verificado,,,,
3511409,SP,Cerqueira César,nao_verificado,,,,
3511508,SP,Cerquilho,nao_verificado,,,,
3511607,SP,Cesário Lange,nao_verificado,,,,
3511706,SP,Charqueada,nao_verificado,,,,
3557204,SP,Chavantes,nao_verificado,,,,
3511904,SP,Clementina,nao_verificado,,,,
3512001,SP,Colina,nao_verificado,,,,
3512100,SP,Colômbia,nao_verificado,,,,
3512209,SP,Conchal,nao_verificado,,,,
3512308,SP,Conchas,nao_verificado,,,,
3512407,SP,Cordeirópolis,nao_verificado,,,,
3512506,SP,Coroados,nao_verificado,,,,
3512605,SP,Coronel Macedo,nao_verificado,,,,
3512704,SP,Corumbataí,nao_verificado,,,,
3512902,SP,Cosmorama,nao_verificado,,,,
3512803,SP,Cosmópolis,nao_verificado,,,,
3513009,SP,Cotia,nao_verificado,,,,
3513108,SP,Cravinhos,nao_verificado,,,,
3513207,SP,Cristais Paulista,nao_verificado,,,,
3513405,SP,Cruzeiro,nao_verificado,,,,
3513306,SP,Cruzália,nao_verificado,,,,
3513504,SP,Cubatão,nao_verificado,,,,
3513603,SP,Cunha,nao_verificado,,,,
3510906,SP,Cássia dos Coqueiros,nao_verificado,,,,
3510005,SP,Cândido Mota,nao_verificado,,,,
3510104,SP,Cândido Rodrigues,nao_verificado,,,,
3513702,SP,Descalvado,nao_verificado,,,,
3513801,SP,Diadema,nao_verificado,,,,
3513850,SP,Dirce Reis,nao_verificado,,,,
3513900,SP,Divinolândia,nao_verificado,,,,
3514007,SP,Dobrada,nao_verificado,,,,
3514106,SP,Dois Córregos,nao_verificado,,,,
3514205,SP,Dolcinópolis,nao_verificado,,,,
3514304,SP,Dourado,nao_verificado,,,,
3514403,SP,Dracena,nao_verificado,,,,
3514502,SP,Duartina,nao_verificado,,,,
3514601,SP,Dumont,nao_verificado,,,,
3514700,SP,Echaporã,nao_verificado,,,,
3514809,SP,Eldorado,nao_verificado,,,,
3514908,SP,Elias Fausto,nao_verificado,,,,
3514924,SP,Elisiário,nao_verificado,,,,
3514957,SP,Embaúba,nao_verificado,,,,
3515004,SP,Embu das Artes,nao_verificado,,,,
3515103,SP,Embu-Guaçu,nao_verificado,,,,
3515129,SP,Emilianópolis,nao_verificado,,,,
3515152,SP,Engenheiro Coelho,nao_verificado,,,,
3515186,SP,Espírito Santo do Pinhal,nao_verificado,,,,
3515194,SP,Espírito Santo do Turvo,nao_verificado,,,,
3557303,SP,Estiva Gerbi,nao_verificado,,,,
3515202,SP,Estrela d'Oeste,nao_verificado,,,,
3515301,SP,Estrela do Norte,nao_verificado,,,,
3515350,SP,Euclides da Cunha Paulista,nao_verificado,,,,
3515400,SP,Fartura,nao_verificado,,,,
3515608,SP,Fernando Prestes,nao_verificado,,,,
3515509,SP,Fernandópolis,nao_verificado,,,,
3515657,SP,Fernão,nao_verificado,,,,
3515707,SP,Ferraz de Vasconcelos,nao_verificado,,,,
3515806,SP,Flora Rica,nao_verificado,,,,
3515905,SP,Floreal,nao_verificado,,,,
3516101,SP,Florínia,nao_verificado,,,,
3516002,SP,Flórida Paulista,nao_verificado,,,,
3516200,SP,Franca,nao_verificado,,,,
3516309,SP,Francisco Morato,nao_verificado,,,,
3516408,SP,Franco da Rocha,nao_verificado,,,,
3516507,SP,Gabriel Monteiro,nao_verificado,,,,
3516705,SP,Garça,nao_verificado,,,,
3516804,SP,Gastão Vidigal,nao_verificado,,,,
3516853,SP,Gavião Peixoto,nao_verificado,,,,
3516903,SP,General Salgado,nao_verificado,,,,
3517000,SP,Getulina,nao_verificado,,,,
3517109,SP,Glicério,nao_verificado,,,,
3517307,SP,Guaimbê,nao_verificado,,,,
3517208,SP,Guaiçara,nao_verificado,,,,
3517604,SP,Guapiara,nao_verificado,,,,
3517505,SP,Guapiaçu,nao_verificado,,,,
3517901,SP,Guaraci,nao_verificado,,,,
3518008,SP,Guarani d'Oeste,nao_verificado,,,,
3518107,SP,Guarantã,nao_verificado,,,,
3518206,SP,Guararapes,nao_verificado,,,,
3518305,SP,Guararema,nao_verificado,,,,
3518404,SP,Guaratinguetá,nao_verificado,,,,
3517802,SP,Guaraçaí,nao_verificado,,,,
3518503,SP,Guareí,nao_verificado,,,,
3518602,SP,Guariba,nao_verificado,,,,
3518701,SP,Guarujá,nao_verificado,,plano,,
3518800,SP,Guarulhos,nao_verificado,,plano,,
3517703,SP,Guará,nao_verificado,,,,
3518859,SP,Guatapará,nao_verificado,,,,
3517406,SP,Guaíra,nao_verificado,,,,
3518909,SP,Guzolândia,nao_verificado,,,,
3516606,SP,Gália,nao_verificado,,,,
3519006,SP,Herculândia,nao_verificado,,,,
3519055,SP,Holambra,nao_verificado,,,,
3519071,SP,Hortolândia,nao_verificado,,,,
3519105,SP,Iacanga,nao_verificado,,,,
3519204,SP,Iacri,nao_verificado,,,,
3519253,SP,Iaras,nao_verificado,,,,
3519303,SP,Ibaté,nao_verificado,,,,
3519501,SP,Ibirarema,nao_verificado,,,,
3519402,SP,Ibirá,nao_verificado,,,,
3519600,SP,Ibitinga,nao_verificado,,,,
3519709,SP,Ibiúna,nao_verificado,,,,
3519808,SP,Icém,nao_verificado,,,,
3519907,SP,Iepê,nao_verificado,,,,
3520103,SP,Igarapava,nao_verificado,,,,
3520202,SP,Igaratá,nao_verificado,,,,
3520004,SP,Igaraçu do Tietê,nao_verificado,,,,
3520301,SP,Iguape,nao_verificado,,,,
3520426,SP,Ilha Comprida,nao_verificado,,,,
3520442,SP,Ilha Solteira,nao_verificado,,,,
3520400,SP,Ilhabela,nao_verificado,,,,
3520509,SP,Indaiatuba,nao_verificado,,,,
3520608,SP,Indiana,nao_verificado,,,,
3520707,SP,Indiaporã,nao_verificado,,,,
3520806,SP,Inúbia Paulista,nao_verificado,,,,
3520905,SP,Ipaussu,nao_verificado,,,,
3521002,SP,Iperó,nao_verificado,,,,
3521101,SP,Ipeúna,nao_verificado,,,,
3521150,SP,Ipiguá,nao_verificado,,,,
3521200,SP,Iporanga,nao_verificado,,,,
3521309,SP,Ipuã,nao_verificado,,,,
3521408,SP,Iracemápolis,nao_verificado,,,,
3521606,SP,Irapuru,nao_verificado,,,,
3521507,SP,Irapuã,nao_verificado,,,,
3521705,SP,Itaberá,nao_verificado,,,,
3521903,SP,Itajobi,nao_verificado,,,,
3522000,SP,Itaju,nao_verificado,,,,
3522109,SP,Itanhaém,nao_verificado,,,,
3522208,SP,Itapecerica da Serra,nao_verificado,,,,
3522307,SP,Itapetininga,nao_verificado,,,,
3522406,SP,Itapeva,nao_verificado,,,,
3522505,SP,Itapevi,nao_verificado,,,,
3522604,SP,Itapira,nao_verificado,,,,
3522653,SP,Itapirapuã Paulista,nao_verificado,,,,
3522802,SP,Itaporanga,nao_verificado,,,,
3523008,SP,Itapura,nao_verificado,,,,
3522901,SP,Itapuí,nao_verificado,,,,
3523107,SP,Itaquaquecetuba,nao_verificado,,,,
3523206,SP,Itararé,nao_verificado,,,,
3523305,SP,Itariri,nao_verificado,,,,
3523404,SP,Itatiba,nao_verificado,,,,
3523503,SP,Itatinga,nao_verificado,,,,
3521804,SP,Itaí,nao_verificado,,,,
3522158,SP,Itaóca,nao_verificado,,,,
3523602,SP,Itirapina,nao_verificado,,,,
3523701,SP,Itirapuã,nao_verificado,,,,
3523800,SP,Itobi,nao_verificado,,,,
3523909,SP,Itu,nao_verificado,,,,
3524006,SP,Itupeva,nao_verificado,,,,
3524105,SP,Ituverava,nao_verificado,,,,
3522703,SP,Itápolis,nao_verificado,,,,
3524204,SP,Jaborandi,nao_verificado,,,,
3524303,SP,Jaboticabal,nao_verificado,,,,
3524402,SP,Jacareí,nao_verificado,,plano,,
3524501,SP,Jaci,nao_verificado,,,,
3524600,SP,Jacupiranga,nao_verificado,,,,
3524709,SP,Jaguariúna,nao_verificado,,,,
3524808,SP,Jales,nao_verificado,,,,
3524907,SP,Jambeiro,nao_verificado,,,,
3525003,SP,Jandira,nao_verificado,,,,
3525102,SP,Jardinópolis,nao_verificado,,,,
3525201,SP,Jarinu,nao_verificado,,,,
3525300,SP,Jaú,nao_verificado,,,,
3525409,SP,Jeriquara,nao_verificado,,,,
3525508,SP,Joanópolis,nao_verificado,,,,
3525706,SP,José Bonifácio,nao_verificado,,,,
3525607,SP,João Ramalho,nao_verificado,,,,
3525854,SP,Jumirim,nao_verificado,,,,
3525904,SP,Jundiaí,nao_verificado,,,,
3526001,SP,Junqueirópolis,nao_verificado,,,,
3526209,SP,Juquitiba,nao_verificado,,,,
3526100,SP,Juquiá,nao_verificado,,,,
3525805,SP,Júlio Mesquita,nao_verificado,,,,
3526308,SP,Lagoinha,nao_verificado,,,,
3526407,SP,Laranjal Paulista,nao_verificado,,,,
3526605,SP,Lavrinhas,nao_verificado,,,,
3526506,SP,Lavínia,nao_verificado,,,,
3526704,SP,Leme,nao_verificado,,,,
3526803,SP,Lençóis Paulista,nao_verificado,,,,
3526902,SP,Limeira,nao_verificado,,,,
3527009,SP,Lindóia,nao_verificado,,,,
3527108,SP,Lins,nao_verificado,,,,
3527207,SP,Lorena,nao_verificado,,,,
3527256,SP,Lourdes,nao_verificado,,,,
3527306,SP,Louveira,nao_verificado,,,,
3527504,SP,Lucianópolis,nao_verificado,,,,
3527405,SP,Lucélia,nao_verificado,,,,
3527702,SP,Luiziânia,nao_verificado,,,,
3527801,SP,Lupércio,nao_verificado,,,,
3527900,SP,Lutécia,nao_verificado,,,,
3527603,SP,Luís Antônio,nao_verificado,,,,
3528007,SP,Macatuba,nao_verificado,,,,
3528106,SP,Macaubal,nao_verificado,,,,
3528205,SP,Macedônia,nao_verificado,,,,
3528304,SP,Magda,nao_verificado,,,,
3528403,SP,Mairinque,nao_verificado,,,,
3528502,SP,Mairiporã,nao_verificado,,,,
3528601,SP,Manduri,nao_verificado,,,,
3528700,SP,Marabá Paulista,nao_verificado,,,,
3528809,SP,Maracaí,nao_verificado,,,,
3528858,SP,Marapoama,nao_verificado,,,,
3529104,SP,Marinópolis,nao_verificado,,,,
3528908,SP,Mariápolis,nao_verificado,,,,
3529203,SP,Martinópolis,nao_verificado,,,,
3529005,SP,Marília,nao_verificado,,,,
3529302,SP,Matão,nao_verificado,,,,
3529401,SP,Mauá,nao_verificado,,plano,,
3529500,SP,Mendonça,nao_verificado,,,,
3529609,SP,Meridiano,nao_verificado,,,,
3529658,SP,Mesópolis,nao_verificado,,,,
3529708,SP,Miguelópolis,nao_verificado,,,,
3529807,SP,Mineiros do Tietê,nao_verificado,,,,
3530003,SP,Mira Estrela,nao_verificado,,,,
3529906,SP,Miracatu,nao_verificado,,,,
3530102,SP,Mirandópolis,nao_verificado,,,,
3530201,SP,Mirante do Paranapanema,nao_verificado,,,,
3530300,SP,Mirassol,nao_verificado,,,,
3530409,SP,Mirassolândia,nao_verificado,,,,
3530508,SP,Mococa,nao_verificado,,,,
3530706,SP,Mogi Guaçu,nao_verificado,,,,
3530805,SP,Mogi Mirim,nao_verificado,,,,
3530607,SP,Mogi das Cruzes,nao_verificado,,,,
3530904,SP,Mombuca,nao_verificado,,,,
3531100,SP,Mongaguá,nao_verificado,,,,
3531209,SP,Monte Alegre do Sul,nao_verificado,,,,
3531308,SP,Monte Alto,nao_verificado,,,,
3531407,SP,Monte Aprazível,nao_verificado,,,,
3531506,SP,Monte Azul Paulista,nao_verificado,,,,
3531605,SP,Monte Castelo,nao_verificado,,,,
3531803,SP,Monte Mor,nao_verificado,,,,
3531704,SP,Monteiro Lobato,nao_verificado,,,,
3531001,SP,Monções,nao_verificado,,,,
3531902,SP,Morro Agudo,nao_verificado,,,,
3532009,SP,Morungaba,nao_verificado,,,,
3532058,SP,Motuca,nao_verificado,,,,
3532108,SP,Murutinga do Sul,nao_verificado,,,,
3532157,SP,Nantes,nao_verificado,,,,
3532207,SP,Narandiba,nao_verificado,,,,
3532306,SP,Natividade da Serra,nao_verificado,,,,
3532405,SP,Nazaré Paulista,nao_verificado,,,,
3532504,SP,Neves Paulista,nao_verificado,,,,
3532603,SP,Nhandeara,nao_verificado,,,,
3532702,SP,Nipoã,nao_verificado,,,,
3532801,SP,Nova Aliança,nao_verificado,,,,
3532827,SP,Nova Campina,nao_verificado,,,,
3532843,SP,Nova Canaã Paulista,nao_verificado,,,,
3532868,SP,Nova Castilho,nao_verificado,,,,
3532900,SP,Nova Europa,nao_verificado,,,,
3533007,SP,Nova Granada,nao_verificado,,,,
3533106,SP,Nova Guataporanga,nao_verificado,,,,
3533205,SP,Nova Independência,nao_verificado,,,,
3533304,SP,Nova Luzitânia,nao_verificado,,,,
3533403,SP,Nova Odessa,nao_verificado,,,,
3533254,SP,Novais,nao_verificado,,,,
3533502,SP,Novo Horizonte,nao_verificado,,,,
3533601,SP,Nuporanga,nao_verificado,,,,
3533700,SP,Ocauçu,nao_verificado,,,,
3533908,SP,Olímpia,nao_verificado,,,,
3534005,SP,Onda Verde,nao_verificado,,,,
3534104,SP,Oriente,nao_verificado,,,,
3534203,SP,Orindiúva,nao_verificado,,,,
3534302,SP,Orlândia,nao_verificado,,,,
3534401,SP,Osasco,nao_verificado,,,,
3534500,SP,Oscar Bressane,nao_verificado,,,,
3534609,SP,Osvaldo Cruz,nao_verificado,,,,
3534708,SP,Ourinhos,nao_verificado,,,,
3534807,SP,Ouro Verde,nao_verificado,,,,
3534757,SP,Ouroeste,nao_verificado,,,,
3534906,SP,Pacaembu,nao_verificado,,,,
3535002,SP,Palestina,nao_verificado,,,,
3535101,SP,Palmares Paulista,nao_verificado,,,,
3535200,SP,Palmeira d'Oeste,nao_verificado,,,,
3535309,SP,Palmital,nao_verificado,,,,
3535408,SP,Panorama,nao_verificado,,,,
3535507,SP,Paraguaçu Paulista,nao_verificado,,,,
3535606,SP,Paraibuna,nao_verificado,,,,
3535804,SP,Paranapanema,nao_verificado,,,,
3535903,SP,Paranapuã,nao_verificado,,,,
3536000,SP,Parapuã,nao_verificado,,,,
3535705,SP,Paraíso,nao_verificado,,,,
3536109,SP,Pardinho,nao_verificado,,,,
3536208,SP,Pariquera-Açu,nao_verificado,,,,
3536257,SP,Parisi,nao_verificado,,,,
3536307,SP,Patrocínio Paulista,nao_verificado,,,,
3536406,SP,Paulicéia,nao_verificado,,,,
3536570,SP,Paulistânia,nao_verificado,,,,
3536604,SP,Paulo de Faria,nao_verificado,,,,
3536505,SP,Paulínia,nao_verificado,,,,
3536703,SP,Pederneiras,nao_verificado,,,,
3536802,SP,Pedra Bela,nao_verificado,,,,
3536901,SP,Pedranópolis,nao_verificado,,,,
3537008,SP,Pedregulho,nao_verificado,,,,
3537107,SP,Pedreira,nao_verificado,,,,
3537156,SP,Pedrinhas Paulista,nao_verificado,,,,
3537206,SP,Pedro de Toledo,nao_verificado,,,,
3537305,SP,Penápolis,nao_verificado,,,,
3537404,SP,Pereira Barreto,nao_verificado,,,,
3537503,SP,Pereiras,nao_verificado,,,,
3537602,SP,Peruíbe,nao_verificado,,,,
3537701,SP,Piacatu,nao_verificado,,,,
3537800,SP,Piedade,nao_verificado,,,,
3537909,SP,Pilar do Sul,nao_verificado,,,,
3538006,SP,Pindamonhangaba,nao_verificado,,,,
3538105,SP,Pindorama,nao_verificado,,,,
3538204,SP,Pinhalzinho,nao_verificado,,,,
3538303,SP,Piquerobi,nao_verificado,,,,
3538501,SP,Piquete,nao_verificado,,,,
3538600,SP,Piracaia,nao_verificado,,,,
3538709,SP,Piracicaba,nao_verificado,,,,
3538808,SP,Piraju,nao_verificado,,,,
3538907,SP,Pirajuí,nao_verificado,,,,
3539004,SP,Pirangi,nao_verificado,,,,
3539103,SP,Pirapora do Bom Jesus,nao_verificado,,,,
3539202,SP,Pirapozinho,nao_verificado,,,,
3539301,SP,Pirassununga,nao_verificado,,,,
3539400,SP,Piratininga,nao_verificado,,,,
3539509,SP,Pitangueiras,nao_verificado,,,,
3539608,SP,Planalto,nao_verificado,,,,
3539707,SP,Platina,nao_verificado,,,,
3539905,SP,Poloni,nao_verificado,,,,
3540002,SP,Pompéia,nao_verificado,,,,
3540101,SP,Pongaí,nao_verificado,,,,
3540200,SP,Pontal,nao_verificado,,,,
3540259,SP,Pontalinda,nao_verificado,,,,
3540309,SP,Pontes Gestal,nao_verificado,,,,
3540408,SP,Populina,nao_verificado,,,,
3540507,SP,Porangaba,nao_verificado,,,,
3540606,SP,Porto Feliz,nao_verificado,,,,
3540705,SP,Porto Ferreira,nao_verificado,,,,
3540754,SP,Potim,nao_verificado,,,,
3540804,SP,Potirendaba,nao_verificado,,,,
3539806,SP,Poá,nao_verificado,,,,
3540853,SP,Pracinha,nao_verificado,,,,
3540903,SP,Pradópolis,nao_verificado,,,,
3541000,SP,Praia Grande,nao_verificado,,,,
3541059,SP,Pratânia,nao_verificado,,,,
3541109,SP,Presidente Alves,nao_verificado,,,,
3541208,SP,Presidente Bernardes,nao_verificado,,,,
3541307,SP,Presidente Epitácio,nao_verificado,,,,
3541406,SP,Presidente Prudente,nao_verificado,,,,
3541505,SP,Presidente Venceslau,nao_verificado,,,,
3541604,SP,Promissão,nao_verificado,,,,
3541653,SP,Quadra,nao_verificado,,,,
3541703,SP,Quatá,nao_verificado,,,,
3541802,SP,Queiroz,nao_verificado,,,,
3541901,SP,Queluz,nao_verificado,,,,
3542008,SP,Quintana,nao_verificado,,,,
3542107,SP,Rafard,nao_verificado,,,,
3542206,SP,Rancharia,nao_verificado,,,,
3542305,SP,Redenção da Serra,nao_verificado,,,,
3542404,SP,Regente Feijó,nao_verificado,,,,
3542503,SP,Reginópolis,nao_verificado,,,,
3542602,SP,Registro,nao_verificado,,,,
3542701,SP,Restinga,nao_verificado,,,,
3542800,SP,Ribeira,nao_verificado,,,,
3542909,SP,Ribeirão Bonito,nao_verificado,,,,
3543006,SP,Ribeirão Branco,nao_verificado,,,,
3543105,SP,Ribeirão Corrente,nao_verificado,,,,
3543253,SP,Ribeirão Grande,nao_verificado,,,,
3543303,SP,Ribeirão Pires,nao_verificado,,,,
3543402,SP,Ribeirão Preto,nao_verificado,,,,
3543204,SP,Ribeirão do Sul,nao_verificado,,,,
3543238,SP,Ribeirão dos Índios,nao_verificado,,,,
3543600,SP,Rifaina,nao_verificado,,,,
3543709,SP,Rincão,nao_verificado,,,,
3543808,SP,Rinópolis,nao_verificado,,,,
3543907,SP,Rio Claro,nao_verificado,,,,
3544103,SP,Rio Grande da Serra,nao_verificado,,,,
3544004,SP,Rio das Pedras,nao_verificado,,,,
3544202,SP,Riolândia,nao_verificado,,,,
3543501,SP,Riversul,nao_verificado,,,,
3544251,SP,Rosana,nao_verificado,,,,
3544301,SP,Roseira,nao_verificado,,,,
3544509,SP,Rubinéia,nao_verificado,,,,
3544400,SP,Rubiácea,nao_verificado,,,,
3544608,SP,Sabino,nao_verificado,,,,
3544707,SP,Sagres,nao_verificado,,,,
3544806,SP,Sales,nao_verificado,,,,
3544905,SP,Sales Oliveira,nao_verificado,,,,
3545001,SP,Salesópolis,nao_verificado,,,,
3545100,SP,Salmourão,nao_verificado,,,,
3545159,SP,Saltinho,nao_verificado,,,,
3545209,SP,Salto,nao_verificado,,,,
3545407,SP,Salto Grande,nao_verificado,,,,
3545308,SP,Salto de Pirapora,nao_verificado,,,,
3545506,SP,Sandovalina,nao_verificado,,,,
3545605,SP,Santa Adélia,nao_verificado,,,,
3545704,SP,Santa Albertina,nao_verificado,,,,
3546009,SP,Santa Branca,nao_verificado,,,,
3545803,SP,Santa Bárbara d'Oeste,nao_verificado,,,,
3546108,SP,Santa Clara d'Oeste,nao_verificado,,,,
3546207,SP,Santa Cruz da Conceição,nao_verificado,,,,
3546256,SP,Santa Cruz da Esperança,nao_verificado,,,,
3546306,SP,Santa Cruz das Palmeiras,nao_verificado,,,,
3546405,SP,Santa Cruz do Rio Pardo,nao_verificado,,,,
3546504,SP,Santa Ernestina,nao_verificado,,,,
3546603,SP,Santa Fé do Sul,nao_verificado,,,,
3546702,SP,Santa Gertrudes,nao_verificado,,,,
3546801,SP,Santa Isabel,nao_verificado,,,,
3546900,SP,Santa Lúcia,nao_verificado,,,,
3547007,SP,Santa Maria da Serra,nao_verificado,,,,
3547106,SP,Santa Mercedes,nao_verificado,,,,
3547403,SP,Santa Rita d'Oeste,nao_verificado,,,,
3547502,SP,Santa Rita do Passa Quatro,nao_verificado,,,,
3547601,SP,Santa Rosa de Viterbo,nao_verificado,,,,
3547650,SP,Santa Salete,nao_verificado,,,,
3547205,SP,Santana da Ponte Pensa,nao_verificado,,,,
3547304,SP,Santana de Parnaíba,nao_verificado,,,,
3547700,SP,Santo Anastácio,nao_verificado,,,,
3547809,SP,Santo André,nao_verificado,,,,
3547908,SP,Santo Antônio da Alegria,nao_verificado,,,,
3548005,SP,Santo Antônio de Posse,nao_verificado,,,,
3548054,SP,Santo Antônio do Aracanguá,nao_verificado,,,,
3548104,SP,Santo Antônio do Jardim,nao_verificado,,,,
3548203,SP,Santo Antônio do Pinhal,nao_verificado,,,,
3548302,SP,Santo Expedito,nao_verificado,,,,
3548500,SP,Santos,nao_verificado,,,,
3548401,SP,Santópolis do Aguapeí,nao_verificado,,,,
3551108,SP,Sarapuí,nao_verificado,,,,
3551207,SP,Sarutaiá,nao_verificado,,,,
3551306,SP,Sebastianópolis do Sul,nao_verificado,,,,
3551405,SP,Serra Azul,nao_verificado,,,,
3551603,SP,Serra Negra,nao_verificado,,,,
3551504,SP,Serrana,nao_verificado,,,,
3551702,SP,Sertãozinho,nao_verificado,,,,
3551801,SP,Sete Barras,nao_verificado,,,,
3551900,SP,Severínia,nao_verificado,,,,
3552007,SP,Silveiras,nao_verificado,,,,
3552106,SP,Socorro,nao_verificado,,,,
3552205,SP,Sorocaba,nao_verificado,,,,
3552304,SP,Sud Mennucci,nao_verificado,,,,
3552403,SP,Sumaré,nao_verificado,,,,
3552502,SP,Suzano,nao_verificado,,,,
3552551,SP,Suzanápolis,nao_verificado,,,,
3548609,SP,São Bento do Sapucaí,nao_verificado,,,,
3548708,SP,São Bernardo do Campo,nao_verificado,,plano,,
3548807,SP,São Caetano do Sul,nao_verificado,,,,
3548906,SP,São Carlos,nao_verificado,,,,
3549003,SP,São Francisco,nao_verificado,,,,
3549409,SP,São Joaquim da Barra,nao_verificado,,,,
3549508,SP,São José da Bela Vista,nao_verificado,,,,
3549607,SP,São José do Barreiro,nao_verificado,,,,
3549706,SP,São José do Rio Pardo,nao_verificado,,,,
3549805,SP,São José do Rio Preto,nao_verificado,,,,
3549904,SP,São José dos Campos,nao_verificado,,,,
3549102,SP,São João da Boa Vista,nao_verificado,,,,
3549201,SP,São João das Duas Pontes,nao_verificado,,,,
3549250,SP,São João de Iracema,nao_verificado,,,,
3549300,SP,São João do Pau d'Alho,nao_verificado,,,,
3549953,SP,São Lourenço da Serra,nao_verificado,,,,
3550001,SP,São Luiz do Paraitinga,nao_verificado,,,,
3550100,SP,São Manuel,nao_verificado,,,,
3550209,SP,São Miguel Arcanjo,nao_verificado,,,,
3550308,SP,São Paulo,nao_verificado,,plano,,
3550407,SP,São Pedro,nao_verificado,,,,
3550506,SP,São Pedro do Turvo,nao_verificado,,,,
3550605,SP,São Roque,nao_verificado,,,,
3550704,SP,São Sebastião,nao_verificado,,,,
3550803,SP,São Sebastião da Grama,nao_verificado,,,,
3550902,SP,São Simão,nao_verificado,,,,
3551009,SP,São Vicente,nao_verificado,,,,
3552601,SP,Tabapuã,nao_verificado,,,,
3552700,SP,Tabatinga,nao_verificado,,,,
3552809,SP,Taboão da Serra,nao_verificado,,,,
3552908,SP,Taciba,nao_verificado,,,,
3553005,SP,Taguaí,nao_verificado,,,,
3553104,SP,Taiaçu,nao_verificado,,,,
3553203,SP,Taiúva,nao_verificado,,,,
3553302,SP,Tambaú,nao_verificado,,,,
3553401,SP,Tanabi,nao_verificado,,,,
3553609,SP,Tapiratiba,nao_verificado,,,,
3553500,SP,Tapiraí,nao_verificado,,,,
3553658,SP,Taquaral,nao_verificado,,,,
3553708,SP,Taquaritinga,nao_verificado,,,,
3553807,SP,Taquarituba,nao_verificado,,,,
3553856,SP,Taquarivaí,nao_verificado,,,,
3553906,SP,Tarabai,nao_verificado,,,,
3553955,SP,Tarumã,nao_verificado,,,,
3554003,SP,Tatuí,nao_verificado,,,,
3554102,SP,Taubaté,nao_verificado,,,,
3554201,SP,Tejupá,nao_verificado,,,,
3554300,SP,Teodoro Sampaio,nao_verificado,,,,
3554409,SP,Terra Roxa,nao_verificado,,,,
3554508,SP,Tietê,nao_verificado,,,,
3554607,SP,Timburi,nao_verificado,,,,
3554656,SP,Torre de Pedra,nao_verificado,,,,
3554706,SP,Torrinha,nao_verificado,,,,
3554755,SP,Trabiju,nao_verificado,,,,
3554805,SP,Tremembé,nao_verificado,,,,
3554904,SP,Três Fronteiras,nao_verificado,,,,
3554953,SP,Tuiuti,nao_verificado,,,,
3555109,SP,Tupi Paulista,nao_verificado,,,,
3555000,SP,Tupã,nao_verificado,,,,
3555208,SP,Turiúba,nao_verificado,,,,
3555307,SP,Turmalina,nao_verificado,,,,
3555356,SP,Ubarana,nao_verificado,,,,
3555406,SP,Ubatuba,nao_verificado,,,,
3555505,SP,Ubirajara,nao_verificado,,,,
3555604,SP,Uchoa,nao_verificado,,,,
3555703,SP,União Paulista,nao_verificado,,,,
3555901,SP,Uru,nao_verificado,,,,
3556008,SP,Urupês,nao_verificado,,,,
3555802,SP,Urânia,nao_verificado,,,,
3556107,SP,Valentim Gentil,nao_verificado,,,,
3556206,SP,Valinhos,nao_verificado,,,,
3556305,SP,Valparaíso,nao_verificado,,,,
3556354,SP,Vargem,nao_verificado,,,,
3556453,SP,Vargem Grande Paulista,nao_verificado,,,,
3556404,SP,Vargem Grande do Sul,nao_verificado,,,,
3556602,SP,Vera Cruz,nao_verificado,,,,
3556701,SP,Vinhedo,nao_verificado,,,,
3556800,SP,Viradouro,nao_verificado,,,,
3556909,SP,Vista Alegre do Alto,nao_verificado,,,,
3556958,SP,Vitória Brasil,nao_verificado,,,,
3557006,SP,Votorantim,nao_verificado,,,,
3557105,SP,Votuporanga,nao_verificado,,,,
3556503,SP,Várzea Paulista,nao_verificado,,,,
3557154,SP,Zacarias,nao_verificado,,,,
3500402,SP,Águas da Prata,nao_verificado,,,,
3500501,SP,Águas de Lindóia,nao_verificado,,,,
3500550,SP,Águas de Santa Bárbara,nao_verificado,,,,
3500600,SP,Águas de São Pedro,nao_verificado,,,,
3501202,SP,Álvares Florence,nao_verificado,,,,
3501301,SP,Álvares Machado,nao_verificado,,,,
3501400,SP,Álvaro de Carvalho,nao_verificado,,,,
3533809,SP,Óleo,nao_verificado,,,,
1700251,TO,Abreulândia,nao_verificado,,,,
1700301,TO,Aguiarnópolis,nao_verificado,,,,
1700350,TO,Aliança do Tocantins,nao_verificado,,,,
1700400,TO,Almas,nao_verificado,,,,
1700707,TO,Alvorada,nao_verificado,,,,
1701002,TO,Ananás,nao_verificado,,,,
1701051,TO,Angico,nao_verificado,,,,
1701101,TO,Aparecida do Rio Negro,nao_verificado,,,,
1701309,TO,Aragominas,nao_verificado,,,,
1701903,TO,Araguacema,nao_verificado,,,,
1702158,TO,Araguanã,nao_verificado,,,,
1702208,TO,Araguatins,nao_verificado,,,,
1702000,TO,Araguaçu,nao_verificado,,,,
1702109,TO,Araguaína,nao_verificado,,,,
1702307,TO,Arapoema,nao_verificado,,,,
1702406,TO,Arraias,nao_verificado,,,,
1702554,TO,Augustinópolis,nao_verificado,,,,
1702703,TO,Aurora do Tocantins,nao_verificado,,,,
1702901,TO,Axixá do Tocantins,nao_verificado,,,,
1703008,TO,Babaçulândia,nao_verificado,,,,
1703057,TO,Bandeirantes do Tocantins,nao_verificado,,,,
1703073,TO,Barra do Ouro,nao_verificado,,,,
1703107,TO,Barrolândia,nao_verificado,,,,
1703206,TO,Bernardo Sayão,nao_verificado,,,,
1703305,TO,Bom Jesus do Tocantins,nao_verificado,,,,
1703602,TO,Brasilândia do Tocantins,nao_verificado,,,,
1703701,TO,Brejinho de Nazaré,nao_verificado,,,,
1703800,TO,Buriti do Tocantins,nao_verificado,,,,
1703826,TO,Cachoeirinha,nao_verificado,,,,
1703842,TO,Campos Lindos,nao_verificado,,,,
1703867,TO,Cariri do Tocantins,nao_verificado,,,,
1703883,TO,Carmolândia,nao_verificado,,,,
1703891,TO,Carrasco Bonito,nao_verificado,,,,
1703909,TO,Caseara,nao_verificado,,,,
1704105,TO,Centenário,nao_verificado,,,,
1705102,TO,Chapada da Natividade,nao_verificado,,,,
1704600,TO,Chapada de Areia,nao_verificado,,,,
1705508,TO,Colinas do Tocantins,nao_verificado,,,,
1716703,TO,Colméia,nao_verificado,,,,
1705557,TO,Combinado,nao_verificado,,,,
1705607,TO,Conceição do Tocantins,nao_verificado,,,,
1706001,TO,Couto Magalhães,nao_verificado,,,,
1706100,TO,Cristalândia,nao_verificado,,,,
1706258,TO,Crixás do Tocantins,nao_verificado,,,,
1706506,TO,Darcinópolis,nao_verificado,,,,
1707009,TO,Dianópolis,nao_verificado,,,,
1707108,TO,Divinópolis do Tocantins,nao_verificado,,,,
1707207,TO,Dois Irmãos do Tocantins,nao_verificado,,,,
1707306,TO,Dueré,nao_verificado,,,,
1707405,TO,Esperantina,nao_verificado,,,,
1707652,TO,Figueirópolis,nao_verificado,,,,
1707702,TO,Filadélfia,nao_verificado,,,,
1708205,TO,Formoso do Araguaia,nao_verificado,,,,
1708254,TO,Fortaleza do Tabocão,nao_verificado,,,,
1707553,TO,Fátima,nao_verificado,,,,
1708304,TO,Goianorte,nao_verificado,,,,
1709005,TO,Goiatins,nao_verificado,,,,
1709302,TO,Guaraí,nao_verificado,,,,
1709500,TO,Gurupi,nao_verificado,,,,
1709807,TO,Ipueiras,nao_verificado,,,,
1710508,TO,Itacajá,nao_verificado,,,,
1710706,TO,Itaguatins,nao_verificado,,,,
1710904,TO,Itapiratins,nao_verificado,,,,
1711100,TO,Itaporã do Tocantins,nao_verificado,,,,
1711506,TO,Jaú do Tocantins,nao_verificado,,,,
1711803,TO,Juarina,nao_verificado,,,,
1711902,TO,Lagoa da Confusão,nao_verificado,,,,
1711951,TO,Lagoa do Tocantins,nao_verificado,,,,
1712009,TO,Lajeado,nao_verificado,,,,
1712157,TO,Lavandeira,nao_verificado,,,,
1712405,TO,Lizarda,nao_verificado,,,,
1712454,TO,Luzinópolis,nao_verificado,,,,
1712504,TO,Marianópolis do Tocantins,nao_verificado,,,,
1712702,TO,Mateiros,nao_verificado,,,,
1712801,TO,Maurilândia do Tocantins,nao_verificado,,,,
1713205,TO,Miracema do Tocantins,nao_verificado,,,,
1713304,TO,Miranorte,nao_verificado,,,,
1713700,TO,Monte Santo do Tocantins,nao_verificado,,,,
1713601,TO,Monte do Carmo,nao_verificado,,,,
1713957,TO,Muricilândia,nao_verificado,,,,
1714203,TO,Natividade,nao_verificado,,,,
1714302,TO,Nazaré,nao_verificado,,,,
1714880,TO,Nova Olinda,nao_verificado,,,,
1715002,TO,Nova Rosalândia,nao_verificado,,,,
1715101,TO,Novo Acordo,nao_verificado,,,,
1715150,TO,Novo Alegre,nao_verificado,,,,
1715259,TO,Novo Jardim,nao_verificado,,,,
1715507,TO,Oliveira de Fátima,nao_verificado,,,,
1721000,TO,Palmas,nao_verificado,,plano,,
1715705,TO,Palmeirante,nao_verificado,,,,
1713809,TO,Palmeiras do Tocantins,nao_verificado,,,,
1715754,TO,Palmeirópolis,nao_verificado,,,,
1716208,TO,Paranã,nao_verificado,,,,
1716109,TO,Paraíso do Tocantins,nao_verificado,,,,
1716307,TO,Pau D'Arco,nao_verificado,,,,
1716505,TO,Pedro Afonso,nao_verificado,,,,
1716604,TO,Peixe,nao_verificado,,,,
1716653,TO,Pequizeiro,nao_verificado,,,,
1717008,TO,Pindorama do Tocantins,nao_verificado,,,,
1717206,TO,Piraquê,nao_verificado,,,,
1717503,TO,Pium,nao_verificado,,,,
1717800,TO,Ponte Alta do Bom Jesus,nao_verificado,,,,
1717909,TO,Ponte Alta do Tocantins,nao_verificado,,,,
1718006,TO,Porto Alegre do Tocantins,nao_verificado,,,,
1718204,TO,Porto Nacional,nao_verificado,,,,
1718303,TO,Praia Norte,nao_verificado,,,,
1718402,TO,Presidente Kennedy,nao_verificado,,,,
1718451,TO,Pugmil,nao_verificado,,,,
1718501,TO,Recursolândia,nao_verificado,,,,
1718550,TO,Riachinho,nao_verificado,,,,
1718758,TO,Rio Sono,nao_verificado,,,,
1718659,TO,Rio da Conceição,nao_verificado,,,,
1718709,TO,Rio dos Bois,nao_verificado,,,,
1718808,TO,Sampaio,nao_verificado,,,,
1718840,TO,Sandolândia,nao_verificado,,,,
1718865,TO,Santa Fé do Araguaia,nao_verificado,,,,
1718881,TO,Santa Maria do Tocantins,nao_verificado,,,,
1718899,TO,Santa Rita do Tocantins,nao_verificado,,,,
1718907,TO,Santa Rosa do Tocantins,nao_verificado,,,,
1719004,TO,Santa Tereza do Tocantins,nao_verificado,,,,
1720002,TO,Santa Terezinha do Tocantins,nao_verificado,,,,
1720655,TO,Silvanópolis,nao_verificado,,,,
1720853,TO,Sucupira,nao_verificado,,,,
1720101,TO,São Bento do Tocantins,nao_verificado,,,,
1720150,TO,São Félix do Tocantins,nao_verificado,,,,
1720200,TO,São Miguel do Tocantins,nao_verificado,,,,
1720259,TO,São Salvador do Tocantins,nao_verificado,,,,
1720309,TO,São Sebastião do Tocantins,nao_verificado,,,,
1720499,TO,São Valério,nao_verificado,,,,
1720804,TO,Sítio Novo do Tocantins,nao_verificado,,,,
1720903,TO,Taguatinga,nao_verificado,,,,
1720937,TO,Taipas do Tocantins,nao_verificado,,,,
1720978,TO,Talismã,nao_verificado,,,,
1721208,TO,Tocantinópolis,nao_verificado,,,,
1721109,TO,Tocantínia,nao_verificado,,,,
1721257,TO,Tupirama,nao_verificado,,,,
1721307,TO,Tupiratins,nao_verificado,,,,
1722081,TO,Wanderlândia,nao_verificado,,,,
1722107,TO,Xambioá,nao_verificado,,,,
